Starting up http-server, serving .

http-server version: 14.1.1

http-server settings: 
CORS: disabled
Cache: -1 seconds
Connection Timeout: 120 seconds
Directory Listings: visible
AutoIndex: visible
Serve GZIP Files: false
Serve Brotli Files: false
Default File Extension: none

Available on:
  http://127.0.0.1:8080
  http://172.17.0.2:8080
Hit CTRL-C to stop the server

[2026-06-07T13:39:34.803Z]  "GET /examples/index.html" "Mozilla/5.0 (X11; Linux x86_64) AppleWebKit/537.36 (KHTML, like Gecko) Cypress/15.8.1 Chrome/138.0.7204.251 Electron/37.6.0 Safari/537.36"
(node:14380) [DEP0066] DeprecationWarning: OutgoingMessage.prototype._headers is deprecated
(Use `node --trace-deprecation ...` to show where the warning was created)
[2026-06-07T13:39:34.943Z]  "GET /examples/styles.css" "Mozilla/5.0 (X11; Linux x86_64) AppleWebKit/537.36 (KHTML, like Gecko) Cypress/15.8.1 Chrome/138.0.7204.251 Electron/37.6.0 Safari/537.36"
[2026-06-07T13:39:34.959Z]  "GET /examples/app-interactions.js" "Mozilla/5.0 (X11; Linux x86_64) AppleWebKit/537.36 (KHTML, like Gecko) Cypress/15.8.1 Chrome/138.0.7204.251 Electron/37.6.0 Safari/537.36"
[2026-06-07T13:39:34.965Z]  "GET /dist/audio-recorder-visualization.umd.js" "Mozilla/5.0 (X11; Linux x86_64) AppleWebKit/537.36 (KHTML, like Gecko) Cypress/15.8.1 Chrome/138.0.7204.251 Electron/37.6.0 Safari/537.36"
[2026-06-07T13:39:34.966Z]  "GET /examples/app-core.js" "Mozilla/5.0 (X11; Linux x86_64) AppleWebKit/537.36 (KHTML, like Gecko) Cypress/15.8.1 Chrome/138.0.7204.251 Electron/37.6.0 Safari/537.36"
[2026-06-07T13:39:34.968Z]  "GET /examples/app-features.js" "Mozilla/5.0 (X11; Linux x86_64) AppleWebKit/537.36 (KHTML, like Gecko) Cypress/15.8.1 Chrome/138.0.7204.251 Electron/37.6.0 Safari/537.36"
[2026-06-07T13:39:34.981Z]  "GET /examples/youtube-upload.js" "Mozilla/5.0 (X11; Linux x86_64) AppleWebKit/537.36 (KHTML, like Gecko) Cypress/15.8.1 Chrome/138.0.7204.251 Electron/37.6.0 Safari/537.36"
[2026-06-07T13:39:35.007Z]  "GET /examples/pipeline.js" "Mozilla/5.0 (X11; Linux x86_64) AppleWebKit/537.36 (KHTML, like Gecko) Cypress/15.8.1 Chrome/138.0.7204.251 Electron/37.6.0 Safari/537.36"
[2026-06-07T13:39:36.380Z]  "GET /examples/index.html" "Mozilla/5.0 (X11; Linux x86_64) AppleWebKit/537.36 (KHTML, like Gecko) Cypress/15.8.1 Chrome/138.0.7204.251 Electron/37.6.0 Safari/537.36"
[2026-06-07T13:39:36.410Z]  "GET /examples/styles.css" "Mozilla/5.0 (X11; Linux x86_64) AppleWebKit/537.36 (KHTML, like Gecko) Cypress/15.8.1 Chrome/138.0.7204.251 Electron/37.6.0 Safari/537.36"
[2026-06-07T13:39:36.413Z]  "GET /dist/audio-recorder-visualization.umd.js" "Mozilla/5.0 (X11; Linux x86_64) AppleWebKit/537.36 (KHTML, like Gecko) Cypress/15.8.1 Chrome/138.0.7204.251 Electron/37.6.0 Safari/537.36"
[2026-06-07T13:39:36.414Z]  "GET /examples/app-core.js" "Mozilla/5.0 (X11; Linux x86_64) AppleWebKit/537.36 (KHTML, like Gecko) Cypress/15.8.1 Chrome/138.0.7204.251 Electron/37.6.0 Safari/537.36"
[2026-06-07T13:39:36.416Z]  "GET /examples/app-features.js" "Mozilla/5.0 (X11; Linux x86_64) AppleWebKit/537.36 (KHTML, like Gecko) Cypress/15.8.1 Chrome/138.0.7204.251 Electron/37.6.0 Safari/537.36"
[2026-06-07T13:39:36.423Z]  "GET /examples/app-interactions.js" "Mozilla/5.0 (X11; Linux x86_64) AppleWebKit/537.36 (KHTML, like Gecko) Cypress/15.8.1 Chrome/138.0.7204.251 Electron/37.6.0 Safari/537.36"
[2026-06-07T13:39:36.424Z]  "GET /examples/youtube-upload.js" "Mozilla/5.0 (X11; Linux x86_64) AppleWebKit/537.36 (KHTML, like Gecko) Cypress/15.8.1 Chrome/138.0.7204.251 Electron/37.6.0 Safari/537.36"
[2026-06-07T13:39:36.470Z]  "GET /examples/pipeline.js" "Mozilla/5.0 (X11; Linux x86_64) AppleWebKit/537.36 (KHTML, like Gecko) Cypress/15.8.1 Chrome/138.0.7204.251 Electron/37.6.0 Safari/537.36"
[2026-06-07T13:39:37.321Z]  "GET /examples/index.html" "Mozilla/5.0 (X11; Linux x86_64) AppleWebKit/537.36 (KHTML, like Gecko) Cypress/15.8.1 Chrome/138.0.7204.251 Electron/37.6.0 Safari/537.36"
[2026-06-07T13:39:37.363Z]  "GET /examples/styles.css" "Mozilla/5.0 (X11; Linux x86_64) AppleWebKit/537.36 (KHTML, like Gecko) Cypress/15.8.1 Chrome/138.0.7204.251 Electron/37.6.0 Safari/537.36"
[2026-06-07T13:39:37.366Z]  "GET /dist/audio-recorder-visualization.umd.js" "Mozilla/5.0 (X11; Linux x86_64) AppleWebKit/537.36 (KHTML, like Gecko) Cypress/15.8.1 Chrome/138.0.7204.251 Electron/37.6.0 Safari/537.36"
[2026-06-07T13:39:37.367Z]  "GET /examples/app-core.js" "Mozilla/5.0 (X11; Linux x86_64) AppleWebKit/537.36 (KHTML, like Gecko) Cypress/15.8.1 Chrome/138.0.7204.251 Electron/37.6.0 Safari/537.36"
[2026-06-07T13:39:37.369Z]  "GET /examples/app-features.js" "Mozilla/5.0 (X11; Linux x86_64) AppleWebKit/537.36 (KHTML, like Gecko) Cypress/15.8.1 Chrome/138.0.7204.251 Electron/37.6.0 Safari/537.36"
[2026-06-07T13:39:37.370Z]  "GET /examples/app-interactions.js" "Mozilla/5.0 (X11; Linux x86_64) AppleWebKit/537.36 (KHTML, like Gecko) Cypress/15.8.1 Chrome/138.0.7204.251 Electron/37.6.0 Safari/537.36"
[2026-06-07T13:39:37.410Z]  "GET /examples/youtube-upload.js" "Mozilla/5.0 (X11; Linux x86_64) AppleWebKit/537.36 (KHTML, like Gecko) Cypress/15.8.1 Chrome/138.0.7204.251 Electron/37.6.0 Safari/537.36"
[2026-06-07T13:39:37.433Z]  "GET /examples/pipeline.js" "Mozilla/5.0 (X11; Linux x86_64) AppleWebKit/537.36 (KHTML, like Gecko) Cypress/15.8.1 Chrome/138.0.7204.251 Electron/37.6.0 Safari/537.36"
[2026-06-07T13:39:39.901Z]  "GET /examples/index.html" "Mozilla/5.0 (X11; Linux x86_64) AppleWebKit/537.36 (KHTML, like Gecko) Cypress/15.8.1 Chrome/138.0.7204.251 Electron/37.6.0 Safari/537.36"
[2026-06-07T13:39:39.963Z]  "GET /examples/styles.css" "Mozilla/5.0 (X11; Linux x86_64) AppleWebKit/537.36 (KHTML, like Gecko) Cypress/15.8.1 Chrome/138.0.7204.251 Electron/37.6.0 Safari/537.36"
[2026-06-07T13:39:39.964Z]  "GET /dist/audio-recorder-visualization.umd.js" "Mozilla/5.0 (X11; Linux x86_64) AppleWebKit/537.36 (KHTML, like Gecko) Cypress/15.8.1 Chrome/138.0.7204.251 Electron/37.6.0 Safari/537.36"
[2026-06-07T13:39:39.965Z]  "GET /examples/app-core.js" "Mozilla/5.0 (X11; Linux x86_64) AppleWebKit/537.36 (KHTML, like Gecko) Cypress/15.8.1 Chrome/138.0.7204.251 Electron/37.6.0 Safari/537.36"
[2026-06-07T13:39:39.967Z]  "GET /examples/app-features.js" "Mozilla/5.0 (X11; Linux x86_64) AppleWebKit/537.36 (KHTML, like Gecko) Cypress/15.8.1 Chrome/138.0.7204.251 Electron/37.6.0 Safari/537.36"
[2026-06-07T13:39:39.970Z]  "GET /examples/app-interactions.js" "Mozilla/5.0 (X11; Linux x86_64) AppleWebKit/537.36 (KHTML, like Gecko) Cypress/15.8.1 Chrome/138.0.7204.251 Electron/37.6.0 Safari/537.36"
[2026-06-07T13:39:39.971Z]  "GET /examples/youtube-upload.js" "Mozilla/5.0 (X11; Linux x86_64) AppleWebKit/537.36 (KHTML, like Gecko) Cypress/15.8.1 Chrome/138.0.7204.251 Electron/37.6.0 Safari/537.36"
[2026-06-07T13:39:40.024Z]  "GET /examples/pipeline.js" "Mozilla/5.0 (X11; Linux x86_64) AppleWebKit/537.36 (KHTML, like Gecko) Cypress/15.8.1 Chrome/138.0.7204.251 Electron/37.6.0 Safari/537.36"
[2026-06-07T13:39:40.709Z]  "GET /examples/index.html" "Mozilla/5.0 (X11; Linux x86_64) AppleWebKit/537.36 (KHTML, like Gecko) Cypress/15.8.1 Chrome/138.0.7204.251 Electron/37.6.0 Safari/537.36"
[2026-06-07T13:39:40.727Z]  "GET /examples/styles.css" "Mozilla/5.0 (X11; Linux x86_64) AppleWebKit/537.36 (KHTML, like Gecko) Cypress/15.8.1 Chrome/138.0.7204.251 Electron/37.6.0 Safari/537.36"
[2026-06-07T13:39:40.729Z]  "GET /dist/audio-recorder-visualization.umd.js" "Mozilla/5.0 (X11; Linux x86_64) AppleWebKit/537.36 (KHTML, like Gecko) Cypress/15.8.1 Chrome/138.0.7204.251 Electron/37.6.0 Safari/537.36"
[2026-06-07T13:39:40.730Z]  "GET /examples/app-core.js" "Mozilla/5.0 (X11; Linux x86_64) AppleWebKit/537.36 (KHTML, like Gecko) Cypress/15.8.1 Chrome/138.0.7204.251 Electron/37.6.0 Safari/537.36"
[2026-06-07T13:39:40.731Z]  "GET /examples/app-features.js" "Mozilla/5.0 (X11; Linux x86_64) AppleWebKit/537.36 (KHTML, like Gecko) Cypress/15.8.1 Chrome/138.0.7204.251 Electron/37.6.0 Safari/537.36"
[2026-06-07T13:39:40.732Z]  "GET /examples/app-interactions.js" "Mozilla/5.0 (X11; Linux x86_64) AppleWebKit/537.36 (KHTML, like Gecko) Cypress/15.8.1 Chrome/138.0.7204.251 Electron/37.6.0 Safari/537.36"
[2026-06-07T13:39:40.733Z]  "GET /examples/youtube-upload.js" "Mozilla/5.0 (X11; Linux x86_64) AppleWebKit/537.36 (KHTML, like Gecko) Cypress/15.8.1 Chrome/138.0.7204.251 Electron/37.6.0 Safari/537.36"
[2026-06-07T13:39:40.759Z]  "GET /examples/pipeline.js" "Mozilla/5.0 (X11; Linux x86_64) AppleWebKit/537.36 (KHTML, like Gecko) Cypress/15.8.1 Chrome/138.0.7204.251 Electron/37.6.0 Safari/537.36"
[2026-06-07T13:39:41.820Z]  "GET /examples/index.html" "Mozilla/5.0 (X11; Linux x86_64) AppleWebKit/537.36 (KHTML, like Gecko) Cypress/15.8.1 Chrome/138.0.7204.251 Electron/37.6.0 Safari/537.36"
[2026-06-07T13:39:41.850Z]  "GET /examples/styles.css" "Mozilla/5.0 (X11; Linux x86_64) AppleWebKit/537.36 (KHTML, like Gecko) Cypress/15.8.1 Chrome/138.0.7204.251 Electron/37.6.0 Safari/537.36"
[2026-06-07T13:39:41.856Z]  "GET /dist/audio-recorder-visualization.umd.js" "Mozilla/5.0 (X11; Linux x86_64) AppleWebKit/537.36 (KHTML, like Gecko) Cypress/15.8.1 Chrome/138.0.7204.251 Electron/37.6.0 Safari/537.36"
[2026-06-07T13:39:41.860Z]  "GET /examples/app-core.js" "Mozilla/5.0 (X11; Linux x86_64) AppleWebKit/537.36 (KHTML, like Gecko) Cypress/15.8.1 Chrome/138.0.7204.251 Electron/37.6.0 Safari/537.36"
[2026-06-07T13:39:41.861Z]  "GET /examples/app-features.js" "Mozilla/5.0 (X11; Linux x86_64) AppleWebKit/537.36 (KHTML, like Gecko) Cypress/15.8.1 Chrome/138.0.7204.251 Electron/37.6.0 Safari/537.36"
[2026-06-07T13:39:41.862Z]  "GET /examples/app-interactions.js" "Mozilla/5.0 (X11; Linux x86_64) AppleWebKit/537.36 (KHTML, like Gecko) Cypress/15.8.1 Chrome/138.0.7204.251 Electron/37.6.0 Safari/537.36"
[2026-06-07T13:39:41.863Z]  "GET /examples/youtube-upload.js" "Mozilla/5.0 (X11; Linux x86_64) AppleWebKit/537.36 (KHTML, like Gecko) Cypress/15.8.1 Chrome/138.0.7204.251 Electron/37.6.0 Safari/537.36"
[2026-06-07T13:39:41.864Z]  "GET /examples/pipeline.js" "Mozilla/5.0 (X11; Linux x86_64) AppleWebKit/537.36 (KHTML, like Gecko) Cypress/15.8.1 Chrome/138.0.7204.251 Electron/37.6.0 Safari/537.36"
[2026-06-07T13:39:42.810Z]  "GET /examples/index.html" "Mozilla/5.0 (X11; Linux x86_64) AppleWebKit/537.36 (KHTML, like Gecko) Cypress/15.8.1 Chrome/138.0.7204.251 Electron/37.6.0 Safari/537.36"
[2026-06-07T13:39:42.844Z]  "GET /examples/styles.css" "Mozilla/5.0 (X11; Linux x86_64) AppleWebKit/537.36 (KHTML, like Gecko) Cypress/15.8.1 Chrome/138.0.7204.251 Electron/37.6.0 Safari/537.36"
[2026-06-07T13:39:42.846Z]  "GET /dist/audio-recorder-visualization.umd.js" "Mozilla/5.0 (X11; Linux x86_64) AppleWebKit/537.36 (KHTML, like Gecko) Cypress/15.8.1 Chrome/138.0.7204.251 Electron/37.6.0 Safari/537.36"
[2026-06-07T13:39:42.847Z]  "GET /examples/app-core.js" "Mozilla/5.0 (X11; Linux x86_64) AppleWebKit/537.36 (KHTML, like Gecko) Cypress/15.8.1 Chrome/138.0.7204.251 Electron/37.6.0 Safari/537.36"
[2026-06-07T13:39:42.849Z]  "GET /examples/app-features.js" "Mozilla/5.0 (X11; Linux x86_64) AppleWebKit/537.36 (KHTML, like Gecko) Cypress/15.8.1 Chrome/138.0.7204.251 Electron/37.6.0 Safari/537.36"
[2026-06-07T13:39:42.849Z]  "GET /examples/app-interactions.js" "Mozilla/5.0 (X11; Linux x86_64) AppleWebKit/537.36 (KHTML, like Gecko) Cypress/15.8.1 Chrome/138.0.7204.251 Electron/37.6.0 Safari/537.36"
[2026-06-07T13:39:42.850Z]  "GET /examples/youtube-upload.js" "Mozilla/5.0 (X11; Linux x86_64) AppleWebKit/537.36 (KHTML, like Gecko) Cypress/15.8.1 Chrome/138.0.7204.251 Electron/37.6.0 Safari/537.36"
[2026-06-07T13:39:42.883Z]  "GET /examples/pipeline.js" "Mozilla/5.0 (X11; Linux x86_64) AppleWebKit/537.36 (KHTML, like Gecko) Cypress/15.8.1 Chrome/138.0.7204.251 Electron/37.6.0 Safari/537.36"
[2026-06-07T13:39:54.208Z]  "GET /examples/index.html" "Mozilla/5.0 (X11; Linux x86_64) AppleWebKit/537.36 (KHTML, like Gecko) Cypress/15.8.1 Chrome/138.0.7204.251 Electron/37.6.0 Safari/537.36"
[2026-06-07T13:39:54.238Z]  "GET /examples/styles.css" "Mozilla/5.0 (X11; Linux x86_64) AppleWebKit/537.36 (KHTML, like Gecko) Cypress/15.8.1 Chrome/138.0.7204.251 Electron/37.6.0 Safari/537.36"
[2026-06-07T13:39:54.243Z]  "GET /examples/app-interactions.js" "Mozilla/5.0 (X11; Linux x86_64) AppleWebKit/537.36 (KHTML, like Gecko) Cypress/15.8.1 Chrome/138.0.7204.251 Electron/37.6.0 Safari/537.36"
[2026-06-07T13:39:54.246Z]  "GET /examples/youtube-upload.js" "Mozilla/5.0 (X11; Linux x86_64) AppleWebKit/537.36 (KHTML, like Gecko) Cypress/15.8.1 Chrome/138.0.7204.251 Electron/37.6.0 Safari/537.36"
[2026-06-07T13:39:54.249Z]  "GET /examples/app-core.js" "Mozilla/5.0 (X11; Linux x86_64) AppleWebKit/537.36 (KHTML, like Gecko) Cypress/15.8.1 Chrome/138.0.7204.251 Electron/37.6.0 Safari/537.36"
[2026-06-07T13:39:54.250Z]  "GET /dist/audio-recorder-visualization.umd.js" "Mozilla/5.0 (X11; Linux x86_64) AppleWebKit/537.36 (KHTML, like Gecko) Cypress/15.8.1 Chrome/138.0.7204.251 Electron/37.6.0 Safari/537.36"
[2026-06-07T13:39:54.250Z]  "GET /examples/app-features.js" "Mozilla/5.0 (X11; Linux x86_64) AppleWebKit/537.36 (KHTML, like Gecko) Cypress/15.8.1 Chrome/138.0.7204.251 Electron/37.6.0 Safari/537.36"
[2026-06-07T13:39:54.268Z]  "GET /examples/pipeline.js" "Mozilla/5.0 (X11; Linux x86_64) AppleWebKit/537.36 (KHTML, like Gecko) Cypress/15.8.1 Chrome/138.0.7204.251 Electron/37.6.0 Safari/537.36"
[2026-06-07T13:39:54.930Z]  "GET /examples/index.html" "Mozilla/5.0 (X11; Linux x86_64) AppleWebKit/537.36 (KHTML, like Gecko) Cypress/15.8.1 Chrome/138.0.7204.251 Electron/37.6.0 Safari/537.36"
[2026-06-07T13:39:54.959Z]  "GET /examples/styles.css" "Mozilla/5.0 (X11; Linux x86_64) AppleWebKit/537.36 (KHTML, like Gecko) Cypress/15.8.1 Chrome/138.0.7204.251 Electron/37.6.0 Safari/537.36"
[2026-06-07T13:39:54.960Z]  "GET /dist/audio-recorder-visualization.umd.js" "Mozilla/5.0 (X11; Linux x86_64) AppleWebKit/537.36 (KHTML, like Gecko) Cypress/15.8.1 Chrome/138.0.7204.251 Electron/37.6.0 Safari/537.36"
[2026-06-07T13:39:54.961Z]  "GET /examples/app-core.js" "Mozilla/5.0 (X11; Linux x86_64) AppleWebKit/537.36 (KHTML, like Gecko) Cypress/15.8.1 Chrome/138.0.7204.251 Electron/37.6.0 Safari/537.36"
[2026-06-07T13:39:54.962Z]  "GET /examples/app-features.js" "Mozilla/5.0 (X11; Linux x86_64) AppleWebKit/537.36 (KHTML, like Gecko) Cypress/15.8.1 Chrome/138.0.7204.251 Electron/37.6.0 Safari/537.36"
[2026-06-07T13:39:54.975Z]  "GET /examples/app-interactions.js" "Mozilla/5.0 (X11; Linux x86_64) AppleWebKit/537.36 (KHTML, like Gecko) Cypress/15.8.1 Chrome/138.0.7204.251 Electron/37.6.0 Safari/537.36"
[2026-06-07T13:39:54.975Z]  "GET /examples/youtube-upload.js" "Mozilla/5.0 (X11; Linux x86_64) AppleWebKit/537.36 (KHTML, like Gecko) Cypress/15.8.1 Chrome/138.0.7204.251 Electron/37.6.0 Safari/537.36"
[2026-06-07T13:39:54.978Z]  "GET /examples/pipeline.js" "Mozilla/5.0 (X11; Linux x86_64) AppleWebKit/537.36 (KHTML, like Gecko) Cypress/15.8.1 Chrome/138.0.7204.251 Electron/37.6.0 Safari/537.36"
[2026-06-07T13:39:55.706Z]  "GET /examples/index.html" "Mozilla/5.0 (X11; Linux x86_64) AppleWebKit/537.36 (KHTML, like Gecko) Cypress/15.8.1 Chrome/138.0.7204.251 Electron/37.6.0 Safari/537.36"
[2026-06-07T13:39:55.755Z]  "GET /examples/styles.css" "Mozilla/5.0 (X11; Linux x86_64) AppleWebKit/537.36 (KHTML, like Gecko) Cypress/15.8.1 Chrome/138.0.7204.251 Electron/37.6.0 Safari/537.36"
[2026-06-07T13:39:55.755Z]  "GET /dist/audio-recorder-visualization.umd.js" "Mozilla/5.0 (X11; Linux x86_64) AppleWebKit/537.36 (KHTML, like Gecko) Cypress/15.8.1 Chrome/138.0.7204.251 Electron/37.6.0 Safari/537.36"
[2026-06-07T13:39:55.760Z]  "GET /examples/app-core.js" "Mozilla/5.0 (X11; Linux x86_64) AppleWebKit/537.36 (KHTML, like Gecko) Cypress/15.8.1 Chrome/138.0.7204.251 Electron/37.6.0 Safari/537.36"
[2026-06-07T13:39:55.762Z]  "GET /examples/app-features.js" "Mozilla/5.0 (X11; Linux x86_64) AppleWebKit/537.36 (KHTML, like Gecko) Cypress/15.8.1 Chrome/138.0.7204.251 Electron/37.6.0 Safari/537.36"
[2026-06-07T13:39:55.763Z]  "GET /examples/app-interactions.js" "Mozilla/5.0 (X11; Linux x86_64) AppleWebKit/537.36 (KHTML, like Gecko) Cypress/15.8.1 Chrome/138.0.7204.251 Electron/37.6.0 Safari/537.36"
[2026-06-07T13:39:55.764Z]  "GET /examples/youtube-upload.js" "Mozilla/5.0 (X11; Linux x86_64) AppleWebKit/537.36 (KHTML, like Gecko) Cypress/15.8.1 Chrome/138.0.7204.251 Electron/37.6.0 Safari/537.36"
[2026-06-07T13:39:55.792Z]  "GET /examples/pipeline.js" "Mozilla/5.0 (X11; Linux x86_64) AppleWebKit/537.36 (KHTML, like Gecko) Cypress/15.8.1 Chrome/138.0.7204.251 Electron/37.6.0 Safari/537.36"
[2026-06-07T13:39:56.860Z]  "GET /examples/index.html" "Mozilla/5.0 (X11; Linux x86_64) AppleWebKit/537.36 (KHTML, like Gecko) Cypress/15.8.1 Chrome/138.0.7204.251 Electron/37.6.0 Safari/537.36"
[2026-06-07T13:39:56.885Z]  "GET /examples/styles.css" "Mozilla/5.0 (X11; Linux x86_64) AppleWebKit/537.36 (KHTML, like Gecko) Cypress/15.8.1 Chrome/138.0.7204.251 Electron/37.6.0 Safari/537.36"
[2026-06-07T13:39:56.887Z]  "GET /dist/audio-recorder-visualization.umd.js" "Mozilla/5.0 (X11; Linux x86_64) AppleWebKit/537.36 (KHTML, like Gecko) Cypress/15.8.1 Chrome/138.0.7204.251 Electron/37.6.0 Safari/537.36"
[2026-06-07T13:39:56.889Z]  "GET /examples/app-core.js" "Mozilla/5.0 (X11; Linux x86_64) AppleWebKit/537.36 (KHTML, like Gecko) Cypress/15.8.1 Chrome/138.0.7204.251 Electron/37.6.0 Safari/537.36"
[2026-06-07T13:39:56.892Z]  "GET /examples/app-features.js" "Mozilla/5.0 (X11; Linux x86_64) AppleWebKit/537.36 (KHTML, like Gecko) Cypress/15.8.1 Chrome/138.0.7204.251 Electron/37.6.0 Safari/537.36"
[2026-06-07T13:39:56.893Z]  "GET /examples/app-interactions.js" "Mozilla/5.0 (X11; Linux x86_64) AppleWebKit/537.36 (KHTML, like Gecko) Cypress/15.8.1 Chrome/138.0.7204.251 Electron/37.6.0 Safari/537.36"
[2026-06-07T13:39:56.895Z]  "GET /examples/youtube-upload.js" "Mozilla/5.0 (X11; Linux x86_64) AppleWebKit/537.36 (KHTML, like Gecko) Cypress/15.8.1 Chrome/138.0.7204.251 Electron/37.6.0 Safari/537.36"
[2026-06-07T13:39:56.916Z]  "GET /examples/pipeline.js" "Mozilla/5.0 (X11; Linux x86_64) AppleWebKit/537.36 (KHTML, like Gecko) Cypress/15.8.1 Chrome/138.0.7204.251 Electron/37.6.0 Safari/537.36"
[2026-06-07T13:39:58.211Z]  "GET /examples/index.html" "Mozilla/5.0 (X11; Linux x86_64) AppleWebKit/537.36 (KHTML, like Gecko) Cypress/15.8.1 Chrome/138.0.7204.251 Electron/37.6.0 Safari/537.36"
[2026-06-07T13:39:58.238Z]  "GET /examples/styles.css" "Mozilla/5.0 (X11; Linux x86_64) AppleWebKit/537.36 (KHTML, like Gecko) Cypress/15.8.1 Chrome/138.0.7204.251 Electron/37.6.0 Safari/537.36"
[2026-06-07T13:39:58.240Z]  "GET /dist/audio-recorder-visualization.umd.js" "Mozilla/5.0 (X11; Linux x86_64) AppleWebKit/537.36 (KHTML, like Gecko) Cypress/15.8.1 Chrome/138.0.7204.251 Electron/37.6.0 Safari/537.36"
[2026-06-07T13:39:58.241Z]  "GET /examples/app-core.js" "Mozilla/5.0 (X11; Linux x86_64) AppleWebKit/537.36 (KHTML, like Gecko) Cypress/15.8.1 Chrome/138.0.7204.251 Electron/37.6.0 Safari/537.36"
[2026-06-07T13:39:58.242Z]  "GET /examples/app-features.js" "Mozilla/5.0 (X11; Linux x86_64) AppleWebKit/537.36 (KHTML, like Gecko) Cypress/15.8.1 Chrome/138.0.7204.251 Electron/37.6.0 Safari/537.36"
[2026-06-07T13:39:58.243Z]  "GET /examples/app-interactions.js" "Mozilla/5.0 (X11; Linux x86_64) AppleWebKit/537.36 (KHTML, like Gecko) Cypress/15.8.1 Chrome/138.0.7204.251 Electron/37.6.0 Safari/537.36"
[2026-06-07T13:39:58.244Z]  "GET /examples/youtube-upload.js" "Mozilla/5.0 (X11; Linux x86_64) AppleWebKit/537.36 (KHTML, like Gecko) Cypress/15.8.1 Chrome/138.0.7204.251 Electron/37.6.0 Safari/537.36"
[2026-06-07T13:39:58.268Z]  "GET /examples/pipeline.js" "Mozilla/5.0 (X11; Linux x86_64) AppleWebKit/537.36 (KHTML, like Gecko) Cypress/15.8.1 Chrome/138.0.7204.251 Electron/37.6.0 Safari/537.36"
[2026-06-07T13:39:58.988Z]  "GET /examples/index.html" "Mozilla/5.0 (X11; Linux x86_64) AppleWebKit/537.36 (KHTML, like Gecko) Cypress/15.8.1 Chrome/138.0.7204.251 Electron/37.6.0 Safari/537.36"
[2026-06-07T13:39:59.016Z]  "GET /examples/styles.css" "Mozilla/5.0 (X11; Linux x86_64) AppleWebKit/537.36 (KHTML, like Gecko) Cypress/15.8.1 Chrome/138.0.7204.251 Electron/37.6.0 Safari/537.36"
[2026-06-07T13:39:59.018Z]  "GET /dist/audio-recorder-visualization.umd.js" "Mozilla/5.0 (X11; Linux x86_64) AppleWebKit/537.36 (KHTML, like Gecko) Cypress/15.8.1 Chrome/138.0.7204.251 Electron/37.6.0 Safari/537.36"
[2026-06-07T13:39:59.020Z]  "GET /examples/app-core.js" "Mozilla/5.0 (X11; Linux x86_64) AppleWebKit/537.36 (KHTML, like Gecko) Cypress/15.8.1 Chrome/138.0.7204.251 Electron/37.6.0 Safari/537.36"
[2026-06-07T13:39:59.021Z]  "GET /examples/app-features.js" "Mozilla/5.0 (X11; Linux x86_64) AppleWebKit/537.36 (KHTML, like Gecko) Cypress/15.8.1 Chrome/138.0.7204.251 Electron/37.6.0 Safari/537.36"
[2026-06-07T13:39:59.022Z]  "GET /examples/app-interactions.js" "Mozilla/5.0 (X11; Linux x86_64) AppleWebKit/537.36 (KHTML, like Gecko) Cypress/15.8.1 Chrome/138.0.7204.251 Electron/37.6.0 Safari/537.36"
[2026-06-07T13:39:59.022Z]  "GET /examples/youtube-upload.js" "Mozilla/5.0 (X11; Linux x86_64) AppleWebKit/537.36 (KHTML, like Gecko) Cypress/15.8.1 Chrome/138.0.7204.251 Electron/37.6.0 Safari/537.36"
[2026-06-07T13:39:59.051Z]  "GET /examples/pipeline.js" "Mozilla/5.0 (X11; Linux x86_64) AppleWebKit/537.36 (KHTML, like Gecko) Cypress/15.8.1 Chrome/138.0.7204.251 Electron/37.6.0 Safari/537.36"
[2026-06-07T13:39:59.095Z]  "GET /examples/index.html" "Mozilla/5.0 (X11; Linux x86_64) AppleWebKit/537.36 (KHTML, like Gecko) Cypress/15.8.1 Chrome/138.0.7204.251 Electron/37.6.0 Safari/537.36"
[2026-06-07T13:39:59.160Z]  "GET /examples/styles.css" "Mozilla/5.0 (X11; Linux x86_64) AppleWebKit/537.36 (KHTML, like Gecko) Cypress/15.8.1 Chrome/138.0.7204.251 Electron/37.6.0 Safari/537.36"
[2026-06-07T13:39:59.161Z]  "GET /dist/audio-recorder-visualization.umd.js" "Mozilla/5.0 (X11; Linux x86_64) AppleWebKit/537.36 (KHTML, like Gecko) Cypress/15.8.1 Chrome/138.0.7204.251 Electron/37.6.0 Safari/537.36"
[2026-06-07T13:39:59.164Z]  "GET /examples/app-core.js" "Mozilla/5.0 (X11; Linux x86_64) AppleWebKit/537.36 (KHTML, like Gecko) Cypress/15.8.1 Chrome/138.0.7204.251 Electron/37.6.0 Safari/537.36"
[2026-06-07T13:39:59.166Z]  "GET /examples/app-features.js" "Mozilla/5.0 (X11; Linux x86_64) AppleWebKit/537.36 (KHTML, like Gecko) Cypress/15.8.1 Chrome/138.0.7204.251 Electron/37.6.0 Safari/537.36"
[2026-06-07T13:39:59.167Z]  "GET /examples/app-interactions.js" "Mozilla/5.0 (X11; Linux x86_64) AppleWebKit/537.36 (KHTML, like Gecko) Cypress/15.8.1 Chrome/138.0.7204.251 Electron/37.6.0 Safari/537.36"
[2026-06-07T13:39:59.168Z]  "GET /examples/youtube-upload.js" "Mozilla/5.0 (X11; Linux x86_64) AppleWebKit/537.36 (KHTML, like Gecko) Cypress/15.8.1 Chrome/138.0.7204.251 Electron/37.6.0 Safari/537.36"
[2026-06-07T13:39:59.200Z]  "GET /examples/pipeline.js" "Mozilla/5.0 (X11; Linux x86_64) AppleWebKit/537.36 (KHTML, like Gecko) Cypress/15.8.1 Chrome/138.0.7204.251 Electron/37.6.0 Safari/537.36"
[2026-06-07T13:40:02.282Z]  "GET /examples/index.html" "Mozilla/5.0 (X11; Linux x86_64) AppleWebKit/537.36 (KHTML, like Gecko) Cypress/15.8.1 Chrome/138.0.7204.251 Electron/37.6.0 Safari/537.36"
[2026-06-07T13:40:02.402Z]  "GET /examples/styles.css" "Mozilla/5.0 (X11; Linux x86_64) AppleWebKit/537.36 (KHTML, like Gecko) Cypress/15.8.1 Chrome/138.0.7204.251 Electron/37.6.0 Safari/537.36"
[2026-06-07T13:40:02.402Z]  "GET /dist/audio-recorder-visualization.umd.js" "Mozilla/5.0 (X11; Linux x86_64) AppleWebKit/537.36 (KHTML, like Gecko) Cypress/15.8.1 Chrome/138.0.7204.251 Electron/37.6.0 Safari/537.36"
[2026-06-07T13:40:02.402Z]  "GET /examples/app-core.js" "Mozilla/5.0 (X11; Linux x86_64) AppleWebKit/537.36 (KHTML, like Gecko) Cypress/15.8.1 Chrome/138.0.7204.251 Electron/37.6.0 Safari/537.36"
[2026-06-07T13:40:02.404Z]  "GET /examples/app-features.js" "Mozilla/5.0 (X11; Linux x86_64) AppleWebKit/537.36 (KHTML, like Gecko) Cypress/15.8.1 Chrome/138.0.7204.251 Electron/37.6.0 Safari/537.36"
[2026-06-07T13:40:02.405Z]  "GET /examples/app-interactions.js" "Mozilla/5.0 (X11; Linux x86_64) AppleWebKit/537.36 (KHTML, like Gecko) Cypress/15.8.1 Chrome/138.0.7204.251 Electron/37.6.0 Safari/537.36"
[2026-06-07T13:40:02.406Z]  "GET /examples/youtube-upload.js" "Mozilla/5.0 (X11; Linux x86_64) AppleWebKit/537.36 (KHTML, like Gecko) Cypress/15.8.1 Chrome/138.0.7204.251 Electron/37.6.0 Safari/537.36"
[2026-06-07T13:40:02.457Z]  "GET /examples/pipeline.js" "Mozilla/5.0 (X11; Linux x86_64) AppleWebKit/537.36 (KHTML, like Gecko) Cypress/15.8.1 Chrome/138.0.7204.251 Electron/37.6.0 Safari/537.36"
[2026-06-07T13:40:03.514Z]  "GET /examples/index.html" "Mozilla/5.0 (X11; Linux x86_64) AppleWebKit/537.36 (KHTML, like Gecko) Cypress/15.8.1 Chrome/138.0.7204.251 Electron/37.6.0 Safari/537.36"
[2026-06-07T13:40:03.590Z]  "GET /examples/styles.css" "Mozilla/5.0 (X11; Linux x86_64) AppleWebKit/537.36 (KHTML, like Gecko) Cypress/15.8.1 Chrome/138.0.7204.251 Electron/37.6.0 Safari/537.36"
[2026-06-07T13:40:03.591Z]  "GET /dist/audio-recorder-visualization.umd.js" "Mozilla/5.0 (X11; Linux x86_64) AppleWebKit/537.36 (KHTML, like Gecko) Cypress/15.8.1 Chrome/138.0.7204.251 Electron/37.6.0 Safari/537.36"
[2026-06-07T13:40:03.591Z]  "GET /examples/app-core.js" "Mozilla/5.0 (X11; Linux x86_64) AppleWebKit/537.36 (KHTML, like Gecko) Cypress/15.8.1 Chrome/138.0.7204.251 Electron/37.6.0 Safari/537.36"
[2026-06-07T13:40:03.591Z]  "GET /examples/app-features.js" "Mozilla/5.0 (X11; Linux x86_64) AppleWebKit/537.36 (KHTML, like Gecko) Cypress/15.8.1 Chrome/138.0.7204.251 Electron/37.6.0 Safari/537.36"
[2026-06-07T13:40:03.591Z]  "GET /examples/app-interactions.js" "Mozilla/5.0 (X11; Linux x86_64) AppleWebKit/537.36 (KHTML, like Gecko) Cypress/15.8.1 Chrome/138.0.7204.251 Electron/37.6.0 Safari/537.36"
[2026-06-07T13:40:03.593Z]  "GET /examples/youtube-upload.js" "Mozilla/5.0 (X11; Linux x86_64) AppleWebKit/537.36 (KHTML, like Gecko) Cypress/15.8.1 Chrome/138.0.7204.251 Electron/37.6.0 Safari/537.36"
[2026-06-07T13:40:03.636Z]  "GET /examples/pipeline.js" "Mozilla/5.0 (X11; Linux x86_64) AppleWebKit/537.36 (KHTML, like Gecko) Cypress/15.8.1 Chrome/138.0.7204.251 Electron/37.6.0 Safari/537.36"
[2026-06-07T13:40:04.502Z]  "GET /examples/index.html" "Mozilla/5.0 (X11; Linux x86_64) AppleWebKit/537.36 (KHTML, like Gecko) Cypress/15.8.1 Chrome/138.0.7204.251 Electron/37.6.0 Safari/537.36"
[2026-06-07T13:40:04.534Z]  "GET /examples/styles.css" "Mozilla/5.0 (X11; Linux x86_64) AppleWebKit/537.36 (KHTML, like Gecko) Cypress/15.8.1 Chrome/138.0.7204.251 Electron/37.6.0 Safari/537.36"
[2026-06-07T13:40:04.540Z]  "GET /dist/audio-recorder-visualization.umd.js" "Mozilla/5.0 (X11; Linux x86_64) AppleWebKit/537.36 (KHTML, like Gecko) Cypress/15.8.1 Chrome/138.0.7204.251 Electron/37.6.0 Safari/537.36"
[2026-06-07T13:40:04.541Z]  "GET /examples/app-core.js" "Mozilla/5.0 (X11; Linux x86_64) AppleWebKit/537.36 (KHTML, like Gecko) Cypress/15.8.1 Chrome/138.0.7204.251 Electron/37.6.0 Safari/537.36"
[2026-06-07T13:40:04.545Z]  "GET /examples/app-features.js" "Mozilla/5.0 (X11; Linux x86_64) AppleWebKit/537.36 (KHTML, like Gecko) Cypress/15.8.1 Chrome/138.0.7204.251 Electron/37.6.0 Safari/537.36"
[2026-06-07T13:40:04.546Z]  "GET /examples/app-interactions.js" "Mozilla/5.0 (X11; Linux x86_64) AppleWebKit/537.36 (KHTML, like Gecko) Cypress/15.8.1 Chrome/138.0.7204.251 Electron/37.6.0 Safari/537.36"
[2026-06-07T13:40:04.547Z]  "GET /examples/youtube-upload.js" "Mozilla/5.0 (X11; Linux x86_64) AppleWebKit/537.36 (KHTML, like Gecko) Cypress/15.8.1 Chrome/138.0.7204.251 Electron/37.6.0 Safari/537.36"
[2026-06-07T13:40:04.574Z]  "GET /examples/pipeline.js" "Mozilla/5.0 (X11; Linux x86_64) AppleWebKit/537.36 (KHTML, like Gecko) Cypress/15.8.1 Chrome/138.0.7204.251 Electron/37.6.0 Safari/537.36"
[2026-06-07T13:40:05.377Z]  "GET /examples/index.html" "Mozilla/5.0 (X11; Linux x86_64) AppleWebKit/537.36 (KHTML, like Gecko) Cypress/15.8.1 Chrome/138.0.7204.251 Electron/37.6.0 Safari/537.36"
[2026-06-07T13:40:05.411Z]  "GET /examples/styles.css" "Mozilla/5.0 (X11; Linux x86_64) AppleWebKit/537.36 (KHTML, like Gecko) Cypress/15.8.1 Chrome/138.0.7204.251 Electron/37.6.0 Safari/537.36"
[2026-06-07T13:40:05.414Z]  "GET /dist/audio-recorder-visualization.umd.js" "Mozilla/5.0 (X11; Linux x86_64) AppleWebKit/537.36 (KHTML, like Gecko) Cypress/15.8.1 Chrome/138.0.7204.251 Electron/37.6.0 Safari/537.36"
[2026-06-07T13:40:05.415Z]  "GET /examples/app-core.js" "Mozilla/5.0 (X11; Linux x86_64) AppleWebKit/537.36 (KHTML, like Gecko) Cypress/15.8.1 Chrome/138.0.7204.251 Electron/37.6.0 Safari/537.36"
[2026-06-07T13:40:05.415Z]  "GET /examples/app-features.js" "Mozilla/5.0 (X11; Linux x86_64) AppleWebKit/537.36 (KHTML, like Gecko) Cypress/15.8.1 Chrome/138.0.7204.251 Electron/37.6.0 Safari/537.36"
[2026-06-07T13:40:05.419Z]  "GET /examples/app-interactions.js" "Mozilla/5.0 (X11; Linux x86_64) AppleWebKit/537.36 (KHTML, like Gecko) Cypress/15.8.1 Chrome/138.0.7204.251 Electron/37.6.0 Safari/537.36"
[2026-06-07T13:40:05.429Z]  "GET /examples/youtube-upload.js" "Mozilla/5.0 (X11; Linux x86_64) AppleWebKit/537.36 (KHTML, like Gecko) Cypress/15.8.1 Chrome/138.0.7204.251 Electron/37.6.0 Safari/537.36"
[2026-06-07T13:40:05.442Z]  "GET /examples/pipeline.js" "Mozilla/5.0 (X11; Linux x86_64) AppleWebKit/537.36 (KHTML, like Gecko) Cypress/15.8.1 Chrome/138.0.7204.251 Electron/37.6.0 Safari/537.36"
[2026-06-07T13:40:06.970Z]  "GET /examples/index.html" "Mozilla/5.0 (X11; Linux x86_64) AppleWebKit/537.36 (KHTML, like Gecko) Cypress/15.8.1 Chrome/138.0.7204.251 Electron/37.6.0 Safari/537.36"
[2026-06-07T13:40:07.011Z]  "GET /examples/styles.css" "Mozilla/5.0 (X11; Linux x86_64) AppleWebKit/537.36 (KHTML, like Gecko) Cypress/15.8.1 Chrome/138.0.7204.251 Electron/37.6.0 Safari/537.36"
[2026-06-07T13:40:07.012Z]  "GET /dist/audio-recorder-visualization.umd.js" "Mozilla/5.0 (X11; Linux x86_64) AppleWebKit/537.36 (KHTML, like Gecko) Cypress/15.8.1 Chrome/138.0.7204.251 Electron/37.6.0 Safari/537.36"
[2026-06-07T13:40:07.013Z]  "GET /examples/app-core.js" "Mozilla/5.0 (X11; Linux x86_64) AppleWebKit/537.36 (KHTML, like Gecko) Cypress/15.8.1 Chrome/138.0.7204.251 Electron/37.6.0 Safari/537.36"
[2026-06-07T13:40:07.014Z]  "GET /examples/app-features.js" "Mozilla/5.0 (X11; Linux x86_64) AppleWebKit/537.36 (KHTML, like Gecko) Cypress/15.8.1 Chrome/138.0.7204.251 Electron/37.6.0 Safari/537.36"
[2026-06-07T13:40:07.015Z]  "GET /examples/app-interactions.js" "Mozilla/5.0 (X11; Linux x86_64) AppleWebKit/537.36 (KHTML, like Gecko) Cypress/15.8.1 Chrome/138.0.7204.251 Electron/37.6.0 Safari/537.36"
[2026-06-07T13:40:07.016Z]  "GET /examples/youtube-upload.js" "Mozilla/5.0 (X11; Linux x86_64) AppleWebKit/537.36 (KHTML, like Gecko) Cypress/15.8.1 Chrome/138.0.7204.251 Electron/37.6.0 Safari/537.36"
[2026-06-07T13:40:07.053Z]  "GET /examples/pipeline.js" "Mozilla/5.0 (X11; Linux x86_64) AppleWebKit/537.36 (KHTML, like Gecko) Cypress/15.8.1 Chrome/138.0.7204.251 Electron/37.6.0 Safari/537.36"
[2026-06-07T13:40:07.792Z]  "GET /examples/index.html" "Mozilla/5.0 (X11; Linux x86_64) AppleWebKit/537.36 (KHTML, like Gecko) Cypress/15.8.1 Chrome/138.0.7204.251 Electron/37.6.0 Safari/537.36"
[2026-06-07T13:40:07.822Z]  "GET /examples/styles.css" "Mozilla/5.0 (X11; Linux x86_64) AppleWebKit/537.36 (KHTML, like Gecko) Cypress/15.8.1 Chrome/138.0.7204.251 Electron/37.6.0 Safari/537.36"
[2026-06-07T13:40:07.825Z]  "GET /dist/audio-recorder-visualization.umd.js" "Mozilla/5.0 (X11; Linux x86_64) AppleWebKit/537.36 (KHTML, like Gecko) Cypress/15.8.1 Chrome/138.0.7204.251 Electron/37.6.0 Safari/537.36"
[2026-06-07T13:40:07.826Z]  "GET /examples/app-core.js" "Mozilla/5.0 (X11; Linux x86_64) AppleWebKit/537.36 (KHTML, like Gecko) Cypress/15.8.1 Chrome/138.0.7204.251 Electron/37.6.0 Safari/537.36"
[2026-06-07T13:40:07.827Z]  "GET /examples/app-features.js" "Mozilla/5.0 (X11; Linux x86_64) AppleWebKit/537.36 (KHTML, like Gecko) Cypress/15.8.1 Chrome/138.0.7204.251 Electron/37.6.0 Safari/537.36"
[2026-06-07T13:40:07.828Z]  "GET /examples/app-interactions.js" "Mozilla/5.0 (X11; Linux x86_64) AppleWebKit/537.36 (KHTML, like Gecko) Cypress/15.8.1 Chrome/138.0.7204.251 Electron/37.6.0 Safari/537.36"
[2026-06-07T13:40:07.829Z]  "GET /examples/youtube-upload.js" "Mozilla/5.0 (X11; Linux x86_64) AppleWebKit/537.36 (KHTML, like Gecko) Cypress/15.8.1 Chrome/138.0.7204.251 Electron/37.6.0 Safari/537.36"
[2026-06-07T13:40:07.861Z]  "GET /examples/pipeline.js" "Mozilla/5.0 (X11; Linux x86_64) AppleWebKit/537.36 (KHTML, like Gecko) Cypress/15.8.1 Chrome/138.0.7204.251 Electron/37.6.0 Safari/537.36"
[2026-06-07T13:40:07.962Z]  "GET /examples/index.html" "Mozilla/5.0 (X11; Linux x86_64) AppleWebKit/537.36 (KHTML, like Gecko) Cypress/15.8.1 Chrome/138.0.7204.251 Electron/37.6.0 Safari/537.36"
[2026-06-07T13:40:08.018Z]  "GET /examples/styles.css" "Mozilla/5.0 (X11; Linux x86_64) AppleWebKit/537.36 (KHTML, like Gecko) Cypress/15.8.1 Chrome/138.0.7204.251 Electron/37.6.0 Safari/537.36"
[2026-06-07T13:40:08.019Z]  "GET /dist/audio-recorder-visualization.umd.js" "Mozilla/5.0 (X11; Linux x86_64) AppleWebKit/537.36 (KHTML, like Gecko) Cypress/15.8.1 Chrome/138.0.7204.251 Electron/37.6.0 Safari/537.36"
[2026-06-07T13:40:08.021Z]  "GET /examples/app-core.js" "Mozilla/5.0 (X11; Linux x86_64) AppleWebKit/537.36 (KHTML, like Gecko) Cypress/15.8.1 Chrome/138.0.7204.251 Electron/37.6.0 Safari/537.36"
[2026-06-07T13:40:08.022Z]  "GET /examples/app-features.js" "Mozilla/5.0 (X11; Linux x86_64) AppleWebKit/537.36 (KHTML, like Gecko) Cypress/15.8.1 Chrome/138.0.7204.251 Electron/37.6.0 Safari/537.36"
[2026-06-07T13:40:08.022Z]  "GET /examples/app-interactions.js" "Mozilla/5.0 (X11; Linux x86_64) AppleWebKit/537.36 (KHTML, like Gecko) Cypress/15.8.1 Chrome/138.0.7204.251 Electron/37.6.0 Safari/537.36"
[2026-06-07T13:40:08.023Z]  "GET /examples/youtube-upload.js" "Mozilla/5.0 (X11; Linux x86_64) AppleWebKit/537.36 (KHTML, like Gecko) Cypress/15.8.1 Chrome/138.0.7204.251 Electron/37.6.0 Safari/537.36"
[2026-06-07T13:40:08.046Z]  "GET /examples/pipeline.js" "Mozilla/5.0 (X11; Linux x86_64) AppleWebKit/537.36 (KHTML, like Gecko) Cypress/15.8.1 Chrome/138.0.7204.251 Electron/37.6.0 Safari/537.36"
[2026-06-07T13:40:20.692Z]  "GET /examples/index.html" "Mozilla/5.0 (X11; Linux x86_64) AppleWebKit/537.36 (KHTML, like Gecko) Cypress/15.8.1 Chrome/138.0.7204.251 Electron/37.6.0 Safari/537.36"
[2026-06-07T13:40:20.721Z]  "GET /examples/styles.css" "Mozilla/5.0 (X11; Linux x86_64) AppleWebKit/537.36 (KHTML, like Gecko) Cypress/15.8.1 Chrome/138.0.7204.251 Electron/37.6.0 Safari/537.36"
[2026-06-07T13:40:20.725Z]  "GET /dist/audio-recorder-visualization.umd.js" "Mozilla/5.0 (X11; Linux x86_64) AppleWebKit/537.36 (KHTML, like Gecko) Cypress/15.8.1 Chrome/138.0.7204.251 Electron/37.6.0 Safari/537.36"
[2026-06-07T13:40:20.735Z]  "GET /examples/app-core.js" "Mozilla/5.0 (X11; Linux x86_64) AppleWebKit/537.36 (KHTML, like Gecko) Cypress/15.8.1 Chrome/138.0.7204.251 Electron/37.6.0 Safari/537.36"
[2026-06-07T13:40:20.736Z]  "GET /examples/app-interactions.js" "Mozilla/5.0 (X11; Linux x86_64) AppleWebKit/537.36 (KHTML, like Gecko) Cypress/15.8.1 Chrome/138.0.7204.251 Electron/37.6.0 Safari/537.36"
[2026-06-07T13:40:20.737Z]  "GET /examples/app-features.js" "Mozilla/5.0 (X11; Linux x86_64) AppleWebKit/537.36 (KHTML, like Gecko) Cypress/15.8.1 Chrome/138.0.7204.251 Electron/37.6.0 Safari/537.36"
[2026-06-07T13:40:20.738Z]  "GET /examples/youtube-upload.js" "Mozilla/5.0 (X11; Linux x86_64) AppleWebKit/537.36 (KHTML, like Gecko) Cypress/15.8.1 Chrome/138.0.7204.251 Electron/37.6.0 Safari/537.36"
[2026-06-07T13:40:20.748Z]  "GET /examples/pipeline.js" "Mozilla/5.0 (X11; Linux x86_64) AppleWebKit/537.36 (KHTML, like Gecko) Cypress/15.8.1 Chrome/138.0.7204.251 Electron/37.6.0 Safari/537.36"
[2026-06-07T13:40:58.868Z]  "GET /examples/index.html" "Mozilla/5.0 (X11; Linux x86_64) AppleWebKit/537.36 (KHTML, like Gecko) Cypress/15.8.1 Chrome/138.0.7204.251 Electron/37.6.0 Safari/537.36"
[2026-06-07T13:40:58.965Z]  "GET /examples/styles.css" "Mozilla/5.0 (X11; Linux x86_64) AppleWebKit/537.36 (KHTML, like Gecko) Cypress/15.8.1 Chrome/138.0.7204.251 Electron/37.6.0 Safari/537.36"
[2026-06-07T13:40:58.972Z]  "GET /examples/app-features.js" "Mozilla/5.0 (X11; Linux x86_64) AppleWebKit/537.36 (KHTML, like Gecko) Cypress/15.8.1 Chrome/138.0.7204.251 Electron/37.6.0 Safari/537.36"
[2026-06-07T13:40:58.978Z]  "GET /dist/audio-recorder-visualization.umd.js" "Mozilla/5.0 (X11; Linux x86_64) AppleWebKit/537.36 (KHTML, like Gecko) Cypress/15.8.1 Chrome/138.0.7204.251 Electron/37.6.0 Safari/537.36"
[2026-06-07T13:40:58.979Z]  "GET /examples/app-core.js" "Mozilla/5.0 (X11; Linux x86_64) AppleWebKit/537.36 (KHTML, like Gecko) Cypress/15.8.1 Chrome/138.0.7204.251 Electron/37.6.0 Safari/537.36"
[2026-06-07T13:40:58.993Z]  "GET /examples/app-interactions.js" "Mozilla/5.0 (X11; Linux x86_64) AppleWebKit/537.36 (KHTML, like Gecko) Cypress/15.8.1 Chrome/138.0.7204.251 Electron/37.6.0 Safari/537.36"
[2026-06-07T13:40:58.994Z]  "GET /examples/youtube-upload.js" "Mozilla/5.0 (X11; Linux x86_64) AppleWebKit/537.36 (KHTML, like Gecko) Cypress/15.8.1 Chrome/138.0.7204.251 Electron/37.6.0 Safari/537.36"
[2026-06-07T13:40:59.017Z]  "GET /examples/pipeline.js" "Mozilla/5.0 (X11; Linux x86_64) AppleWebKit/537.36 (KHTML, like Gecko) Cypress/15.8.1 Chrome/138.0.7204.251 Electron/37.6.0 Safari/537.36"
[2026-06-07T13:41:00.319Z]  "GET /examples/index.html" "Mozilla/5.0 (X11; Linux x86_64) AppleWebKit/537.36 (KHTML, like Gecko) Cypress/15.8.1 Chrome/138.0.7204.251 Electron/37.6.0 Safari/537.36"
[2026-06-07T13:41:00.348Z]  "GET /examples/styles.css" "Mozilla/5.0 (X11; Linux x86_64) AppleWebKit/537.36 (KHTML, like Gecko) Cypress/15.8.1 Chrome/138.0.7204.251 Electron/37.6.0 Safari/537.36"
[2026-06-07T13:41:00.351Z]  "GET /dist/audio-recorder-visualization.umd.js" "Mozilla/5.0 (X11; Linux x86_64) AppleWebKit/537.36 (KHTML, like Gecko) Cypress/15.8.1 Chrome/138.0.7204.251 Electron/37.6.0 Safari/537.36"
[2026-06-07T13:41:00.353Z]  "GET /examples/app-core.js" "Mozilla/5.0 (X11; Linux x86_64) AppleWebKit/537.36 (KHTML, like Gecko) Cypress/15.8.1 Chrome/138.0.7204.251 Electron/37.6.0 Safari/537.36"
[2026-06-07T13:41:00.354Z]  "GET /examples/app-features.js" "Mozilla/5.0 (X11; Linux x86_64) AppleWebKit/537.36 (KHTML, like Gecko) Cypress/15.8.1 Chrome/138.0.7204.251 Electron/37.6.0 Safari/537.36"
[2026-06-07T13:41:00.362Z]  "GET /examples/app-interactions.js" "Mozilla/5.0 (X11; Linux x86_64) AppleWebKit/537.36 (KHTML, like Gecko) Cypress/15.8.1 Chrome/138.0.7204.251 Electron/37.6.0 Safari/537.36"
[2026-06-07T13:41:00.381Z]  "GET /examples/youtube-upload.js" "Mozilla/5.0 (X11; Linux x86_64) AppleWebKit/537.36 (KHTML, like Gecko) Cypress/15.8.1 Chrome/138.0.7204.251 Electron/37.6.0 Safari/537.36"
[2026-06-07T13:41:00.395Z]  "GET /examples/pipeline.js" "Mozilla/5.0 (X11; Linux x86_64) AppleWebKit/537.36 (KHTML, like Gecko) Cypress/15.8.1 Chrome/138.0.7204.251 Electron/37.6.0 Safari/537.36"
[2026-06-07T13:41:01.167Z]  "GET /examples/index.html" "Mozilla/5.0 (X11; Linux x86_64) AppleWebKit/537.36 (KHTML, like Gecko) Cypress/15.8.1 Chrome/138.0.7204.251 Electron/37.6.0 Safari/537.36"
[2026-06-07T13:41:01.207Z]  "GET /examples/styles.css" "Mozilla/5.0 (X11; Linux x86_64) AppleWebKit/537.36 (KHTML, like Gecko) Cypress/15.8.1 Chrome/138.0.7204.251 Electron/37.6.0 Safari/537.36"
[2026-06-07T13:41:01.211Z]  "GET /dist/audio-recorder-visualization.umd.js" "Mozilla/5.0 (X11; Linux x86_64) AppleWebKit/537.36 (KHTML, like Gecko) Cypress/15.8.1 Chrome/138.0.7204.251 Electron/37.6.0 Safari/537.36"
[2026-06-07T13:41:01.213Z]  "GET /examples/app-core.js" "Mozilla/5.0 (X11; Linux x86_64) AppleWebKit/537.36 (KHTML, like Gecko) Cypress/15.8.1 Chrome/138.0.7204.251 Electron/37.6.0 Safari/537.36"
[2026-06-07T13:41:01.214Z]  "GET /examples/app-features.js" "Mozilla/5.0 (X11; Linux x86_64) AppleWebKit/537.36 (KHTML, like Gecko) Cypress/15.8.1 Chrome/138.0.7204.251 Electron/37.6.0 Safari/537.36"
[2026-06-07T13:41:01.216Z]  "GET /examples/app-interactions.js" "Mozilla/5.0 (X11; Linux x86_64) AppleWebKit/537.36 (KHTML, like Gecko) Cypress/15.8.1 Chrome/138.0.7204.251 Electron/37.6.0 Safari/537.36"
[2026-06-07T13:41:01.217Z]  "GET /examples/youtube-upload.js" "Mozilla/5.0 (X11; Linux x86_64) AppleWebKit/537.36 (KHTML, like Gecko) Cypress/15.8.1 Chrome/138.0.7204.251 Electron/37.6.0 Safari/537.36"
[2026-06-07T13:41:01.257Z]  "GET /examples/pipeline.js" "Mozilla/5.0 (X11; Linux x86_64) AppleWebKit/537.36 (KHTML, like Gecko) Cypress/15.8.1 Chrome/138.0.7204.251 Electron/37.6.0 Safari/537.36"
[2026-06-07T13:41:03.946Z]  "GET /examples/index.html" "Mozilla/5.0 (X11; Linux x86_64) AppleWebKit/537.36 (KHTML, like Gecko) Cypress/15.8.1 Chrome/138.0.7204.251 Electron/37.6.0 Safari/537.36"
[2026-06-07T13:41:03.992Z]  "GET /examples/styles.css" "Mozilla/5.0 (X11; Linux x86_64) AppleWebKit/537.36 (KHTML, like Gecko) Cypress/15.8.1 Chrome/138.0.7204.251 Electron/37.6.0 Safari/537.36"
[2026-06-07T13:41:03.993Z]  "GET /dist/audio-recorder-visualization.umd.js" "Mozilla/5.0 (X11; Linux x86_64) AppleWebKit/537.36 (KHTML, like Gecko) Cypress/15.8.1 Chrome/138.0.7204.251 Electron/37.6.0 Safari/537.36"
[2026-06-07T13:41:03.994Z]  "GET /examples/app-core.js" "Mozilla/5.0 (X11; Linux x86_64) AppleWebKit/537.36 (KHTML, like Gecko) Cypress/15.8.1 Chrome/138.0.7204.251 Electron/37.6.0 Safari/537.36"
[2026-06-07T13:41:03.997Z]  "GET /examples/app-features.js" "Mozilla/5.0 (X11; Linux x86_64) AppleWebKit/537.36 (KHTML, like Gecko) Cypress/15.8.1 Chrome/138.0.7204.251 Electron/37.6.0 Safari/537.36"
[2026-06-07T13:41:03.998Z]  "GET /examples/app-interactions.js" "Mozilla/5.0 (X11; Linux x86_64) AppleWebKit/537.36 (KHTML, like Gecko) Cypress/15.8.1 Chrome/138.0.7204.251 Electron/37.6.0 Safari/537.36"
[2026-06-07T13:41:03.999Z]  "GET /examples/youtube-upload.js" "Mozilla/5.0 (X11; Linux x86_64) AppleWebKit/537.36 (KHTML, like Gecko) Cypress/15.8.1 Chrome/138.0.7204.251 Electron/37.6.0 Safari/537.36"
[2026-06-07T13:41:04.026Z]  "GET /examples/pipeline.js" "Mozilla/5.0 (X11; Linux x86_64) AppleWebKit/537.36 (KHTML, like Gecko) Cypress/15.8.1 Chrome/138.0.7204.251 Electron/37.6.0 Safari/537.36"
[2026-06-07T13:41:04.717Z]  "GET /examples/index.html" "Mozilla/5.0 (X11; Linux x86_64) AppleWebKit/537.36 (KHTML, like Gecko) Cypress/15.8.1 Chrome/138.0.7204.251 Electron/37.6.0 Safari/537.36"
[2026-06-07T13:41:04.744Z]  "GET /examples/styles.css" "Mozilla/5.0 (X11; Linux x86_64) AppleWebKit/537.36 (KHTML, like Gecko) Cypress/15.8.1 Chrome/138.0.7204.251 Electron/37.6.0 Safari/537.36"
[2026-06-07T13:41:04.747Z]  "GET /dist/audio-recorder-visualization.umd.js" "Mozilla/5.0 (X11; Linux x86_64) AppleWebKit/537.36 (KHTML, like Gecko) Cypress/15.8.1 Chrome/138.0.7204.251 Electron/37.6.0 Safari/537.36"
[2026-06-07T13:41:04.750Z]  "GET /examples/app-core.js" "Mozilla/5.0 (X11; Linux x86_64) AppleWebKit/537.36 (KHTML, like Gecko) Cypress/15.8.1 Chrome/138.0.7204.251 Electron/37.6.0 Safari/537.36"
[2026-06-07T13:41:04.751Z]  "GET /examples/app-features.js" "Mozilla/5.0 (X11; Linux x86_64) AppleWebKit/537.36 (KHTML, like Gecko) Cypress/15.8.1 Chrome/138.0.7204.251 Electron/37.6.0 Safari/537.36"
[2026-06-07T13:41:04.752Z]  "GET /examples/app-interactions.js" "Mozilla/5.0 (X11; Linux x86_64) AppleWebKit/537.36 (KHTML, like Gecko) Cypress/15.8.1 Chrome/138.0.7204.251 Electron/37.6.0 Safari/537.36"
[2026-06-07T13:41:04.753Z]  "GET /examples/youtube-upload.js" "Mozilla/5.0 (X11; Linux x86_64) AppleWebKit/537.36 (KHTML, like Gecko) Cypress/15.8.1 Chrome/138.0.7204.251 Electron/37.6.0 Safari/537.36"
[2026-06-07T13:41:04.775Z]  "GET /examples/pipeline.js" "Mozilla/5.0 (X11; Linux x86_64) AppleWebKit/537.36 (KHTML, like Gecko) Cypress/15.8.1 Chrome/138.0.7204.251 Electron/37.6.0 Safari/537.36"
[2026-06-07T13:41:05.832Z]  "GET /examples/index.html" "Mozilla/5.0 (X11; Linux x86_64) AppleWebKit/537.36 (KHTML, like Gecko) Cypress/15.8.1 Chrome/138.0.7204.251 Electron/37.6.0 Safari/537.36"
[2026-06-07T13:41:05.878Z]  "GET /examples/styles.css" "Mozilla/5.0 (X11; Linux x86_64) AppleWebKit/537.36 (KHTML, like Gecko) Cypress/15.8.1 Chrome/138.0.7204.251 Electron/37.6.0 Safari/537.36"
[2026-06-07T13:41:05.886Z]  "GET /dist/audio-recorder-visualization.umd.js" "Mozilla/5.0 (X11; Linux x86_64) AppleWebKit/537.36 (KHTML, like Gecko) Cypress/15.8.1 Chrome/138.0.7204.251 Electron/37.6.0 Safari/537.36"
[2026-06-07T13:41:05.888Z]  "GET /examples/app-core.js" "Mozilla/5.0 (X11; Linux x86_64) AppleWebKit/537.36 (KHTML, like Gecko) Cypress/15.8.1 Chrome/138.0.7204.251 Electron/37.6.0 Safari/537.36"
[2026-06-07T13:41:05.889Z]  "GET /examples/app-features.js" "Mozilla/5.0 (X11; Linux x86_64) AppleWebKit/537.36 (KHTML, like Gecko) Cypress/15.8.1 Chrome/138.0.7204.251 Electron/37.6.0 Safari/537.36"
[2026-06-07T13:41:05.891Z]  "GET /examples/app-interactions.js" "Mozilla/5.0 (X11; Linux x86_64) AppleWebKit/537.36 (KHTML, like Gecko) Cypress/15.8.1 Chrome/138.0.7204.251 Electron/37.6.0 Safari/537.36"
[2026-06-07T13:41:05.893Z]  "GET /examples/youtube-upload.js" "Mozilla/5.0 (X11; Linux x86_64) AppleWebKit/537.36 (KHTML, like Gecko) Cypress/15.8.1 Chrome/138.0.7204.251 Electron/37.6.0 Safari/537.36"
[2026-06-07T13:41:05.936Z]  "GET /examples/pipeline.js" "Mozilla/5.0 (X11; Linux x86_64) AppleWebKit/537.36 (KHTML, like Gecko) Cypress/15.8.1 Chrome/138.0.7204.251 Electron/37.6.0 Safari/537.36"
[2026-06-07T13:41:06.850Z]  "GET /examples/index.html" "Mozilla/5.0 (X11; Linux x86_64) AppleWebKit/537.36 (KHTML, like Gecko) Cypress/15.8.1 Chrome/138.0.7204.251 Electron/37.6.0 Safari/537.36"
[2026-06-07T13:41:06.877Z]  "GET /examples/styles.css" "Mozilla/5.0 (X11; Linux x86_64) AppleWebKit/537.36 (KHTML, like Gecko) Cypress/15.8.1 Chrome/138.0.7204.251 Electron/37.6.0 Safari/537.36"
[2026-06-07T13:41:06.879Z]  "GET /dist/audio-recorder-visualization.umd.js" "Mozilla/5.0 (X11; Linux x86_64) AppleWebKit/537.36 (KHTML, like Gecko) Cypress/15.8.1 Chrome/138.0.7204.251 Electron/37.6.0 Safari/537.36"
[2026-06-07T13:41:06.880Z]  "GET /examples/app-core.js" "Mozilla/5.0 (X11; Linux x86_64) AppleWebKit/537.36 (KHTML, like Gecko) Cypress/15.8.1 Chrome/138.0.7204.251 Electron/37.6.0 Safari/537.36"
[2026-06-07T13:41:06.881Z]  "GET /examples/app-features.js" "Mozilla/5.0 (X11; Linux x86_64) AppleWebKit/537.36 (KHTML, like Gecko) Cypress/15.8.1 Chrome/138.0.7204.251 Electron/37.6.0 Safari/537.36"
[2026-06-07T13:41:06.882Z]  "GET /examples/app-interactions.js" "Mozilla/5.0 (X11; Linux x86_64) AppleWebKit/537.36 (KHTML, like Gecko) Cypress/15.8.1 Chrome/138.0.7204.251 Electron/37.6.0 Safari/537.36"
[2026-06-07T13:41:06.899Z]  "GET /examples/youtube-upload.js" "Mozilla/5.0 (X11; Linux x86_64) AppleWebKit/537.36 (KHTML, like Gecko) Cypress/15.8.1 Chrome/138.0.7204.251 Electron/37.6.0 Safari/537.36"
[2026-06-07T13:41:06.913Z]  "GET /examples/pipeline.js" "Mozilla/5.0 (X11; Linux x86_64) AppleWebKit/537.36 (KHTML, like Gecko) Cypress/15.8.1 Chrome/138.0.7204.251 Electron/37.6.0 Safari/537.36"
[2026-06-07T13:41:08.015Z]  "GET /examples/index.html" "Mozilla/5.0 (X11; Linux x86_64) AppleWebKit/537.36 (KHTML, like Gecko) Cypress/15.8.1 Chrome/138.0.7204.251 Electron/37.6.0 Safari/537.36"
[2026-06-07T13:41:08.052Z]  "GET /examples/styles.css" "Mozilla/5.0 (X11; Linux x86_64) AppleWebKit/537.36 (KHTML, like Gecko) Cypress/15.8.1 Chrome/138.0.7204.251 Electron/37.6.0 Safari/537.36"
[2026-06-07T13:41:08.053Z]  "GET /dist/audio-recorder-visualization.umd.js" "Mozilla/5.0 (X11; Linux x86_64) AppleWebKit/537.36 (KHTML, like Gecko) Cypress/15.8.1 Chrome/138.0.7204.251 Electron/37.6.0 Safari/537.36"
[2026-06-07T13:41:08.054Z]  "GET /examples/app-core.js" "Mozilla/5.0 (X11; Linux x86_64) AppleWebKit/537.36 (KHTML, like Gecko) Cypress/15.8.1 Chrome/138.0.7204.251 Electron/37.6.0 Safari/537.36"
[2026-06-07T13:41:08.055Z]  "GET /examples/app-features.js" "Mozilla/5.0 (X11; Linux x86_64) AppleWebKit/537.36 (KHTML, like Gecko) Cypress/15.8.1 Chrome/138.0.7204.251 Electron/37.6.0 Safari/537.36"
[2026-06-07T13:41:08.056Z]  "GET /examples/app-interactions.js" "Mozilla/5.0 (X11; Linux x86_64) AppleWebKit/537.36 (KHTML, like Gecko) Cypress/15.8.1 Chrome/138.0.7204.251 Electron/37.6.0 Safari/537.36"
[2026-06-07T13:41:08.061Z]  "GET /examples/youtube-upload.js" "Mozilla/5.0 (X11; Linux x86_64) AppleWebKit/537.36 (KHTML, like Gecko) Cypress/15.8.1 Chrome/138.0.7204.251 Electron/37.6.0 Safari/537.36"
[2026-06-07T13:41:08.084Z]  "GET /examples/pipeline.js" "Mozilla/5.0 (X11; Linux x86_64) AppleWebKit/537.36 (KHTML, like Gecko) Cypress/15.8.1 Chrome/138.0.7204.251 Electron/37.6.0 Safari/537.36"
[2026-06-07T13:41:08.769Z]  "GET /examples/index.html" "Mozilla/5.0 (X11; Linux x86_64) AppleWebKit/537.36 (KHTML, like Gecko) Cypress/15.8.1 Chrome/138.0.7204.251 Electron/37.6.0 Safari/537.36"
[2026-06-07T13:41:08.805Z]  "GET /examples/styles.css" "Mozilla/5.0 (X11; Linux x86_64) AppleWebKit/537.36 (KHTML, like Gecko) Cypress/15.8.1 Chrome/138.0.7204.251 Electron/37.6.0 Safari/537.36"
[2026-06-07T13:41:08.806Z]  "GET /dist/audio-recorder-visualization.umd.js" "Mozilla/5.0 (X11; Linux x86_64) AppleWebKit/537.36 (KHTML, like Gecko) Cypress/15.8.1 Chrome/138.0.7204.251 Electron/37.6.0 Safari/537.36"
[2026-06-07T13:41:08.807Z]  "GET /examples/app-core.js" "Mozilla/5.0 (X11; Linux x86_64) AppleWebKit/537.36 (KHTML, like Gecko) Cypress/15.8.1 Chrome/138.0.7204.251 Electron/37.6.0 Safari/537.36"
[2026-06-07T13:41:08.808Z]  "GET /examples/app-features.js" "Mozilla/5.0 (X11; Linux x86_64) AppleWebKit/537.36 (KHTML, like Gecko) Cypress/15.8.1 Chrome/138.0.7204.251 Electron/37.6.0 Safari/537.36"
[2026-06-07T13:41:08.808Z]  "GET /examples/app-interactions.js" "Mozilla/5.0 (X11; Linux x86_64) AppleWebKit/537.36 (KHTML, like Gecko) Cypress/15.8.1 Chrome/138.0.7204.251 Electron/37.6.0 Safari/537.36"
[2026-06-07T13:41:08.809Z]  "GET /examples/youtube-upload.js" "Mozilla/5.0 (X11; Linux x86_64) AppleWebKit/537.36 (KHTML, like Gecko) Cypress/15.8.1 Chrome/138.0.7204.251 Electron/37.6.0 Safari/537.36"
[2026-06-07T13:41:08.836Z]  "GET /examples/pipeline.js" "Mozilla/5.0 (X11; Linux x86_64) AppleWebKit/537.36 (KHTML, like Gecko) Cypress/15.8.1 Chrome/138.0.7204.251 Electron/37.6.0 Safari/537.36"
[2026-06-07T13:41:09.586Z]  "GET /examples/index.html" "Mozilla/5.0 (X11; Linux x86_64) AppleWebKit/537.36 (KHTML, like Gecko) Cypress/15.8.1 Chrome/138.0.7204.251 Electron/37.6.0 Safari/537.36"
[2026-06-07T13:41:09.624Z]  "GET /examples/styles.css" "Mozilla/5.0 (X11; Linux x86_64) AppleWebKit/537.36 (KHTML, like Gecko) Cypress/15.8.1 Chrome/138.0.7204.251 Electron/37.6.0 Safari/537.36"
[2026-06-07T13:41:09.626Z]  "GET /dist/audio-recorder-visualization.umd.js" "Mozilla/5.0 (X11; Linux x86_64) AppleWebKit/537.36 (KHTML, like Gecko) Cypress/15.8.1 Chrome/138.0.7204.251 Electron/37.6.0 Safari/537.36"
[2026-06-07T13:41:09.628Z]  "GET /examples/app-core.js" "Mozilla/5.0 (X11; Linux x86_64) AppleWebKit/537.36 (KHTML, like Gecko) Cypress/15.8.1 Chrome/138.0.7204.251 Electron/37.6.0 Safari/537.36"
[2026-06-07T13:41:09.629Z]  "GET /examples/app-features.js" "Mozilla/5.0 (X11; Linux x86_64) AppleWebKit/537.36 (KHTML, like Gecko) Cypress/15.8.1 Chrome/138.0.7204.251 Electron/37.6.0 Safari/537.36"
[2026-06-07T13:41:09.630Z]  "GET /examples/app-interactions.js" "Mozilla/5.0 (X11; Linux x86_64) AppleWebKit/537.36 (KHTML, like Gecko) Cypress/15.8.1 Chrome/138.0.7204.251 Electron/37.6.0 Safari/537.36"
[2026-06-07T13:41:09.630Z]  "GET /examples/youtube-upload.js" "Mozilla/5.0 (X11; Linux x86_64) AppleWebKit/537.36 (KHTML, like Gecko) Cypress/15.8.1 Chrome/138.0.7204.251 Electron/37.6.0 Safari/537.36"
[2026-06-07T13:41:09.653Z]  "GET /examples/pipeline.js" "Mozilla/5.0 (X11; Linux x86_64) AppleWebKit/537.36 (KHTML, like Gecko) Cypress/15.8.1 Chrome/138.0.7204.251 Electron/37.6.0 Safari/537.36"
[2026-06-07T13:41:10.756Z]  "GET /examples/index.html" "Mozilla/5.0 (X11; Linux x86_64) AppleWebKit/537.36 (KHTML, like Gecko) Cypress/15.8.1 Chrome/138.0.7204.251 Electron/37.6.0 Safari/537.36"
[2026-06-07T13:41:10.787Z]  "GET /examples/styles.css" "Mozilla/5.0 (X11; Linux x86_64) AppleWebKit/537.36 (KHTML, like Gecko) Cypress/15.8.1 Chrome/138.0.7204.251 Electron/37.6.0 Safari/537.36"
[2026-06-07T13:41:10.789Z]  "GET /dist/audio-recorder-visualization.umd.js" "Mozilla/5.0 (X11; Linux x86_64) AppleWebKit/537.36 (KHTML, like Gecko) Cypress/15.8.1 Chrome/138.0.7204.251 Electron/37.6.0 Safari/537.36"
[2026-06-07T13:41:10.790Z]  "GET /examples/app-core.js" "Mozilla/5.0 (X11; Linux x86_64) AppleWebKit/537.36 (KHTML, like Gecko) Cypress/15.8.1 Chrome/138.0.7204.251 Electron/37.6.0 Safari/537.36"
[2026-06-07T13:41:10.791Z]  "GET /examples/app-features.js" "Mozilla/5.0 (X11; Linux x86_64) AppleWebKit/537.36 (KHTML, like Gecko) Cypress/15.8.1 Chrome/138.0.7204.251 Electron/37.6.0 Safari/537.36"
[2026-06-07T13:41:10.792Z]  "GET /examples/app-interactions.js" "Mozilla/5.0 (X11; Linux x86_64) AppleWebKit/537.36 (KHTML, like Gecko) Cypress/15.8.1 Chrome/138.0.7204.251 Electron/37.6.0 Safari/537.36"
[2026-06-07T13:41:10.793Z]  "GET /examples/youtube-upload.js" "Mozilla/5.0 (X11; Linux x86_64) AppleWebKit/537.36 (KHTML, like Gecko) Cypress/15.8.1 Chrome/138.0.7204.251 Electron/37.6.0 Safari/537.36"
[2026-06-07T13:41:10.816Z]  "GET /examples/pipeline.js" "Mozilla/5.0 (X11; Linux x86_64) AppleWebKit/537.36 (KHTML, like Gecko) Cypress/15.8.1 Chrome/138.0.7204.251 Electron/37.6.0 Safari/537.36"
[2026-06-07T13:41:12.145Z]  "GET /examples/index.html" "Mozilla/5.0 (X11; Linux x86_64) AppleWebKit/537.36 (KHTML, like Gecko) Cypress/15.8.1 Chrome/138.0.7204.251 Electron/37.6.0 Safari/537.36"
[2026-06-07T13:41:12.185Z]  "GET /examples/styles.css" "Mozilla/5.0 (X11; Linux x86_64) AppleWebKit/537.36 (KHTML, like Gecko) Cypress/15.8.1 Chrome/138.0.7204.251 Electron/37.6.0 Safari/537.36"
[2026-06-07T13:41:12.186Z]  "GET /dist/audio-recorder-visualization.umd.js" "Mozilla/5.0 (X11; Linux x86_64) AppleWebKit/537.36 (KHTML, like Gecko) Cypress/15.8.1 Chrome/138.0.7204.251 Electron/37.6.0 Safari/537.36"
[2026-06-07T13:41:12.189Z]  "GET /examples/app-core.js" "Mozilla/5.0 (X11; Linux x86_64) AppleWebKit/537.36 (KHTML, like Gecko) Cypress/15.8.1 Chrome/138.0.7204.251 Electron/37.6.0 Safari/537.36"
[2026-06-07T13:41:12.192Z]  "GET /examples/app-features.js" "Mozilla/5.0 (X11; Linux x86_64) AppleWebKit/537.36 (KHTML, like Gecko) Cypress/15.8.1 Chrome/138.0.7204.251 Electron/37.6.0 Safari/537.36"
[2026-06-07T13:41:12.194Z]  "GET /examples/app-interactions.js" "Mozilla/5.0 (X11; Linux x86_64) AppleWebKit/537.36 (KHTML, like Gecko) Cypress/15.8.1 Chrome/138.0.7204.251 Electron/37.6.0 Safari/537.36"
[2026-06-07T13:41:12.195Z]  "GET /examples/youtube-upload.js" "Mozilla/5.0 (X11; Linux x86_64) AppleWebKit/537.36 (KHTML, like Gecko) Cypress/15.8.1 Chrome/138.0.7204.251 Electron/37.6.0 Safari/537.36"
[2026-06-07T13:41:12.220Z]  "GET /examples/pipeline.js" "Mozilla/5.0 (X11; Linux x86_64) AppleWebKit/537.36 (KHTML, like Gecko) Cypress/15.8.1 Chrome/138.0.7204.251 Electron/37.6.0 Safari/537.36"
[2026-06-07T13:41:12.929Z]  "GET /examples/index.html" "Mozilla/5.0 (X11; Linux x86_64) AppleWebKit/537.36 (KHTML, like Gecko) Cypress/15.8.1 Chrome/138.0.7204.251 Electron/37.6.0 Safari/537.36"
[2026-06-07T13:41:12.966Z]  "GET /examples/styles.css" "Mozilla/5.0 (X11; Linux x86_64) AppleWebKit/537.36 (KHTML, like Gecko) Cypress/15.8.1 Chrome/138.0.7204.251 Electron/37.6.0 Safari/537.36"
[2026-06-07T13:41:12.968Z]  "GET /dist/audio-recorder-visualization.umd.js" "Mozilla/5.0 (X11; Linux x86_64) AppleWebKit/537.36 (KHTML, like Gecko) Cypress/15.8.1 Chrome/138.0.7204.251 Electron/37.6.0 Safari/537.36"
[2026-06-07T13:41:12.969Z]  "GET /examples/app-core.js" "Mozilla/5.0 (X11; Linux x86_64) AppleWebKit/537.36 (KHTML, like Gecko) Cypress/15.8.1 Chrome/138.0.7204.251 Electron/37.6.0 Safari/537.36"
[2026-06-07T13:41:12.970Z]  "GET /examples/app-features.js" "Mozilla/5.0 (X11; Linux x86_64) AppleWebKit/537.36 (KHTML, like Gecko) Cypress/15.8.1 Chrome/138.0.7204.251 Electron/37.6.0 Safari/537.36"
[2026-06-07T13:41:12.971Z]  "GET /examples/app-interactions.js" "Mozilla/5.0 (X11; Linux x86_64) AppleWebKit/537.36 (KHTML, like Gecko) Cypress/15.8.1 Chrome/138.0.7204.251 Electron/37.6.0 Safari/537.36"
[2026-06-07T13:41:12.972Z]  "GET /examples/youtube-upload.js" "Mozilla/5.0 (X11; Linux x86_64) AppleWebKit/537.36 (KHTML, like Gecko) Cypress/15.8.1 Chrome/138.0.7204.251 Electron/37.6.0 Safari/537.36"
[2026-06-07T13:41:12.999Z]  "GET /examples/pipeline.js" "Mozilla/5.0 (X11; Linux x86_64) AppleWebKit/537.36 (KHTML, like Gecko) Cypress/15.8.1 Chrome/138.0.7204.251 Electron/37.6.0 Safari/537.36"
[2026-06-07T13:41:13.099Z]  "GET /examples/index.html" "Mozilla/5.0 (X11; Linux x86_64) AppleWebKit/537.36 (KHTML, like Gecko) Cypress/15.8.1 Chrome/138.0.7204.251 Electron/37.6.0 Safari/537.36"
[2026-06-07T13:41:13.134Z]  "GET /examples/styles.css" "Mozilla/5.0 (X11; Linux x86_64) AppleWebKit/537.36 (KHTML, like Gecko) Cypress/15.8.1 Chrome/138.0.7204.251 Electron/37.6.0 Safari/537.36"
[2026-06-07T13:41:13.136Z]  "GET /dist/audio-recorder-visualization.umd.js" "Mozilla/5.0 (X11; Linux x86_64) AppleWebKit/537.36 (KHTML, like Gecko) Cypress/15.8.1 Chrome/138.0.7204.251 Electron/37.6.0 Safari/537.36"
[2026-06-07T13:41:13.137Z]  "GET /examples/app-core.js" "Mozilla/5.0 (X11; Linux x86_64) AppleWebKit/537.36 (KHTML, like Gecko) Cypress/15.8.1 Chrome/138.0.7204.251 Electron/37.6.0 Safari/537.36"
[2026-06-07T13:41:13.138Z]  "GET /examples/app-features.js" "Mozilla/5.0 (X11; Linux x86_64) AppleWebKit/537.36 (KHTML, like Gecko) Cypress/15.8.1 Chrome/138.0.7204.251 Electron/37.6.0 Safari/537.36"
[2026-06-07T13:41:13.139Z]  "GET /examples/app-interactions.js" "Mozilla/5.0 (X11; Linux x86_64) AppleWebKit/537.36 (KHTML, like Gecko) Cypress/15.8.1 Chrome/138.0.7204.251 Electron/37.6.0 Safari/537.36"
[2026-06-07T13:41:13.146Z]  "GET /examples/youtube-upload.js" "Mozilla/5.0 (X11; Linux x86_64) AppleWebKit/537.36 (KHTML, like Gecko) Cypress/15.8.1 Chrome/138.0.7204.251 Electron/37.6.0 Safari/537.36"
[2026-06-07T13:41:13.171Z]  "GET /examples/pipeline.js" "Mozilla/5.0 (X11; Linux x86_64) AppleWebKit/537.36 (KHTML, like Gecko) Cypress/15.8.1 Chrome/138.0.7204.251 Electron/37.6.0 Safari/537.36"
[2026-06-07T13:41:15.449Z]  "GET /examples/index.html" "Mozilla/5.0 (X11; Linux x86_64) AppleWebKit/537.36 (KHTML, like Gecko) Cypress/15.8.1 Chrome/138.0.7204.251 Electron/37.6.0 Safari/537.36"
[2026-06-07T13:41:15.481Z]  "GET /examples/styles.css" "Mozilla/5.0 (X11; Linux x86_64) AppleWebKit/537.36 (KHTML, like Gecko) Cypress/15.8.1 Chrome/138.0.7204.251 Electron/37.6.0 Safari/537.36"
[2026-06-07T13:41:15.483Z]  "GET /dist/audio-recorder-visualization.umd.js" "Mozilla/5.0 (X11; Linux x86_64) AppleWebKit/537.36 (KHTML, like Gecko) Cypress/15.8.1 Chrome/138.0.7204.251 Electron/37.6.0 Safari/537.36"
[2026-06-07T13:41:15.484Z]  "GET /examples/app-core.js" "Mozilla/5.0 (X11; Linux x86_64) AppleWebKit/537.36 (KHTML, like Gecko) Cypress/15.8.1 Chrome/138.0.7204.251 Electron/37.6.0 Safari/537.36"
[2026-06-07T13:41:15.485Z]  "GET /examples/app-features.js" "Mozilla/5.0 (X11; Linux x86_64) AppleWebKit/537.36 (KHTML, like Gecko) Cypress/15.8.1 Chrome/138.0.7204.251 Electron/37.6.0 Safari/537.36"
[2026-06-07T13:41:15.485Z]  "GET /examples/app-interactions.js" "Mozilla/5.0 (X11; Linux x86_64) AppleWebKit/537.36 (KHTML, like Gecko) Cypress/15.8.1 Chrome/138.0.7204.251 Electron/37.6.0 Safari/537.36"
[2026-06-07T13:41:15.487Z]  "GET /examples/youtube-upload.js" "Mozilla/5.0 (X11; Linux x86_64) AppleWebKit/537.36 (KHTML, like Gecko) Cypress/15.8.1 Chrome/138.0.7204.251 Electron/37.6.0 Safari/537.36"
[2026-06-07T13:41:15.520Z]  "GET /examples/pipeline.js" "Mozilla/5.0 (X11; Linux x86_64) AppleWebKit/537.36 (KHTML, like Gecko) Cypress/15.8.1 Chrome/138.0.7204.251 Electron/37.6.0 Safari/537.36"
[2026-06-07T13:41:16.356Z]  "GET /examples/index.html" "Mozilla/5.0 (X11; Linux x86_64) AppleWebKit/537.36 (KHTML, like Gecko) Cypress/15.8.1 Chrome/138.0.7204.251 Electron/37.6.0 Safari/537.36"
[2026-06-07T13:41:16.388Z]  "GET /examples/styles.css" "Mozilla/5.0 (X11; Linux x86_64) AppleWebKit/537.36 (KHTML, like Gecko) Cypress/15.8.1 Chrome/138.0.7204.251 Electron/37.6.0 Safari/537.36"
[2026-06-07T13:41:16.389Z]  "GET /dist/audio-recorder-visualization.umd.js" "Mozilla/5.0 (X11; Linux x86_64) AppleWebKit/537.36 (KHTML, like Gecko) Cypress/15.8.1 Chrome/138.0.7204.251 Electron/37.6.0 Safari/537.36"
[2026-06-07T13:41:16.390Z]  "GET /examples/app-core.js" "Mozilla/5.0 (X11; Linux x86_64) AppleWebKit/537.36 (KHTML, like Gecko) Cypress/15.8.1 Chrome/138.0.7204.251 Electron/37.6.0 Safari/537.36"
[2026-06-07T13:41:16.391Z]  "GET /examples/app-features.js" "Mozilla/5.0 (X11; Linux x86_64) AppleWebKit/537.36 (KHTML, like Gecko) Cypress/15.8.1 Chrome/138.0.7204.251 Electron/37.6.0 Safari/537.36"
[2026-06-07T13:41:16.392Z]  "GET /examples/app-interactions.js" "Mozilla/5.0 (X11; Linux x86_64) AppleWebKit/537.36 (KHTML, like Gecko) Cypress/15.8.1 Chrome/138.0.7204.251 Electron/37.6.0 Safari/537.36"
[2026-06-07T13:41:16.393Z]  "GET /examples/youtube-upload.js" "Mozilla/5.0 (X11; Linux x86_64) AppleWebKit/537.36 (KHTML, like Gecko) Cypress/15.8.1 Chrome/138.0.7204.251 Electron/37.6.0 Safari/537.36"
[2026-06-07T13:41:16.430Z]  "GET /examples/pipeline.js" "Mozilla/5.0 (X11; Linux x86_64) AppleWebKit/537.36 (KHTML, like Gecko) Cypress/15.8.1 Chrome/138.0.7204.251 Electron/37.6.0 Safari/537.36"
[2026-06-07T13:41:17.303Z]  "GET /examples/index.html" "Mozilla/5.0 (X11; Linux x86_64) AppleWebKit/537.36 (KHTML, like Gecko) Cypress/15.8.1 Chrome/138.0.7204.251 Electron/37.6.0 Safari/537.36"
[2026-06-07T13:41:17.336Z]  "GET /examples/styles.css" "Mozilla/5.0 (X11; Linux x86_64) AppleWebKit/537.36 (KHTML, like Gecko) Cypress/15.8.1 Chrome/138.0.7204.251 Electron/37.6.0 Safari/537.36"
[2026-06-07T13:41:17.337Z]  "GET /dist/audio-recorder-visualization.umd.js" "Mozilla/5.0 (X11; Linux x86_64) AppleWebKit/537.36 (KHTML, like Gecko) Cypress/15.8.1 Chrome/138.0.7204.251 Electron/37.6.0 Safari/537.36"
[2026-06-07T13:41:17.338Z]  "GET /examples/app-core.js" "Mozilla/5.0 (X11; Linux x86_64) AppleWebKit/537.36 (KHTML, like Gecko) Cypress/15.8.1 Chrome/138.0.7204.251 Electron/37.6.0 Safari/537.36"
[2026-06-07T13:41:17.339Z]  "GET /examples/app-features.js" "Mozilla/5.0 (X11; Linux x86_64) AppleWebKit/537.36 (KHTML, like Gecko) Cypress/15.8.1 Chrome/138.0.7204.251 Electron/37.6.0 Safari/537.36"
[2026-06-07T13:41:17.340Z]  "GET /examples/app-interactions.js" "Mozilla/5.0 (X11; Linux x86_64) AppleWebKit/537.36 (KHTML, like Gecko) Cypress/15.8.1 Chrome/138.0.7204.251 Electron/37.6.0 Safari/537.36"
[2026-06-07T13:41:17.341Z]  "GET /examples/youtube-upload.js" "Mozilla/5.0 (X11; Linux x86_64) AppleWebKit/537.36 (KHTML, like Gecko) Cypress/15.8.1 Chrome/138.0.7204.251 Electron/37.6.0 Safari/537.36"
[2026-06-07T13:41:17.369Z]  "GET /examples/pipeline.js" "Mozilla/5.0 (X11; Linux x86_64) AppleWebKit/537.36 (KHTML, like Gecko) Cypress/15.8.1 Chrome/138.0.7204.251 Electron/37.6.0 Safari/537.36"
[2026-06-07T13:41:18.175Z]  "GET /examples/index.html" "Mozilla/5.0 (X11; Linux x86_64) AppleWebKit/537.36 (KHTML, like Gecko) Cypress/15.8.1 Chrome/138.0.7204.251 Electron/37.6.0 Safari/537.36"
[2026-06-07T13:41:18.203Z]  "GET /examples/styles.css" "Mozilla/5.0 (X11; Linux x86_64) AppleWebKit/537.36 (KHTML, like Gecko) Cypress/15.8.1 Chrome/138.0.7204.251 Electron/37.6.0 Safari/537.36"
[2026-06-07T13:41:18.204Z]  "GET /dist/audio-recorder-visualization.umd.js" "Mozilla/5.0 (X11; Linux x86_64) AppleWebKit/537.36 (KHTML, like Gecko) Cypress/15.8.1 Chrome/138.0.7204.251 Electron/37.6.0 Safari/537.36"
[2026-06-07T13:41:18.205Z]  "GET /examples/app-core.js" "Mozilla/5.0 (X11; Linux x86_64) AppleWebKit/537.36 (KHTML, like Gecko) Cypress/15.8.1 Chrome/138.0.7204.251 Electron/37.6.0 Safari/537.36"
[2026-06-07T13:41:18.206Z]  "GET /examples/app-features.js" "Mozilla/5.0 (X11; Linux x86_64) AppleWebKit/537.36 (KHTML, like Gecko) Cypress/15.8.1 Chrome/138.0.7204.251 Electron/37.6.0 Safari/537.36"
[2026-06-07T13:41:18.207Z]  "GET /examples/app-interactions.js" "Mozilla/5.0 (X11; Linux x86_64) AppleWebKit/537.36 (KHTML, like Gecko) Cypress/15.8.1 Chrome/138.0.7204.251 Electron/37.6.0 Safari/537.36"
[2026-06-07T13:41:18.207Z]  "GET /examples/youtube-upload.js" "Mozilla/5.0 (X11; Linux x86_64) AppleWebKit/537.36 (KHTML, like Gecko) Cypress/15.8.1 Chrome/138.0.7204.251 Electron/37.6.0 Safari/537.36"
[2026-06-07T13:41:18.249Z]  "GET /examples/pipeline.js" "Mozilla/5.0 (X11; Linux x86_64) AppleWebKit/537.36 (KHTML, like Gecko) Cypress/15.8.1 Chrome/138.0.7204.251 Electron/37.6.0 Safari/537.36"
[2026-06-07T13:41:19.781Z]  "GET /examples/index.html" "Mozilla/5.0 (X11; Linux x86_64) AppleWebKit/537.36 (KHTML, like Gecko) Cypress/15.8.1 Chrome/138.0.7204.251 Electron/37.6.0 Safari/537.36"
[2026-06-07T13:41:19.806Z]  "GET /examples/styles.css" "Mozilla/5.0 (X11; Linux x86_64) AppleWebKit/537.36 (KHTML, like Gecko) Cypress/15.8.1 Chrome/138.0.7204.251 Electron/37.6.0 Safari/537.36"
[2026-06-07T13:41:19.807Z]  "GET /dist/audio-recorder-visualization.umd.js" "Mozilla/5.0 (X11; Linux x86_64) AppleWebKit/537.36 (KHTML, like Gecko) Cypress/15.8.1 Chrome/138.0.7204.251 Electron/37.6.0 Safari/537.36"
[2026-06-07T13:41:19.808Z]  "GET /examples/app-core.js" "Mozilla/5.0 (X11; Linux x86_64) AppleWebKit/537.36 (KHTML, like Gecko) Cypress/15.8.1 Chrome/138.0.7204.251 Electron/37.6.0 Safari/537.36"
[2026-06-07T13:41:19.809Z]  "GET /examples/app-features.js" "Mozilla/5.0 (X11; Linux x86_64) AppleWebKit/537.36 (KHTML, like Gecko) Cypress/15.8.1 Chrome/138.0.7204.251 Electron/37.6.0 Safari/537.36"
[2026-06-07T13:41:19.811Z]  "GET /examples/app-interactions.js" "Mozilla/5.0 (X11; Linux x86_64) AppleWebKit/537.36 (KHTML, like Gecko) Cypress/15.8.1 Chrome/138.0.7204.251 Electron/37.6.0 Safari/537.36"
[2026-06-07T13:41:19.812Z]  "GET /examples/youtube-upload.js" "Mozilla/5.0 (X11; Linux x86_64) AppleWebKit/537.36 (KHTML, like Gecko) Cypress/15.8.1 Chrome/138.0.7204.251 Electron/37.6.0 Safari/537.36"
[2026-06-07T13:41:19.830Z]  "GET /examples/pipeline.js" "Mozilla/5.0 (X11; Linux x86_64) AppleWebKit/537.36 (KHTML, like Gecko) Cypress/15.8.1 Chrome/138.0.7204.251 Electron/37.6.0 Safari/537.36"
[2026-06-07T13:41:20.534Z]  "GET /examples/index.html" "Mozilla/5.0 (X11; Linux x86_64) AppleWebKit/537.36 (KHTML, like Gecko) Cypress/15.8.1 Chrome/138.0.7204.251 Electron/37.6.0 Safari/537.36"
[2026-06-07T13:41:20.559Z]  "GET /examples/styles.css" "Mozilla/5.0 (X11; Linux x86_64) AppleWebKit/537.36 (KHTML, like Gecko) Cypress/15.8.1 Chrome/138.0.7204.251 Electron/37.6.0 Safari/537.36"
[2026-06-07T13:41:20.561Z]  "GET /dist/audio-recorder-visualization.umd.js" "Mozilla/5.0 (X11; Linux x86_64) AppleWebKit/537.36 (KHTML, like Gecko) Cypress/15.8.1 Chrome/138.0.7204.251 Electron/37.6.0 Safari/537.36"
[2026-06-07T13:41:20.562Z]  "GET /examples/app-core.js" "Mozilla/5.0 (X11; Linux x86_64) AppleWebKit/537.36 (KHTML, like Gecko) Cypress/15.8.1 Chrome/138.0.7204.251 Electron/37.6.0 Safari/537.36"
[2026-06-07T13:41:20.563Z]  "GET /examples/app-features.js" "Mozilla/5.0 (X11; Linux x86_64) AppleWebKit/537.36 (KHTML, like Gecko) Cypress/15.8.1 Chrome/138.0.7204.251 Electron/37.6.0 Safari/537.36"
[2026-06-07T13:41:20.564Z]  "GET /examples/app-interactions.js" "Mozilla/5.0 (X11; Linux x86_64) AppleWebKit/537.36 (KHTML, like Gecko) Cypress/15.8.1 Chrome/138.0.7204.251 Electron/37.6.0 Safari/537.36"
[2026-06-07T13:41:20.565Z]  "GET /examples/youtube-upload.js" "Mozilla/5.0 (X11; Linux x86_64) AppleWebKit/537.36 (KHTML, like Gecko) Cypress/15.8.1 Chrome/138.0.7204.251 Electron/37.6.0 Safari/537.36"
[2026-06-07T13:41:20.587Z]  "GET /examples/pipeline.js" "Mozilla/5.0 (X11; Linux x86_64) AppleWebKit/537.36 (KHTML, like Gecko) Cypress/15.8.1 Chrome/138.0.7204.251 Electron/37.6.0 Safari/537.36"
[2026-06-07T13:41:20.652Z]  "GET /examples/index.html" "Mozilla/5.0 (X11; Linux x86_64) AppleWebKit/537.36 (KHTML, like Gecko) Cypress/15.8.1 Chrome/138.0.7204.251 Electron/37.6.0 Safari/537.36"
[2026-06-07T13:41:20.698Z]  "GET /examples/styles.css" "Mozilla/5.0 (X11; Linux x86_64) AppleWebKit/537.36 (KHTML, like Gecko) Cypress/15.8.1 Chrome/138.0.7204.251 Electron/37.6.0 Safari/537.36"
[2026-06-07T13:41:20.699Z]  "GET /dist/audio-recorder-visualization.umd.js" "Mozilla/5.0 (X11; Linux x86_64) AppleWebKit/537.36 (KHTML, like Gecko) Cypress/15.8.1 Chrome/138.0.7204.251 Electron/37.6.0 Safari/537.36"
[2026-06-07T13:41:20.700Z]  "GET /examples/app-core.js" "Mozilla/5.0 (X11; Linux x86_64) AppleWebKit/537.36 (KHTML, like Gecko) Cypress/15.8.1 Chrome/138.0.7204.251 Electron/37.6.0 Safari/537.36"
[2026-06-07T13:41:20.703Z]  "GET /examples/app-features.js" "Mozilla/5.0 (X11; Linux x86_64) AppleWebKit/537.36 (KHTML, like Gecko) Cypress/15.8.1 Chrome/138.0.7204.251 Electron/37.6.0 Safari/537.36"
[2026-06-07T13:41:20.703Z]  "GET /examples/app-interactions.js" "Mozilla/5.0 (X11; Linux x86_64) AppleWebKit/537.36 (KHTML, like Gecko) Cypress/15.8.1 Chrome/138.0.7204.251 Electron/37.6.0 Safari/537.36"
[2026-06-07T13:41:20.704Z]  "GET /examples/youtube-upload.js" "Mozilla/5.0 (X11; Linux x86_64) AppleWebKit/537.36 (KHTML, like Gecko) Cypress/15.8.1 Chrome/138.0.7204.251 Electron/37.6.0 Safari/537.36"
[2026-06-07T13:41:20.730Z]  "GET /examples/pipeline.js" "Mozilla/5.0 (X11; Linux x86_64) AppleWebKit/537.36 (KHTML, like Gecko) Cypress/15.8.1 Chrome/138.0.7204.251 Electron/37.6.0 Safari/537.36"
[2026-06-07T13:41:33.476Z]  "GET /examples/index.html" "Mozilla/5.0 (X11; Linux x86_64) AppleWebKit/537.36 (KHTML, like Gecko) Cypress/15.8.1 Chrome/138.0.7204.251 Electron/37.6.0 Safari/537.36"
[2026-06-07T13:41:33.506Z]  "GET /examples/styles.css" "Mozilla/5.0 (X11; Linux x86_64) AppleWebKit/537.36 (KHTML, like Gecko) Cypress/15.8.1 Chrome/138.0.7204.251 Electron/37.6.0 Safari/537.36"
[2026-06-07T13:41:33.509Z]  "GET /examples/app-core.js" "Mozilla/5.0 (X11; Linux x86_64) AppleWebKit/537.36 (KHTML, like Gecko) Cypress/15.8.1 Chrome/138.0.7204.251 Electron/37.6.0 Safari/537.36"
[2026-06-07T13:41:33.511Z]  "GET /dist/audio-recorder-visualization.umd.js" "Mozilla/5.0 (X11; Linux x86_64) AppleWebKit/537.36 (KHTML, like Gecko) Cypress/15.8.1 Chrome/138.0.7204.251 Electron/37.6.0 Safari/537.36"
[2026-06-07T13:41:33.512Z]  "GET /examples/app-features.js" "Mozilla/5.0 (X11; Linux x86_64) AppleWebKit/537.36 (KHTML, like Gecko) Cypress/15.8.1 Chrome/138.0.7204.251 Electron/37.6.0 Safari/537.36"
[2026-06-07T13:41:33.520Z]  "GET /examples/app-interactions.js" "Mozilla/5.0 (X11; Linux x86_64) AppleWebKit/537.36 (KHTML, like Gecko) Cypress/15.8.1 Chrome/138.0.7204.251 Electron/37.6.0 Safari/537.36"
[2026-06-07T13:41:33.532Z]  "GET /examples/youtube-upload.js" "Mozilla/5.0 (X11; Linux x86_64) AppleWebKit/537.36 (KHTML, like Gecko) Cypress/15.8.1 Chrome/138.0.7204.251 Electron/37.6.0 Safari/537.36"
[2026-06-07T13:41:33.539Z]  "GET /examples/pipeline.js" "Mozilla/5.0 (X11; Linux x86_64) AppleWebKit/537.36 (KHTML, like Gecko) Cypress/15.8.1 Chrome/138.0.7204.251 Electron/37.6.0 Safari/537.36"
[2026-06-07T13:42:07.635Z]  "GET /examples/index.html" "Mozilla/5.0 (X11; Linux x86_64) AppleWebKit/537.36 (KHTML, like Gecko) Cypress/15.8.1 Chrome/138.0.7204.251 Electron/37.6.0 Safari/537.36"
[2026-06-07T13:42:07.734Z]  "GET /examples/styles.css" "Mozilla/5.0 (X11; Linux x86_64) AppleWebKit/537.36 (KHTML, like Gecko) Cypress/15.8.1 Chrome/138.0.7204.251 Electron/37.6.0 Safari/537.36"
[2026-06-07T13:42:07.738Z]  "GET /dist/audio-recorder-visualization.umd.js" "Mozilla/5.0 (X11; Linux x86_64) AppleWebKit/537.36 (KHTML, like Gecko) Cypress/15.8.1 Chrome/138.0.7204.251 Electron/37.6.0 Safari/537.36"
[2026-06-07T13:42:07.760Z]  "GET /examples/app-core.js" "Mozilla/5.0 (X11; Linux x86_64) AppleWebKit/537.36 (KHTML, like Gecko) Cypress/15.8.1 Chrome/138.0.7204.251 Electron/37.6.0 Safari/537.36"
[2026-06-07T13:42:07.761Z]  "GET /examples/app-features.js" "Mozilla/5.0 (X11; Linux x86_64) AppleWebKit/537.36 (KHTML, like Gecko) Cypress/15.8.1 Chrome/138.0.7204.251 Electron/37.6.0 Safari/537.36"
[2026-06-07T13:42:07.765Z]  "GET /examples/app-interactions.js" "Mozilla/5.0 (X11; Linux x86_64) AppleWebKit/537.36 (KHTML, like Gecko) Cypress/15.8.1 Chrome/138.0.7204.251 Electron/37.6.0 Safari/537.36"
[2026-06-07T13:42:07.765Z]  "GET /examples/youtube-upload.js" "Mozilla/5.0 (X11; Linux x86_64) AppleWebKit/537.36 (KHTML, like Gecko) Cypress/15.8.1 Chrome/138.0.7204.251 Electron/37.6.0 Safari/537.36"
[2026-06-07T13:42:07.780Z]  "GET /examples/pipeline.js" "Mozilla/5.0 (X11; Linux x86_64) AppleWebKit/537.36 (KHTML, like Gecko) Cypress/15.8.1 Chrome/138.0.7204.251 Electron/37.6.0 Safari/537.36"
[2026-06-07T13:42:09.118Z]  "GET /examples/index.html" "Mozilla/5.0 (X11; Linux x86_64) AppleWebKit/537.36 (KHTML, like Gecko) Cypress/15.8.1 Chrome/138.0.7204.251 Electron/37.6.0 Safari/537.36"
[2026-06-07T13:42:09.140Z]  "GET /examples/styles.css" "Mozilla/5.0 (X11; Linux x86_64) AppleWebKit/537.36 (KHTML, like Gecko) Cypress/15.8.1 Chrome/138.0.7204.251 Electron/37.6.0 Safari/537.36"
[2026-06-07T13:42:09.144Z]  "GET /dist/audio-recorder-visualization.umd.js" "Mozilla/5.0 (X11; Linux x86_64) AppleWebKit/537.36 (KHTML, like Gecko) Cypress/15.8.1 Chrome/138.0.7204.251 Electron/37.6.0 Safari/537.36"
[2026-06-07T13:42:09.145Z]  "GET /examples/app-core.js" "Mozilla/5.0 (X11; Linux x86_64) AppleWebKit/537.36 (KHTML, like Gecko) Cypress/15.8.1 Chrome/138.0.7204.251 Electron/37.6.0 Safari/537.36"
[2026-06-07T13:42:09.146Z]  "GET /examples/app-features.js" "Mozilla/5.0 (X11; Linux x86_64) AppleWebKit/537.36 (KHTML, like Gecko) Cypress/15.8.1 Chrome/138.0.7204.251 Electron/37.6.0 Safari/537.36"
[2026-06-07T13:42:09.147Z]  "GET /examples/app-interactions.js" "Mozilla/5.0 (X11; Linux x86_64) AppleWebKit/537.36 (KHTML, like Gecko) Cypress/15.8.1 Chrome/138.0.7204.251 Electron/37.6.0 Safari/537.36"
[2026-06-07T13:42:09.148Z]  "GET /examples/youtube-upload.js" "Mozilla/5.0 (X11; Linux x86_64) AppleWebKit/537.36 (KHTML, like Gecko) Cypress/15.8.1 Chrome/138.0.7204.251 Electron/37.6.0 Safari/537.36"
[2026-06-07T13:42:09.193Z]  "GET /examples/pipeline.js" "Mozilla/5.0 (X11; Linux x86_64) AppleWebKit/537.36 (KHTML, like Gecko) Cypress/15.8.1 Chrome/138.0.7204.251 Electron/37.6.0 Safari/537.36"
[2026-06-07T13:42:09.902Z]  "GET /examples/index.html" "Mozilla/5.0 (X11; Linux x86_64) AppleWebKit/537.36 (KHTML, like Gecko) Cypress/15.8.1 Chrome/138.0.7204.251 Electron/37.6.0 Safari/537.36"
[2026-06-07T13:42:09.931Z]  "GET /examples/styles.css" "Mozilla/5.0 (X11; Linux x86_64) AppleWebKit/537.36 (KHTML, like Gecko) Cypress/15.8.1 Chrome/138.0.7204.251 Electron/37.6.0 Safari/537.36"
[2026-06-07T13:42:09.933Z]  "GET /dist/audio-recorder-visualization.umd.js" "Mozilla/5.0 (X11; Linux x86_64) AppleWebKit/537.36 (KHTML, like Gecko) Cypress/15.8.1 Chrome/138.0.7204.251 Electron/37.6.0 Safari/537.36"
[2026-06-07T13:42:09.934Z]  "GET /examples/app-core.js" "Mozilla/5.0 (X11; Linux x86_64) AppleWebKit/537.36 (KHTML, like Gecko) Cypress/15.8.1 Chrome/138.0.7204.251 Electron/37.6.0 Safari/537.36"
[2026-06-07T13:42:09.952Z]  "GET /examples/app-features.js" "Mozilla/5.0 (X11; Linux x86_64) AppleWebKit/537.36 (KHTML, like Gecko) Cypress/15.8.1 Chrome/138.0.7204.251 Electron/37.6.0 Safari/537.36"
[2026-06-07T13:42:09.957Z]  "GET /examples/app-interactions.js" "Mozilla/5.0 (X11; Linux x86_64) AppleWebKit/537.36 (KHTML, like Gecko) Cypress/15.8.1 Chrome/138.0.7204.251 Electron/37.6.0 Safari/537.36"
[2026-06-07T13:42:09.958Z]  "GET /examples/youtube-upload.js" "Mozilla/5.0 (X11; Linux x86_64) AppleWebKit/537.36 (KHTML, like Gecko) Cypress/15.8.1 Chrome/138.0.7204.251 Electron/37.6.0 Safari/537.36"
[2026-06-07T13:42:09.974Z]  "GET /examples/pipeline.js" "Mozilla/5.0 (X11; Linux x86_64) AppleWebKit/537.36 (KHTML, like Gecko) Cypress/15.8.1 Chrome/138.0.7204.251 Electron/37.6.0 Safari/537.36"
[2026-06-07T13:42:12.431Z]  "GET /examples/index.html" "Mozilla/5.0 (X11; Linux x86_64) AppleWebKit/537.36 (KHTML, like Gecko) Cypress/15.8.1 Chrome/138.0.7204.251 Electron/37.6.0 Safari/537.36"
[2026-06-07T13:42:12.467Z]  "GET /examples/styles.css" "Mozilla/5.0 (X11; Linux x86_64) AppleWebKit/537.36 (KHTML, like Gecko) Cypress/15.8.1 Chrome/138.0.7204.251 Electron/37.6.0 Safari/537.36"
[2026-06-07T13:42:12.469Z]  "GET /dist/audio-recorder-visualization.umd.js" "Mozilla/5.0 (X11; Linux x86_64) AppleWebKit/537.36 (KHTML, like Gecko) Cypress/15.8.1 Chrome/138.0.7204.251 Electron/37.6.0 Safari/537.36"
[2026-06-07T13:42:12.471Z]  "GET /examples/app-core.js" "Mozilla/5.0 (X11; Linux x86_64) AppleWebKit/537.36 (KHTML, like Gecko) Cypress/15.8.1 Chrome/138.0.7204.251 Electron/37.6.0 Safari/537.36"
[2026-06-07T13:42:12.476Z]  "GET /examples/app-features.js" "Mozilla/5.0 (X11; Linux x86_64) AppleWebKit/537.36 (KHTML, like Gecko) Cypress/15.8.1 Chrome/138.0.7204.251 Electron/37.6.0 Safari/537.36"
[2026-06-07T13:42:12.477Z]  "GET /examples/app-interactions.js" "Mozilla/5.0 (X11; Linux x86_64) AppleWebKit/537.36 (KHTML, like Gecko) Cypress/15.8.1 Chrome/138.0.7204.251 Electron/37.6.0 Safari/537.36"
[2026-06-07T13:42:12.478Z]  "GET /examples/youtube-upload.js" "Mozilla/5.0 (X11; Linux x86_64) AppleWebKit/537.36 (KHTML, like Gecko) Cypress/15.8.1 Chrome/138.0.7204.251 Electron/37.6.0 Safari/537.36"
[2026-06-07T13:42:12.504Z]  "GET /examples/pipeline.js" "Mozilla/5.0 (X11; Linux x86_64) AppleWebKit/537.36 (KHTML, like Gecko) Cypress/15.8.1 Chrome/138.0.7204.251 Electron/37.6.0 Safari/537.36"
[2026-06-07T13:42:13.189Z]  "GET /examples/index.html" "Mozilla/5.0 (X11; Linux x86_64) AppleWebKit/537.36 (KHTML, like Gecko) Cypress/15.8.1 Chrome/138.0.7204.251 Electron/37.6.0 Safari/537.36"
[2026-06-07T13:42:13.209Z]  "GET /examples/styles.css" "Mozilla/5.0 (X11; Linux x86_64) AppleWebKit/537.36 (KHTML, like Gecko) Cypress/15.8.1 Chrome/138.0.7204.251 Electron/37.6.0 Safari/537.36"
[2026-06-07T13:42:13.210Z]  "GET /dist/audio-recorder-visualization.umd.js" "Mozilla/5.0 (X11; Linux x86_64) AppleWebKit/537.36 (KHTML, like Gecko) Cypress/15.8.1 Chrome/138.0.7204.251 Electron/37.6.0 Safari/537.36"
[2026-06-07T13:42:13.211Z]  "GET /examples/app-core.js" "Mozilla/5.0 (X11; Linux x86_64) AppleWebKit/537.36 (KHTML, like Gecko) Cypress/15.8.1 Chrome/138.0.7204.251 Electron/37.6.0 Safari/537.36"
[2026-06-07T13:42:13.212Z]  "GET /examples/app-features.js" "Mozilla/5.0 (X11; Linux x86_64) AppleWebKit/537.36 (KHTML, like Gecko) Cypress/15.8.1 Chrome/138.0.7204.251 Electron/37.6.0 Safari/537.36"
[2026-06-07T13:42:13.212Z]  "GET /examples/app-interactions.js" "Mozilla/5.0 (X11; Linux x86_64) AppleWebKit/537.36 (KHTML, like Gecko) Cypress/15.8.1 Chrome/138.0.7204.251 Electron/37.6.0 Safari/537.36"
[2026-06-07T13:42:13.216Z]  "GET /examples/youtube-upload.js" "Mozilla/5.0 (X11; Linux x86_64) AppleWebKit/537.36 (KHTML, like Gecko) Cypress/15.8.1 Chrome/138.0.7204.251 Electron/37.6.0 Safari/537.36"
[2026-06-07T13:42:13.241Z]  "GET /examples/pipeline.js" "Mozilla/5.0 (X11; Linux x86_64) AppleWebKit/537.36 (KHTML, like Gecko) Cypress/15.8.1 Chrome/138.0.7204.251 Electron/37.6.0 Safari/537.36"
[2026-06-07T13:42:14.281Z]  "GET /examples/index.html" "Mozilla/5.0 (X11; Linux x86_64) AppleWebKit/537.36 (KHTML, like Gecko) Cypress/15.8.1 Chrome/138.0.7204.251 Electron/37.6.0 Safari/537.36"
[2026-06-07T13:42:14.310Z]  "GET /examples/styles.css" "Mozilla/5.0 (X11; Linux x86_64) AppleWebKit/537.36 (KHTML, like Gecko) Cypress/15.8.1 Chrome/138.0.7204.251 Electron/37.6.0 Safari/537.36"
[2026-06-07T13:42:14.313Z]  "GET /dist/audio-recorder-visualization.umd.js" "Mozilla/5.0 (X11; Linux x86_64) AppleWebKit/537.36 (KHTML, like Gecko) Cypress/15.8.1 Chrome/138.0.7204.251 Electron/37.6.0 Safari/537.36"
[2026-06-07T13:42:14.314Z]  "GET /examples/app-core.js" "Mozilla/5.0 (X11; Linux x86_64) AppleWebKit/537.36 (KHTML, like Gecko) Cypress/15.8.1 Chrome/138.0.7204.251 Electron/37.6.0 Safari/537.36"
[2026-06-07T13:42:14.315Z]  "GET /examples/app-features.js" "Mozilla/5.0 (X11; Linux x86_64) AppleWebKit/537.36 (KHTML, like Gecko) Cypress/15.8.1 Chrome/138.0.7204.251 Electron/37.6.0 Safari/537.36"
[2026-06-07T13:42:14.316Z]  "GET /examples/app-interactions.js" "Mozilla/5.0 (X11; Linux x86_64) AppleWebKit/537.36 (KHTML, like Gecko) Cypress/15.8.1 Chrome/138.0.7204.251 Electron/37.6.0 Safari/537.36"
[2026-06-07T13:42:14.318Z]  "GET /examples/youtube-upload.js" "Mozilla/5.0 (X11; Linux x86_64) AppleWebKit/537.36 (KHTML, like Gecko) Cypress/15.8.1 Chrome/138.0.7204.251 Electron/37.6.0 Safari/537.36"
[2026-06-07T13:42:14.340Z]  "GET /examples/pipeline.js" "Mozilla/5.0 (X11; Linux x86_64) AppleWebKit/537.36 (KHTML, like Gecko) Cypress/15.8.1 Chrome/138.0.7204.251 Electron/37.6.0 Safari/537.36"
[2026-06-07T13:42:15.190Z]  "GET /examples/index.html" "Mozilla/5.0 (X11; Linux x86_64) AppleWebKit/537.36 (KHTML, like Gecko) Cypress/15.8.1 Chrome/138.0.7204.251 Electron/37.6.0 Safari/537.36"
[2026-06-07T13:42:15.215Z]  "GET /examples/styles.css" "Mozilla/5.0 (X11; Linux x86_64) AppleWebKit/537.36 (KHTML, like Gecko) Cypress/15.8.1 Chrome/138.0.7204.251 Electron/37.6.0 Safari/537.36"
[2026-06-07T13:42:15.216Z]  "GET /dist/audio-recorder-visualization.umd.js" "Mozilla/5.0 (X11; Linux x86_64) AppleWebKit/537.36 (KHTML, like Gecko) Cypress/15.8.1 Chrome/138.0.7204.251 Electron/37.6.0 Safari/537.36"
[2026-06-07T13:42:15.217Z]  "GET /examples/app-core.js" "Mozilla/5.0 (X11; Linux x86_64) AppleWebKit/537.36 (KHTML, like Gecko) Cypress/15.8.1 Chrome/138.0.7204.251 Electron/37.6.0 Safari/537.36"
[2026-06-07T13:42:15.218Z]  "GET /examples/app-features.js" "Mozilla/5.0 (X11; Linux x86_64) AppleWebKit/537.36 (KHTML, like Gecko) Cypress/15.8.1 Chrome/138.0.7204.251 Electron/37.6.0 Safari/537.36"
[2026-06-07T13:42:15.218Z]  "GET /examples/app-interactions.js" "Mozilla/5.0 (X11; Linux x86_64) AppleWebKit/537.36 (KHTML, like Gecko) Cypress/15.8.1 Chrome/138.0.7204.251 Electron/37.6.0 Safari/537.36"
[2026-06-07T13:42:15.233Z]  "GET /examples/youtube-upload.js" "Mozilla/5.0 (X11; Linux x86_64) AppleWebKit/537.36 (KHTML, like Gecko) Cypress/15.8.1 Chrome/138.0.7204.251 Electron/37.6.0 Safari/537.36"
[2026-06-07T13:42:15.239Z]  "GET /examples/pipeline.js" "Mozilla/5.0 (X11; Linux x86_64) AppleWebKit/537.36 (KHTML, like Gecko) Cypress/15.8.1 Chrome/138.0.7204.251 Electron/37.6.0 Safari/537.36"
[2026-06-07T13:42:26.293Z]  "GET /examples/index.html" "Mozilla/5.0 (X11; Linux x86_64) AppleWebKit/537.36 (KHTML, like Gecko) Cypress/15.8.1 Chrome/138.0.7204.251 Electron/37.6.0 Safari/537.36"
[2026-06-07T13:42:26.321Z]  "GET /examples/styles.css" "Mozilla/5.0 (X11; Linux x86_64) AppleWebKit/537.36 (KHTML, like Gecko) Cypress/15.8.1 Chrome/138.0.7204.251 Electron/37.6.0 Safari/537.36"
[2026-06-07T13:42:26.325Z]  "GET /examples/app-core.js" "Mozilla/5.0 (X11; Linux x86_64) AppleWebKit/537.36 (KHTML, like Gecko) Cypress/15.8.1 Chrome/138.0.7204.251 Electron/37.6.0 Safari/537.36"
[2026-06-07T13:42:26.327Z]  "GET /dist/audio-recorder-visualization.umd.js" "Mozilla/5.0 (X11; Linux x86_64) AppleWebKit/537.36 (KHTML, like Gecko) Cypress/15.8.1 Chrome/138.0.7204.251 Electron/37.6.0 Safari/537.36"
[2026-06-07T13:42:26.328Z]  "GET /examples/app-features.js" "Mozilla/5.0 (X11; Linux x86_64) AppleWebKit/537.36 (KHTML, like Gecko) Cypress/15.8.1 Chrome/138.0.7204.251 Electron/37.6.0 Safari/537.36"
[2026-06-07T13:42:26.334Z]  "GET /examples/app-interactions.js" "Mozilla/5.0 (X11; Linux x86_64) AppleWebKit/537.36 (KHTML, like Gecko) Cypress/15.8.1 Chrome/138.0.7204.251 Electron/37.6.0 Safari/537.36"
[2026-06-07T13:42:26.345Z]  "GET /examples/youtube-upload.js" "Mozilla/5.0 (X11; Linux x86_64) AppleWebKit/537.36 (KHTML, like Gecko) Cypress/15.8.1 Chrome/138.0.7204.251 Electron/37.6.0 Safari/537.36"
[2026-06-07T13:42:26.354Z]  "GET /examples/pipeline.js" "Mozilla/5.0 (X11; Linux x86_64) AppleWebKit/537.36 (KHTML, like Gecko) Cypress/15.8.1 Chrome/138.0.7204.251 Electron/37.6.0 Safari/537.36"
[2026-06-07T13:42:27.029Z]  "GET /examples/index.html" "Mozilla/5.0 (X11; Linux x86_64) AppleWebKit/537.36 (KHTML, like Gecko) Cypress/15.8.1 Chrome/138.0.7204.251 Electron/37.6.0 Safari/537.36"
[2026-06-07T13:42:27.106Z]  "GET /examples/styles.css" "Mozilla/5.0 (X11; Linux x86_64) AppleWebKit/537.36 (KHTML, like Gecko) Cypress/15.8.1 Chrome/138.0.7204.251 Electron/37.6.0 Safari/537.36"
[2026-06-07T13:42:27.108Z]  "GET /dist/audio-recorder-visualization.umd.js" "Mozilla/5.0 (X11; Linux x86_64) AppleWebKit/537.36 (KHTML, like Gecko) Cypress/15.8.1 Chrome/138.0.7204.251 Electron/37.6.0 Safari/537.36"
[2026-06-07T13:42:27.111Z]  "GET /examples/app-core.js" "Mozilla/5.0 (X11; Linux x86_64) AppleWebKit/537.36 (KHTML, like Gecko) Cypress/15.8.1 Chrome/138.0.7204.251 Electron/37.6.0 Safari/537.36"
[2026-06-07T13:42:27.130Z]  "GET /examples/app-features.js" "Mozilla/5.0 (X11; Linux x86_64) AppleWebKit/537.36 (KHTML, like Gecko) Cypress/15.8.1 Chrome/138.0.7204.251 Electron/37.6.0 Safari/537.36"
[2026-06-07T13:42:27.131Z]  "GET /examples/app-interactions.js" "Mozilla/5.0 (X11; Linux x86_64) AppleWebKit/537.36 (KHTML, like Gecko) Cypress/15.8.1 Chrome/138.0.7204.251 Electron/37.6.0 Safari/537.36"
[2026-06-07T13:42:27.135Z]  "GET /examples/pipeline.js" "Mozilla/5.0 (X11; Linux x86_64) AppleWebKit/537.36 (KHTML, like Gecko) Cypress/15.8.1 Chrome/138.0.7204.251 Electron/37.6.0 Safari/537.36"
[2026-06-07T13:42:27.139Z]  "GET /examples/youtube-upload.js" "Mozilla/5.0 (X11; Linux x86_64) AppleWebKit/537.36 (KHTML, like Gecko) Cypress/15.8.1 Chrome/138.0.7204.251 Electron/37.6.0 Safari/537.36"
[2026-06-07T13:42:27.874Z]  "GET /examples/index.html" "Mozilla/5.0 (X11; Linux x86_64) AppleWebKit/537.36 (KHTML, like Gecko) Cypress/15.8.1 Chrome/138.0.7204.251 Electron/37.6.0 Safari/537.36"
[2026-06-07T13:42:27.902Z]  "GET /examples/styles.css" "Mozilla/5.0 (X11; Linux x86_64) AppleWebKit/537.36 (KHTML, like Gecko) Cypress/15.8.1 Chrome/138.0.7204.251 Electron/37.6.0 Safari/537.36"
[2026-06-07T13:42:27.904Z]  "GET /dist/audio-recorder-visualization.umd.js" "Mozilla/5.0 (X11; Linux x86_64) AppleWebKit/537.36 (KHTML, like Gecko) Cypress/15.8.1 Chrome/138.0.7204.251 Electron/37.6.0 Safari/537.36"
[2026-06-07T13:42:27.905Z]  "GET /examples/app-core.js" "Mozilla/5.0 (X11; Linux x86_64) AppleWebKit/537.36 (KHTML, like Gecko) Cypress/15.8.1 Chrome/138.0.7204.251 Electron/37.6.0 Safari/537.36"
[2026-06-07T13:42:27.917Z]  "GET /examples/app-features.js" "Mozilla/5.0 (X11; Linux x86_64) AppleWebKit/537.36 (KHTML, like Gecko) Cypress/15.8.1 Chrome/138.0.7204.251 Electron/37.6.0 Safari/537.36"
[2026-06-07T13:42:27.917Z]  "GET /examples/app-interactions.js" "Mozilla/5.0 (X11; Linux x86_64) AppleWebKit/537.36 (KHTML, like Gecko) Cypress/15.8.1 Chrome/138.0.7204.251 Electron/37.6.0 Safari/537.36"
[2026-06-07T13:42:27.918Z]  "GET /examples/youtube-upload.js" "Mozilla/5.0 (X11; Linux x86_64) AppleWebKit/537.36 (KHTML, like Gecko) Cypress/15.8.1 Chrome/138.0.7204.251 Electron/37.6.0 Safari/537.36"
[2026-06-07T13:42:27.932Z]  "GET /examples/pipeline.js" "Mozilla/5.0 (X11; Linux x86_64) AppleWebKit/537.36 (KHTML, like Gecko) Cypress/15.8.1 Chrome/138.0.7204.251 Electron/37.6.0 Safari/537.36"
[2026-06-07T13:42:29.117Z]  "GET /examples/index.html" "Mozilla/5.0 (X11; Linux x86_64) AppleWebKit/537.36 (KHTML, like Gecko) Cypress/15.8.1 Chrome/138.0.7204.251 Electron/37.6.0 Safari/537.36"
[2026-06-07T13:42:29.168Z]  "GET /examples/styles.css" "Mozilla/5.0 (X11; Linux x86_64) AppleWebKit/537.36 (KHTML, like Gecko) Cypress/15.8.1 Chrome/138.0.7204.251 Electron/37.6.0 Safari/537.36"
[2026-06-07T13:42:29.174Z]  "GET /dist/audio-recorder-visualization.umd.js" "Mozilla/5.0 (X11; Linux x86_64) AppleWebKit/537.36 (KHTML, like Gecko) Cypress/15.8.1 Chrome/138.0.7204.251 Electron/37.6.0 Safari/537.36"
[2026-06-07T13:42:29.174Z]  "GET /examples/app-core.js" "Mozilla/5.0 (X11; Linux x86_64) AppleWebKit/537.36 (KHTML, like Gecko) Cypress/15.8.1 Chrome/138.0.7204.251 Electron/37.6.0 Safari/537.36"
[2026-06-07T13:42:29.179Z]  "GET /examples/app-features.js" "Mozilla/5.0 (X11; Linux x86_64) AppleWebKit/537.36 (KHTML, like Gecko) Cypress/15.8.1 Chrome/138.0.7204.251 Electron/37.6.0 Safari/537.36"
[2026-06-07T13:42:29.180Z]  "GET /examples/app-interactions.js" "Mozilla/5.0 (X11; Linux x86_64) AppleWebKit/537.36 (KHTML, like Gecko) Cypress/15.8.1 Chrome/138.0.7204.251 Electron/37.6.0 Safari/537.36"
[2026-06-07T13:42:29.181Z]  "GET /examples/youtube-upload.js" "Mozilla/5.0 (X11; Linux x86_64) AppleWebKit/537.36 (KHTML, like Gecko) Cypress/15.8.1 Chrome/138.0.7204.251 Electron/37.6.0 Safari/537.36"
[2026-06-07T13:42:29.202Z]  "GET /examples/pipeline.js" "Mozilla/5.0 (X11; Linux x86_64) AppleWebKit/537.36 (KHTML, like Gecko) Cypress/15.8.1 Chrome/138.0.7204.251 Electron/37.6.0 Safari/537.36"
[2026-06-07T13:42:30.499Z]  "GET /examples/index.html" "Mozilla/5.0 (X11; Linux x86_64) AppleWebKit/537.36 (KHTML, like Gecko) Cypress/15.8.1 Chrome/138.0.7204.251 Electron/37.6.0 Safari/537.36"
[2026-06-07T13:42:30.529Z]  "GET /examples/styles.css" "Mozilla/5.0 (X11; Linux x86_64) AppleWebKit/537.36 (KHTML, like Gecko) Cypress/15.8.1 Chrome/138.0.7204.251 Electron/37.6.0 Safari/537.36"
[2026-06-07T13:42:30.532Z]  "GET /dist/audio-recorder-visualization.umd.js" "Mozilla/5.0 (X11; Linux x86_64) AppleWebKit/537.36 (KHTML, like Gecko) Cypress/15.8.1 Chrome/138.0.7204.251 Electron/37.6.0 Safari/537.36"
[2026-06-07T13:42:30.535Z]  "GET /examples/app-core.js" "Mozilla/5.0 (X11; Linux x86_64) AppleWebKit/537.36 (KHTML, like Gecko) Cypress/15.8.1 Chrome/138.0.7204.251 Electron/37.6.0 Safari/537.36"
[2026-06-07T13:42:30.536Z]  "GET /examples/app-features.js" "Mozilla/5.0 (X11; Linux x86_64) AppleWebKit/537.36 (KHTML, like Gecko) Cypress/15.8.1 Chrome/138.0.7204.251 Electron/37.6.0 Safari/537.36"
[2026-06-07T13:42:30.545Z]  "GET /examples/app-interactions.js" "Mozilla/5.0 (X11; Linux x86_64) AppleWebKit/537.36 (KHTML, like Gecko) Cypress/15.8.1 Chrome/138.0.7204.251 Electron/37.6.0 Safari/537.36"
[2026-06-07T13:42:30.546Z]  "GET /examples/youtube-upload.js" "Mozilla/5.0 (X11; Linux x86_64) AppleWebKit/537.36 (KHTML, like Gecko) Cypress/15.8.1 Chrome/138.0.7204.251 Electron/37.6.0 Safari/537.36"
[2026-06-07T13:42:30.561Z]  "GET /examples/pipeline.js" "Mozilla/5.0 (X11; Linux x86_64) AppleWebKit/537.36 (KHTML, like Gecko) Cypress/15.8.1 Chrome/138.0.7204.251 Electron/37.6.0 Safari/537.36"
[2026-06-07T13:42:31.269Z]  "GET /examples/index.html" "Mozilla/5.0 (X11; Linux x86_64) AppleWebKit/537.36 (KHTML, like Gecko) Cypress/15.8.1 Chrome/138.0.7204.251 Electron/37.6.0 Safari/537.36"
[2026-06-07T13:42:31.300Z]  "GET /examples/styles.css" "Mozilla/5.0 (X11; Linux x86_64) AppleWebKit/537.36 (KHTML, like Gecko) Cypress/15.8.1 Chrome/138.0.7204.251 Electron/37.6.0 Safari/537.36"
[2026-06-07T13:42:31.303Z]  "GET /dist/audio-recorder-visualization.umd.js" "Mozilla/5.0 (X11; Linux x86_64) AppleWebKit/537.36 (KHTML, like Gecko) Cypress/15.8.1 Chrome/138.0.7204.251 Electron/37.6.0 Safari/537.36"
[2026-06-07T13:42:31.306Z]  "GET /examples/app-core.js" "Mozilla/5.0 (X11; Linux x86_64) AppleWebKit/537.36 (KHTML, like Gecko) Cypress/15.8.1 Chrome/138.0.7204.251 Electron/37.6.0 Safari/537.36"
[2026-06-07T13:42:31.308Z]  "GET /examples/app-features.js" "Mozilla/5.0 (X11; Linux x86_64) AppleWebKit/537.36 (KHTML, like Gecko) Cypress/15.8.1 Chrome/138.0.7204.251 Electron/37.6.0 Safari/537.36"
[2026-06-07T13:42:31.309Z]  "GET /examples/app-interactions.js" "Mozilla/5.0 (X11; Linux x86_64) AppleWebKit/537.36 (KHTML, like Gecko) Cypress/15.8.1 Chrome/138.0.7204.251 Electron/37.6.0 Safari/537.36"
[2026-06-07T13:42:31.313Z]  "GET /examples/youtube-upload.js" "Mozilla/5.0 (X11; Linux x86_64) AppleWebKit/537.36 (KHTML, like Gecko) Cypress/15.8.1 Chrome/138.0.7204.251 Electron/37.6.0 Safari/537.36"
[2026-06-07T13:42:31.333Z]  "GET /examples/pipeline.js" "Mozilla/5.0 (X11; Linux x86_64) AppleWebKit/537.36 (KHTML, like Gecko) Cypress/15.8.1 Chrome/138.0.7204.251 Electron/37.6.0 Safari/537.36"
[2026-06-07T13:42:31.380Z]  "GET /examples/index.html" "Mozilla/5.0 (X11; Linux x86_64) AppleWebKit/537.36 (KHTML, like Gecko) Cypress/15.8.1 Chrome/138.0.7204.251 Electron/37.6.0 Safari/537.36"
[2026-06-07T13:42:31.430Z]  "GET /examples/styles.css" "Mozilla/5.0 (X11; Linux x86_64) AppleWebKit/537.36 (KHTML, like Gecko) Cypress/15.8.1 Chrome/138.0.7204.251 Electron/37.6.0 Safari/537.36"
[2026-06-07T13:42:31.430Z]  "GET /dist/audio-recorder-visualization.umd.js" "Mozilla/5.0 (X11; Linux x86_64) AppleWebKit/537.36 (KHTML, like Gecko) Cypress/15.8.1 Chrome/138.0.7204.251 Electron/37.6.0 Safari/537.36"
[2026-06-07T13:42:31.432Z]  "GET /examples/app-core.js" "Mozilla/5.0 (X11; Linux x86_64) AppleWebKit/537.36 (KHTML, like Gecko) Cypress/15.8.1 Chrome/138.0.7204.251 Electron/37.6.0 Safari/537.36"
[2026-06-07T13:42:31.432Z]  "GET /examples/app-features.js" "Mozilla/5.0 (X11; Linux x86_64) AppleWebKit/537.36 (KHTML, like Gecko) Cypress/15.8.1 Chrome/138.0.7204.251 Electron/37.6.0 Safari/537.36"
[2026-06-07T13:42:31.433Z]  "GET /examples/app-interactions.js" "Mozilla/5.0 (X11; Linux x86_64) AppleWebKit/537.36 (KHTML, like Gecko) Cypress/15.8.1 Chrome/138.0.7204.251 Electron/37.6.0 Safari/537.36"
[2026-06-07T13:42:31.434Z]  "GET /examples/youtube-upload.js" "Mozilla/5.0 (X11; Linux x86_64) AppleWebKit/537.36 (KHTML, like Gecko) Cypress/15.8.1 Chrome/138.0.7204.251 Electron/37.6.0 Safari/537.36"
[2026-06-07T13:42:31.460Z]  "GET /examples/pipeline.js" "Mozilla/5.0 (X11; Linux x86_64) AppleWebKit/537.36 (KHTML, like Gecko) Cypress/15.8.1 Chrome/138.0.7204.251 Electron/37.6.0 Safari/537.36"
[2026-06-07T13:42:33.790Z]  "GET /examples/index.html" "Mozilla/5.0 (X11; Linux x86_64) AppleWebKit/537.36 (KHTML, like Gecko) Cypress/15.8.1 Chrome/138.0.7204.251 Electron/37.6.0 Safari/537.36"
[2026-06-07T13:42:33.837Z]  "GET /examples/styles.css" "Mozilla/5.0 (X11; Linux x86_64) AppleWebKit/537.36 (KHTML, like Gecko) Cypress/15.8.1 Chrome/138.0.7204.251 Electron/37.6.0 Safari/537.36"
[2026-06-07T13:42:33.841Z]  "GET /dist/audio-recorder-visualization.umd.js" "Mozilla/5.0 (X11; Linux x86_64) AppleWebKit/537.36 (KHTML, like Gecko) Cypress/15.8.1 Chrome/138.0.7204.251 Electron/37.6.0 Safari/537.36"
[2026-06-07T13:42:33.845Z]  "GET /examples/app-core.js" "Mozilla/5.0 (X11; Linux x86_64) AppleWebKit/537.36 (KHTML, like Gecko) Cypress/15.8.1 Chrome/138.0.7204.251 Electron/37.6.0 Safari/537.36"
[2026-06-07T13:42:33.846Z]  "GET /examples/app-features.js" "Mozilla/5.0 (X11; Linux x86_64) AppleWebKit/537.36 (KHTML, like Gecko) Cypress/15.8.1 Chrome/138.0.7204.251 Electron/37.6.0 Safari/537.36"
[2026-06-07T13:42:33.847Z]  "GET /examples/app-interactions.js" "Mozilla/5.0 (X11; Linux x86_64) AppleWebKit/537.36 (KHTML, like Gecko) Cypress/15.8.1 Chrome/138.0.7204.251 Electron/37.6.0 Safari/537.36"
[2026-06-07T13:42:33.861Z]  "GET /examples/youtube-upload.js" "Mozilla/5.0 (X11; Linux x86_64) AppleWebKit/537.36 (KHTML, like Gecko) Cypress/15.8.1 Chrome/138.0.7204.251 Electron/37.6.0 Safari/537.36"
[2026-06-07T13:42:33.888Z]  "GET /examples/pipeline.js" "Mozilla/5.0 (X11; Linux x86_64) AppleWebKit/537.36 (KHTML, like Gecko) Cypress/15.8.1 Chrome/138.0.7204.251 Electron/37.6.0 Safari/537.36"
[2026-06-07T13:42:34.704Z]  "GET /examples/index.html" "Mozilla/5.0 (X11; Linux x86_64) AppleWebKit/537.36 (KHTML, like Gecko) Cypress/15.8.1 Chrome/138.0.7204.251 Electron/37.6.0 Safari/537.36"
[2026-06-07T13:42:34.733Z]  "GET /examples/styles.css" "Mozilla/5.0 (X11; Linux x86_64) AppleWebKit/537.36 (KHTML, like Gecko) Cypress/15.8.1 Chrome/138.0.7204.251 Electron/37.6.0 Safari/537.36"
[2026-06-07T13:42:34.735Z]  "GET /dist/audio-recorder-visualization.umd.js" "Mozilla/5.0 (X11; Linux x86_64) AppleWebKit/537.36 (KHTML, like Gecko) Cypress/15.8.1 Chrome/138.0.7204.251 Electron/37.6.0 Safari/537.36"
[2026-06-07T13:42:34.736Z]  "GET /examples/app-core.js" "Mozilla/5.0 (X11; Linux x86_64) AppleWebKit/537.36 (KHTML, like Gecko) Cypress/15.8.1 Chrome/138.0.7204.251 Electron/37.6.0 Safari/537.36"
[2026-06-07T13:42:34.737Z]  "GET /examples/app-features.js" "Mozilla/5.0 (X11; Linux x86_64) AppleWebKit/537.36 (KHTML, like Gecko) Cypress/15.8.1 Chrome/138.0.7204.251 Electron/37.6.0 Safari/537.36"
[2026-06-07T13:42:34.737Z]  "GET /examples/app-interactions.js" "Mozilla/5.0 (X11; Linux x86_64) AppleWebKit/537.36 (KHTML, like Gecko) Cypress/15.8.1 Chrome/138.0.7204.251 Electron/37.6.0 Safari/537.36"
[2026-06-07T13:42:34.738Z]  "GET /examples/youtube-upload.js" "Mozilla/5.0 (X11; Linux x86_64) AppleWebKit/537.36 (KHTML, like Gecko) Cypress/15.8.1 Chrome/138.0.7204.251 Electron/37.6.0 Safari/537.36"
[2026-06-07T13:42:34.766Z]  "GET /examples/pipeline.js" "Mozilla/5.0 (X11; Linux x86_64) AppleWebKit/537.36 (KHTML, like Gecko) Cypress/15.8.1 Chrome/138.0.7204.251 Electron/37.6.0 Safari/537.36"
[2026-06-07T13:42:35.640Z]  "GET /examples/index.html" "Mozilla/5.0 (X11; Linux x86_64) AppleWebKit/537.36 (KHTML, like Gecko) Cypress/15.8.1 Chrome/138.0.7204.251 Electron/37.6.0 Safari/537.36"
[2026-06-07T13:42:35.681Z]  "GET /examples/styles.css" "Mozilla/5.0 (X11; Linux x86_64) AppleWebKit/537.36 (KHTML, like Gecko) Cypress/15.8.1 Chrome/138.0.7204.251 Electron/37.6.0 Safari/537.36"
[2026-06-07T13:42:35.684Z]  "GET /dist/audio-recorder-visualization.umd.js" "Mozilla/5.0 (X11; Linux x86_64) AppleWebKit/537.36 (KHTML, like Gecko) Cypress/15.8.1 Chrome/138.0.7204.251 Electron/37.6.0 Safari/537.36"
[2026-06-07T13:42:35.685Z]  "GET /examples/app-core.js" "Mozilla/5.0 (X11; Linux x86_64) AppleWebKit/537.36 (KHTML, like Gecko) Cypress/15.8.1 Chrome/138.0.7204.251 Electron/37.6.0 Safari/537.36"
[2026-06-07T13:42:35.685Z]  "GET /examples/app-features.js" "Mozilla/5.0 (X11; Linux x86_64) AppleWebKit/537.36 (KHTML, like Gecko) Cypress/15.8.1 Chrome/138.0.7204.251 Electron/37.6.0 Safari/537.36"
[2026-06-07T13:42:35.685Z]  "GET /examples/app-interactions.js" "Mozilla/5.0 (X11; Linux x86_64) AppleWebKit/537.36 (KHTML, like Gecko) Cypress/15.8.1 Chrome/138.0.7204.251 Electron/37.6.0 Safari/537.36"
[2026-06-07T13:42:35.686Z]  "GET /examples/youtube-upload.js" "Mozilla/5.0 (X11; Linux x86_64) AppleWebKit/537.36 (KHTML, like Gecko) Cypress/15.8.1 Chrome/138.0.7204.251 Electron/37.6.0 Safari/537.36"
[2026-06-07T13:42:35.713Z]  "GET /examples/pipeline.js" "Mozilla/5.0 (X11; Linux x86_64) AppleWebKit/537.36 (KHTML, like Gecko) Cypress/15.8.1 Chrome/138.0.7204.251 Electron/37.6.0 Safari/537.36"
[2026-06-07T13:42:36.505Z]  "GET /examples/index.html" "Mozilla/5.0 (X11; Linux x86_64) AppleWebKit/537.36 (KHTML, like Gecko) Cypress/15.8.1 Chrome/138.0.7204.251 Electron/37.6.0 Safari/537.36"
[2026-06-07T13:42:36.533Z]  "GET /examples/styles.css" "Mozilla/5.0 (X11; Linux x86_64) AppleWebKit/537.36 (KHTML, like Gecko) Cypress/15.8.1 Chrome/138.0.7204.251 Electron/37.6.0 Safari/537.36"
[2026-06-07T13:42:36.535Z]  "GET /dist/audio-recorder-visualization.umd.js" "Mozilla/5.0 (X11; Linux x86_64) AppleWebKit/537.36 (KHTML, like Gecko) Cypress/15.8.1 Chrome/138.0.7204.251 Electron/37.6.0 Safari/537.36"
[2026-06-07T13:42:36.536Z]  "GET /examples/app-core.js" "Mozilla/5.0 (X11; Linux x86_64) AppleWebKit/537.36 (KHTML, like Gecko) Cypress/15.8.1 Chrome/138.0.7204.251 Electron/37.6.0 Safari/537.36"
[2026-06-07T13:42:36.539Z]  "GET /examples/app-features.js" "Mozilla/5.0 (X11; Linux x86_64) AppleWebKit/537.36 (KHTML, like Gecko) Cypress/15.8.1 Chrome/138.0.7204.251 Electron/37.6.0 Safari/537.36"
[2026-06-07T13:42:36.552Z]  "GET /examples/app-interactions.js" "Mozilla/5.0 (X11; Linux x86_64) AppleWebKit/537.36 (KHTML, like Gecko) Cypress/15.8.1 Chrome/138.0.7204.251 Electron/37.6.0 Safari/537.36"
[2026-06-07T13:42:36.553Z]  "GET /examples/youtube-upload.js" "Mozilla/5.0 (X11; Linux x86_64) AppleWebKit/537.36 (KHTML, like Gecko) Cypress/15.8.1 Chrome/138.0.7204.251 Electron/37.6.0 Safari/537.36"
[2026-06-07T13:42:36.566Z]  "GET /examples/pipeline.js" "Mozilla/5.0 (X11; Linux x86_64) AppleWebKit/537.36 (KHTML, like Gecko) Cypress/15.8.1 Chrome/138.0.7204.251 Electron/37.6.0 Safari/537.36"
[2026-06-07T13:42:38.294Z]  "GET /examples/index.html" "Mozilla/5.0 (X11; Linux x86_64) AppleWebKit/537.36 (KHTML, like Gecko) Cypress/15.8.1 Chrome/138.0.7204.251 Electron/37.6.0 Safari/537.36"
[2026-06-07T13:42:38.331Z]  "GET /examples/styles.css" "Mozilla/5.0 (X11; Linux x86_64) AppleWebKit/537.36 (KHTML, like Gecko) Cypress/15.8.1 Chrome/138.0.7204.251 Electron/37.6.0 Safari/537.36"
[2026-06-07T13:42:38.334Z]  "GET /dist/audio-recorder-visualization.umd.js" "Mozilla/5.0 (X11; Linux x86_64) AppleWebKit/537.36 (KHTML, like Gecko) Cypress/15.8.1 Chrome/138.0.7204.251 Electron/37.6.0 Safari/537.36"
[2026-06-07T13:42:38.334Z]  "GET /examples/app-core.js" "Mozilla/5.0 (X11; Linux x86_64) AppleWebKit/537.36 (KHTML, like Gecko) Cypress/15.8.1 Chrome/138.0.7204.251 Electron/37.6.0 Safari/537.36"
[2026-06-07T13:42:38.335Z]  "GET /examples/app-features.js" "Mozilla/5.0 (X11; Linux x86_64) AppleWebKit/537.36 (KHTML, like Gecko) Cypress/15.8.1 Chrome/138.0.7204.251 Electron/37.6.0 Safari/537.36"
[2026-06-07T13:42:38.336Z]  "GET /examples/app-interactions.js" "Mozilla/5.0 (X11; Linux x86_64) AppleWebKit/537.36 (KHTML, like Gecko) Cypress/15.8.1 Chrome/138.0.7204.251 Electron/37.6.0 Safari/537.36"
[2026-06-07T13:42:38.340Z]  "GET /examples/youtube-upload.js" "Mozilla/5.0 (X11; Linux x86_64) AppleWebKit/537.36 (KHTML, like Gecko) Cypress/15.8.1 Chrome/138.0.7204.251 Electron/37.6.0 Safari/537.36"
[2026-06-07T13:42:38.381Z]  "GET /examples/pipeline.js" "Mozilla/5.0 (X11; Linux x86_64) AppleWebKit/537.36 (KHTML, like Gecko) Cypress/15.8.1 Chrome/138.0.7204.251 Electron/37.6.0 Safari/537.36"
[2026-06-07T13:42:39.109Z]  "GET /examples/index.html" "Mozilla/5.0 (X11; Linux x86_64) AppleWebKit/537.36 (KHTML, like Gecko) Cypress/15.8.1 Chrome/138.0.7204.251 Electron/37.6.0 Safari/537.36"
[2026-06-07T13:42:39.135Z]  "GET /examples/styles.css" "Mozilla/5.0 (X11; Linux x86_64) AppleWebKit/537.36 (KHTML, like Gecko) Cypress/15.8.1 Chrome/138.0.7204.251 Electron/37.6.0 Safari/537.36"
[2026-06-07T13:42:39.136Z]  "GET /dist/audio-recorder-visualization.umd.js" "Mozilla/5.0 (X11; Linux x86_64) AppleWebKit/537.36 (KHTML, like Gecko) Cypress/15.8.1 Chrome/138.0.7204.251 Electron/37.6.0 Safari/537.36"
[2026-06-07T13:42:39.139Z]  "GET /examples/app-core.js" "Mozilla/5.0 (X11; Linux x86_64) AppleWebKit/537.36 (KHTML, like Gecko) Cypress/15.8.1 Chrome/138.0.7204.251 Electron/37.6.0 Safari/537.36"
[2026-06-07T13:42:39.140Z]  "GET /examples/app-features.js" "Mozilla/5.0 (X11; Linux x86_64) AppleWebKit/537.36 (KHTML, like Gecko) Cypress/15.8.1 Chrome/138.0.7204.251 Electron/37.6.0 Safari/537.36"
[2026-06-07T13:42:39.140Z]  "GET /examples/app-interactions.js" "Mozilla/5.0 (X11; Linux x86_64) AppleWebKit/537.36 (KHTML, like Gecko) Cypress/15.8.1 Chrome/138.0.7204.251 Electron/37.6.0 Safari/537.36"
[2026-06-07T13:42:39.141Z]  "GET /examples/youtube-upload.js" "Mozilla/5.0 (X11; Linux x86_64) AppleWebKit/537.36 (KHTML, like Gecko) Cypress/15.8.1 Chrome/138.0.7204.251 Electron/37.6.0 Safari/537.36"
[2026-06-07T13:42:39.174Z]  "GET /examples/pipeline.js" "Mozilla/5.0 (X11; Linux x86_64) AppleWebKit/537.36 (KHTML, like Gecko) Cypress/15.8.1 Chrome/138.0.7204.251 Electron/37.6.0 Safari/537.36"
[2026-06-07T13:42:39.228Z]  "GET /examples/index.html" "Mozilla/5.0 (X11; Linux x86_64) AppleWebKit/537.36 (KHTML, like Gecko) Cypress/15.8.1 Chrome/138.0.7204.251 Electron/37.6.0 Safari/537.36"
[2026-06-07T13:42:39.292Z]  "GET /examples/styles.css" "Mozilla/5.0 (X11; Linux x86_64) AppleWebKit/537.36 (KHTML, like Gecko) Cypress/15.8.1 Chrome/138.0.7204.251 Electron/37.6.0 Safari/537.36"
[2026-06-07T13:42:39.298Z]  "GET /dist/audio-recorder-visualization.umd.js" "Mozilla/5.0 (X11; Linux x86_64) AppleWebKit/537.36 (KHTML, like Gecko) Cypress/15.8.1 Chrome/138.0.7204.251 Electron/37.6.0 Safari/537.36"
[2026-06-07T13:42:39.299Z]  "GET /examples/app-core.js" "Mozilla/5.0 (X11; Linux x86_64) AppleWebKit/537.36 (KHTML, like Gecko) Cypress/15.8.1 Chrome/138.0.7204.251 Electron/37.6.0 Safari/537.36"
[2026-06-07T13:42:39.300Z]  "GET /examples/app-features.js" "Mozilla/5.0 (X11; Linux x86_64) AppleWebKit/537.36 (KHTML, like Gecko) Cypress/15.8.1 Chrome/138.0.7204.251 Electron/37.6.0 Safari/537.36"
[2026-06-07T13:42:39.301Z]  "GET /examples/app-interactions.js" "Mozilla/5.0 (X11; Linux x86_64) AppleWebKit/537.36 (KHTML, like Gecko) Cypress/15.8.1 Chrome/138.0.7204.251 Electron/37.6.0 Safari/537.36"
[2026-06-07T13:42:39.302Z]  "GET /examples/youtube-upload.js" "Mozilla/5.0 (X11; Linux x86_64) AppleWebKit/537.36 (KHTML, like Gecko) Cypress/15.8.1 Chrome/138.0.7204.251 Electron/37.6.0 Safari/537.36"
[2026-06-07T13:42:39.335Z]  "GET /examples/pipeline.js" "Mozilla/5.0 (X11; Linux x86_64) AppleWebKit/537.36 (KHTML, like Gecko) Cypress/15.8.1 Chrome/138.0.7204.251 Electron/37.6.0 Safari/537.36"
[2026-06-07T13:42:42.305Z]  "GET /examples/index.html" "Mozilla/5.0 (X11; Linux x86_64) AppleWebKit/537.36 (KHTML, like Gecko) Cypress/15.8.1 Chrome/138.0.7204.251 Electron/37.6.0 Safari/537.36"
[2026-06-07T13:42:42.335Z]  "GET /examples/styles.css" "Mozilla/5.0 (X11; Linux x86_64) AppleWebKit/537.36 (KHTML, like Gecko) Cypress/15.8.1 Chrome/138.0.7204.251 Electron/37.6.0 Safari/537.36"
[2026-06-07T13:42:42.336Z]  "GET /dist/audio-recorder-visualization.umd.js" "Mozilla/5.0 (X11; Linux x86_64) AppleWebKit/537.36 (KHTML, like Gecko) Cypress/15.8.1 Chrome/138.0.7204.251 Electron/37.6.0 Safari/537.36"
[2026-06-07T13:42:42.337Z]  "GET /examples/app-core.js" "Mozilla/5.0 (X11; Linux x86_64) AppleWebKit/537.36 (KHTML, like Gecko) Cypress/15.8.1 Chrome/138.0.7204.251 Electron/37.6.0 Safari/537.36"
[2026-06-07T13:42:42.340Z]  "GET /examples/app-features.js" "Mozilla/5.0 (X11; Linux x86_64) AppleWebKit/537.36 (KHTML, like Gecko) Cypress/15.8.1 Chrome/138.0.7204.251 Electron/37.6.0 Safari/537.36"
[2026-06-07T13:42:42.340Z]  "GET /examples/app-interactions.js" "Mozilla/5.0 (X11; Linux x86_64) AppleWebKit/537.36 (KHTML, like Gecko) Cypress/15.8.1 Chrome/138.0.7204.251 Electron/37.6.0 Safari/537.36"
[2026-06-07T13:42:42.341Z]  "GET /examples/youtube-upload.js" "Mozilla/5.0 (X11; Linux x86_64) AppleWebKit/537.36 (KHTML, like Gecko) Cypress/15.8.1 Chrome/138.0.7204.251 Electron/37.6.0 Safari/537.36"
[2026-06-07T13:42:42.378Z]  "GET /examples/pipeline.js" "Mozilla/5.0 (X11; Linux x86_64) AppleWebKit/537.36 (KHTML, like Gecko) Cypress/15.8.1 Chrome/138.0.7204.251 Electron/37.6.0 Safari/537.36"
[2026-06-07T13:43:09.180Z]  "GET /examples/index.html" "Mozilla/5.0 (X11; Linux x86_64) AppleWebKit/537.36 (KHTML, like Gecko) Cypress/15.8.1 Chrome/138.0.7204.251 Electron/37.6.0 Safari/537.36"
[2026-06-07T13:43:09.410Z]  "GET /examples/styles.css" "Mozilla/5.0 (X11; Linux x86_64) AppleWebKit/537.36 (KHTML, like Gecko) Cypress/15.8.1 Chrome/138.0.7204.251 Electron/37.6.0 Safari/537.36"
[2026-06-07T13:43:09.437Z]  "GET /dist/audio-recorder-visualization.umd.js" "Mozilla/5.0 (X11; Linux x86_64) AppleWebKit/537.36 (KHTML, like Gecko) Cypress/15.8.1 Chrome/138.0.7204.251 Electron/37.6.0 Safari/537.36"
[2026-06-07T13:43:09.438Z]  "GET /examples/app-core.js" "Mozilla/5.0 (X11; Linux x86_64) AppleWebKit/537.36 (KHTML, like Gecko) Cypress/15.8.1 Chrome/138.0.7204.251 Electron/37.6.0 Safari/537.36"
[2026-06-07T13:43:09.438Z]  "GET /examples/app-features.js" "Mozilla/5.0 (X11; Linux x86_64) AppleWebKit/537.36 (KHTML, like Gecko) Cypress/15.8.1 Chrome/138.0.7204.251 Electron/37.6.0 Safari/537.36"
[2026-06-07T13:43:09.441Z]  "GET /examples/app-interactions.js" "Mozilla/5.0 (X11; Linux x86_64) AppleWebKit/537.36 (KHTML, like Gecko) Cypress/15.8.1 Chrome/138.0.7204.251 Electron/37.6.0 Safari/537.36"
[2026-06-07T13:43:09.445Z]  "GET /examples/youtube-upload.js" "Mozilla/5.0 (X11; Linux x86_64) AppleWebKit/537.36 (KHTML, like Gecko) Cypress/15.8.1 Chrome/138.0.7204.251 Electron/37.6.0 Safari/537.36"
[2026-06-07T13:43:09.507Z]  "GET /examples/pipeline.js" "Mozilla/5.0 (X11; Linux x86_64) AppleWebKit/537.36 (KHTML, like Gecko) Cypress/15.8.1 Chrome/138.0.7204.251 Electron/37.6.0 Safari/537.36"
[2026-06-07T13:43:10.967Z]  "GET /examples/index.html" "Mozilla/5.0 (X11; Linux x86_64) AppleWebKit/537.36 (KHTML, like Gecko) Cypress/15.8.1 Chrome/138.0.7204.251 Electron/37.6.0 Safari/537.36"
[2026-06-07T13:43:11.015Z]  "GET /examples/styles.css" "Mozilla/5.0 (X11; Linux x86_64) AppleWebKit/537.36 (KHTML, like Gecko) Cypress/15.8.1 Chrome/138.0.7204.251 Electron/37.6.0 Safari/537.36"
[2026-06-07T13:43:11.017Z]  "GET /dist/audio-recorder-visualization.umd.js" "Mozilla/5.0 (X11; Linux x86_64) AppleWebKit/537.36 (KHTML, like Gecko) Cypress/15.8.1 Chrome/138.0.7204.251 Electron/37.6.0 Safari/537.36"
[2026-06-07T13:43:11.021Z]  "GET /examples/app-core.js" "Mozilla/5.0 (X11; Linux x86_64) AppleWebKit/537.36 (KHTML, like Gecko) Cypress/15.8.1 Chrome/138.0.7204.251 Electron/37.6.0 Safari/537.36"
[2026-06-07T13:43:11.022Z]  "GET /examples/app-features.js" "Mozilla/5.0 (X11; Linux x86_64) AppleWebKit/537.36 (KHTML, like Gecko) Cypress/15.8.1 Chrome/138.0.7204.251 Electron/37.6.0 Safari/537.36"
[2026-06-07T13:43:11.025Z]  "GET /examples/app-interactions.js" "Mozilla/5.0 (X11; Linux x86_64) AppleWebKit/537.36 (KHTML, like Gecko) Cypress/15.8.1 Chrome/138.0.7204.251 Electron/37.6.0 Safari/537.36"
[2026-06-07T13:43:11.046Z]  "GET /examples/youtube-upload.js" "Mozilla/5.0 (X11; Linux x86_64) AppleWebKit/537.36 (KHTML, like Gecko) Cypress/15.8.1 Chrome/138.0.7204.251 Electron/37.6.0 Safari/537.36"
[2026-06-07T13:43:11.073Z]  "GET /examples/pipeline.js" "Mozilla/5.0 (X11; Linux x86_64) AppleWebKit/537.36 (KHTML, like Gecko) Cypress/15.8.1 Chrome/138.0.7204.251 Electron/37.6.0 Safari/537.36"
[2026-06-07T13:43:11.840Z]  "GET /examples/index.html" "Mozilla/5.0 (X11; Linux x86_64) AppleWebKit/537.36 (KHTML, like Gecko) Cypress/15.8.1 Chrome/138.0.7204.251 Electron/37.6.0 Safari/537.36"
[2026-06-07T13:43:11.884Z]  "GET /examples/styles.css" "Mozilla/5.0 (X11; Linux x86_64) AppleWebKit/537.36 (KHTML, like Gecko) Cypress/15.8.1 Chrome/138.0.7204.251 Electron/37.6.0 Safari/537.36"
[2026-06-07T13:43:11.884Z]  "GET /dist/audio-recorder-visualization.umd.js" "Mozilla/5.0 (X11; Linux x86_64) AppleWebKit/537.36 (KHTML, like Gecko) Cypress/15.8.1 Chrome/138.0.7204.251 Electron/37.6.0 Safari/537.36"
[2026-06-07T13:43:11.886Z]  "GET /examples/app-core.js" "Mozilla/5.0 (X11; Linux x86_64) AppleWebKit/537.36 (KHTML, like Gecko) Cypress/15.8.1 Chrome/138.0.7204.251 Electron/37.6.0 Safari/537.36"
[2026-06-07T13:43:11.887Z]  "GET /examples/app-features.js" "Mozilla/5.0 (X11; Linux x86_64) AppleWebKit/537.36 (KHTML, like Gecko) Cypress/15.8.1 Chrome/138.0.7204.251 Electron/37.6.0 Safari/537.36"
[2026-06-07T13:43:11.889Z]  "GET /examples/app-interactions.js" "Mozilla/5.0 (X11; Linux x86_64) AppleWebKit/537.36 (KHTML, like Gecko) Cypress/15.8.1 Chrome/138.0.7204.251 Electron/37.6.0 Safari/537.36"
[2026-06-07T13:43:11.890Z]  "GET /examples/youtube-upload.js" "Mozilla/5.0 (X11; Linux x86_64) AppleWebKit/537.36 (KHTML, like Gecko) Cypress/15.8.1 Chrome/138.0.7204.251 Electron/37.6.0 Safari/537.36"
[2026-06-07T13:43:11.926Z]  "GET /examples/pipeline.js" "Mozilla/5.0 (X11; Linux x86_64) AppleWebKit/537.36 (KHTML, like Gecko) Cypress/15.8.1 Chrome/138.0.7204.251 Electron/37.6.0 Safari/537.36"
[2026-06-07T13:43:14.502Z]  "GET /examples/index.html" "Mozilla/5.0 (X11; Linux x86_64) AppleWebKit/537.36 (KHTML, like Gecko) Cypress/15.8.1 Chrome/138.0.7204.251 Electron/37.6.0 Safari/537.36"
[2026-06-07T13:43:14.578Z]  "GET /examples/styles.css" "Mozilla/5.0 (X11; Linux x86_64) AppleWebKit/537.36 (KHTML, like Gecko) Cypress/15.8.1 Chrome/138.0.7204.251 Electron/37.6.0 Safari/537.36"
[2026-06-07T13:43:14.582Z]  "GET /dist/audio-recorder-visualization.umd.js" "Mozilla/5.0 (X11; Linux x86_64) AppleWebKit/537.36 (KHTML, like Gecko) Cypress/15.8.1 Chrome/138.0.7204.251 Electron/37.6.0 Safari/537.36"
[2026-06-07T13:43:14.582Z]  "GET /examples/app-core.js" "Mozilla/5.0 (X11; Linux x86_64) AppleWebKit/537.36 (KHTML, like Gecko) Cypress/15.8.1 Chrome/138.0.7204.251 Electron/37.6.0 Safari/537.36"
[2026-06-07T13:43:14.584Z]  "GET /examples/app-features.js" "Mozilla/5.0 (X11; Linux x86_64) AppleWebKit/537.36 (KHTML, like Gecko) Cypress/15.8.1 Chrome/138.0.7204.251 Electron/37.6.0 Safari/537.36"
[2026-06-07T13:43:14.587Z]  "GET /examples/app-interactions.js" "Mozilla/5.0 (X11; Linux x86_64) AppleWebKit/537.36 (KHTML, like Gecko) Cypress/15.8.1 Chrome/138.0.7204.251 Electron/37.6.0 Safari/537.36"
[2026-06-07T13:43:14.588Z]  "GET /examples/youtube-upload.js" "Mozilla/5.0 (X11; Linux x86_64) AppleWebKit/537.36 (KHTML, like Gecko) Cypress/15.8.1 Chrome/138.0.7204.251 Electron/37.6.0 Safari/537.36"
[2026-06-07T13:43:14.639Z]  "GET /examples/pipeline.js" "Mozilla/5.0 (X11; Linux x86_64) AppleWebKit/537.36 (KHTML, like Gecko) Cypress/15.8.1 Chrome/138.0.7204.251 Electron/37.6.0 Safari/537.36"
[2026-06-07T13:43:15.335Z]  "GET /examples/index.html" "Mozilla/5.0 (X11; Linux x86_64) AppleWebKit/537.36 (KHTML, like Gecko) Cypress/15.8.1 Chrome/138.0.7204.251 Electron/37.6.0 Safari/537.36"
[2026-06-07T13:43:15.355Z]  "GET /examples/styles.css" "Mozilla/5.0 (X11; Linux x86_64) AppleWebKit/537.36 (KHTML, like Gecko) Cypress/15.8.1 Chrome/138.0.7204.251 Electron/37.6.0 Safari/537.36"
[2026-06-07T13:43:15.356Z]  "GET /dist/audio-recorder-visualization.umd.js" "Mozilla/5.0 (X11; Linux x86_64) AppleWebKit/537.36 (KHTML, like Gecko) Cypress/15.8.1 Chrome/138.0.7204.251 Electron/37.6.0 Safari/537.36"
[2026-06-07T13:43:15.357Z]  "GET /examples/app-core.js" "Mozilla/5.0 (X11; Linux x86_64) AppleWebKit/537.36 (KHTML, like Gecko) Cypress/15.8.1 Chrome/138.0.7204.251 Electron/37.6.0 Safari/537.36"
[2026-06-07T13:43:15.358Z]  "GET /examples/app-features.js" "Mozilla/5.0 (X11; Linux x86_64) AppleWebKit/537.36 (KHTML, like Gecko) Cypress/15.8.1 Chrome/138.0.7204.251 Electron/37.6.0 Safari/537.36"
[2026-06-07T13:43:15.359Z]  "GET /examples/app-interactions.js" "Mozilla/5.0 (X11; Linux x86_64) AppleWebKit/537.36 (KHTML, like Gecko) Cypress/15.8.1 Chrome/138.0.7204.251 Electron/37.6.0 Safari/537.36"
[2026-06-07T13:43:15.360Z]  "GET /examples/youtube-upload.js" "Mozilla/5.0 (X11; Linux x86_64) AppleWebKit/537.36 (KHTML, like Gecko) Cypress/15.8.1 Chrome/138.0.7204.251 Electron/37.6.0 Safari/537.36"
[2026-06-07T13:43:15.383Z]  "GET /examples/pipeline.js" "Mozilla/5.0 (X11; Linux x86_64) AppleWebKit/537.36 (KHTML, like Gecko) Cypress/15.8.1 Chrome/138.0.7204.251 Electron/37.6.0 Safari/537.36"
[2026-06-07T13:43:16.426Z]  "GET /examples/index.html" "Mozilla/5.0 (X11; Linux x86_64) AppleWebKit/537.36 (KHTML, like Gecko) Cypress/15.8.1 Chrome/138.0.7204.251 Electron/37.6.0 Safari/537.36"
[2026-06-07T13:43:16.455Z]  "GET /examples/styles.css" "Mozilla/5.0 (X11; Linux x86_64) AppleWebKit/537.36 (KHTML, like Gecko) Cypress/15.8.1 Chrome/138.0.7204.251 Electron/37.6.0 Safari/537.36"
[2026-06-07T13:43:16.457Z]  "GET /dist/audio-recorder-visualization.umd.js" "Mozilla/5.0 (X11; Linux x86_64) AppleWebKit/537.36 (KHTML, like Gecko) Cypress/15.8.1 Chrome/138.0.7204.251 Electron/37.6.0 Safari/537.36"
[2026-06-07T13:43:16.458Z]  "GET /examples/app-core.js" "Mozilla/5.0 (X11; Linux x86_64) AppleWebKit/537.36 (KHTML, like Gecko) Cypress/15.8.1 Chrome/138.0.7204.251 Electron/37.6.0 Safari/537.36"
[2026-06-07T13:43:16.458Z]  "GET /examples/app-features.js" "Mozilla/5.0 (X11; Linux x86_64) AppleWebKit/537.36 (KHTML, like Gecko) Cypress/15.8.1 Chrome/138.0.7204.251 Electron/37.6.0 Safari/537.36"
[2026-06-07T13:43:16.460Z]  "GET /examples/app-interactions.js" "Mozilla/5.0 (X11; Linux x86_64) AppleWebKit/537.36 (KHTML, like Gecko) Cypress/15.8.1 Chrome/138.0.7204.251 Electron/37.6.0 Safari/537.36"
[2026-06-07T13:43:16.461Z]  "GET /examples/youtube-upload.js" "Mozilla/5.0 (X11; Linux x86_64) AppleWebKit/537.36 (KHTML, like Gecko) Cypress/15.8.1 Chrome/138.0.7204.251 Electron/37.6.0 Safari/537.36"
[2026-06-07T13:43:16.502Z]  "GET /examples/pipeline.js" "Mozilla/5.0 (X11; Linux x86_64) AppleWebKit/537.36 (KHTML, like Gecko) Cypress/15.8.1 Chrome/138.0.7204.251 Electron/37.6.0 Safari/537.36"
[2026-06-07T13:43:17.427Z]  "GET /examples/index.html" "Mozilla/5.0 (X11; Linux x86_64) AppleWebKit/537.36 (KHTML, like Gecko) Cypress/15.8.1 Chrome/138.0.7204.251 Electron/37.6.0 Safari/537.36"
[2026-06-07T13:43:17.455Z]  "GET /examples/styles.css" "Mozilla/5.0 (X11; Linux x86_64) AppleWebKit/537.36 (KHTML, like Gecko) Cypress/15.8.1 Chrome/138.0.7204.251 Electron/37.6.0 Safari/537.36"
[2026-06-07T13:43:17.457Z]  "GET /dist/audio-recorder-visualization.umd.js" "Mozilla/5.0 (X11; Linux x86_64) AppleWebKit/537.36 (KHTML, like Gecko) Cypress/15.8.1 Chrome/138.0.7204.251 Electron/37.6.0 Safari/537.36"
[2026-06-07T13:43:17.459Z]  "GET /examples/app-core.js" "Mozilla/5.0 (X11; Linux x86_64) AppleWebKit/537.36 (KHTML, like Gecko) Cypress/15.8.1 Chrome/138.0.7204.251 Electron/37.6.0 Safari/537.36"
[2026-06-07T13:43:17.462Z]  "GET /examples/app-features.js" "Mozilla/5.0 (X11; Linux x86_64) AppleWebKit/537.36 (KHTML, like Gecko) Cypress/15.8.1 Chrome/138.0.7204.251 Electron/37.6.0 Safari/537.36"
[2026-06-07T13:43:17.463Z]  "GET /examples/app-interactions.js" "Mozilla/5.0 (X11; Linux x86_64) AppleWebKit/537.36 (KHTML, like Gecko) Cypress/15.8.1 Chrome/138.0.7204.251 Electron/37.6.0 Safari/537.36"
[2026-06-07T13:43:17.464Z]  "GET /examples/youtube-upload.js" "Mozilla/5.0 (X11; Linux x86_64) AppleWebKit/537.36 (KHTML, like Gecko) Cypress/15.8.1 Chrome/138.0.7204.251 Electron/37.6.0 Safari/537.36"
[2026-06-07T13:43:17.492Z]  "GET /examples/pipeline.js" "Mozilla/5.0 (X11; Linux x86_64) AppleWebKit/537.36 (KHTML, like Gecko) Cypress/15.8.1 Chrome/138.0.7204.251 Electron/37.6.0 Safari/537.36"
[2026-06-07T13:43:18.297Z]  "GET /examples/index.html" "Mozilla/5.0 (X11; Linux x86_64) AppleWebKit/537.36 (KHTML, like Gecko) Cypress/15.8.1 Chrome/138.0.7204.251 Electron/37.6.0 Safari/537.36"
[2026-06-07T13:43:18.328Z]  "GET /examples/styles.css" "Mozilla/5.0 (X11; Linux x86_64) AppleWebKit/537.36 (KHTML, like Gecko) Cypress/15.8.1 Chrome/138.0.7204.251 Electron/37.6.0 Safari/537.36"
[2026-06-07T13:43:18.332Z]  "GET /dist/audio-recorder-visualization.umd.js" "Mozilla/5.0 (X11; Linux x86_64) AppleWebKit/537.36 (KHTML, like Gecko) Cypress/15.8.1 Chrome/138.0.7204.251 Electron/37.6.0 Safari/537.36"
[2026-06-07T13:43:18.335Z]  "GET /examples/app-core.js" "Mozilla/5.0 (X11; Linux x86_64) AppleWebKit/537.36 (KHTML, like Gecko) Cypress/15.8.1 Chrome/138.0.7204.251 Electron/37.6.0 Safari/537.36"
[2026-06-07T13:43:18.335Z]  "GET /examples/app-features.js" "Mozilla/5.0 (X11; Linux x86_64) AppleWebKit/537.36 (KHTML, like Gecko) Cypress/15.8.1 Chrome/138.0.7204.251 Electron/37.6.0 Safari/537.36"
[2026-06-07T13:43:18.336Z]  "GET /examples/app-interactions.js" "Mozilla/5.0 (X11; Linux x86_64) AppleWebKit/537.36 (KHTML, like Gecko) Cypress/15.8.1 Chrome/138.0.7204.251 Electron/37.6.0 Safari/537.36"
[2026-06-07T13:43:18.337Z]  "GET /examples/youtube-upload.js" "Mozilla/5.0 (X11; Linux x86_64) AppleWebKit/537.36 (KHTML, like Gecko) Cypress/15.8.1 Chrome/138.0.7204.251 Electron/37.6.0 Safari/537.36"
[2026-06-07T13:43:18.364Z]  "GET /examples/pipeline.js" "Mozilla/5.0 (X11; Linux x86_64) AppleWebKit/537.36 (KHTML, like Gecko) Cypress/15.8.1 Chrome/138.0.7204.251 Electron/37.6.0 Safari/537.36"
[2026-06-07T13:43:19.076Z]  "GET /examples/index.html" "Mozilla/5.0 (X11; Linux x86_64) AppleWebKit/537.36 (KHTML, like Gecko) Cypress/15.8.1 Chrome/138.0.7204.251 Electron/37.6.0 Safari/537.36"
[2026-06-07T13:43:19.111Z]  "GET /examples/styles.css" "Mozilla/5.0 (X11; Linux x86_64) AppleWebKit/537.36 (KHTML, like Gecko) Cypress/15.8.1 Chrome/138.0.7204.251 Electron/37.6.0 Safari/537.36"
[2026-06-07T13:43:19.113Z]  "GET /dist/audio-recorder-visualization.umd.js" "Mozilla/5.0 (X11; Linux x86_64) AppleWebKit/537.36 (KHTML, like Gecko) Cypress/15.8.1 Chrome/138.0.7204.251 Electron/37.6.0 Safari/537.36"
[2026-06-07T13:43:19.113Z]  "GET /examples/app-core.js" "Mozilla/5.0 (X11; Linux x86_64) AppleWebKit/537.36 (KHTML, like Gecko) Cypress/15.8.1 Chrome/138.0.7204.251 Electron/37.6.0 Safari/537.36"
[2026-06-07T13:43:19.114Z]  "GET /examples/app-features.js" "Mozilla/5.0 (X11; Linux x86_64) AppleWebKit/537.36 (KHTML, like Gecko) Cypress/15.8.1 Chrome/138.0.7204.251 Electron/37.6.0 Safari/537.36"
[2026-06-07T13:43:19.116Z]  "GET /examples/app-interactions.js" "Mozilla/5.0 (X11; Linux x86_64) AppleWebKit/537.36 (KHTML, like Gecko) Cypress/15.8.1 Chrome/138.0.7204.251 Electron/37.6.0 Safari/537.36"
[2026-06-07T13:43:19.116Z]  "GET /examples/youtube-upload.js" "Mozilla/5.0 (X11; Linux x86_64) AppleWebKit/537.36 (KHTML, like Gecko) Cypress/15.8.1 Chrome/138.0.7204.251 Electron/37.6.0 Safari/537.36"
[2026-06-07T13:43:19.146Z]  "GET /examples/pipeline.js" "Mozilla/5.0 (X11; Linux x86_64) AppleWebKit/537.36 (KHTML, like Gecko) Cypress/15.8.1 Chrome/138.0.7204.251 Electron/37.6.0 Safari/537.36"
[2026-06-07T13:43:19.876Z]  "GET /examples/index.html" "Mozilla/5.0 (X11; Linux x86_64) AppleWebKit/537.36 (KHTML, like Gecko) Cypress/15.8.1 Chrome/138.0.7204.251 Electron/37.6.0 Safari/537.36"
[2026-06-07T13:43:19.907Z]  "GET /examples/styles.css" "Mozilla/5.0 (X11; Linux x86_64) AppleWebKit/537.36 (KHTML, like Gecko) Cypress/15.8.1 Chrome/138.0.7204.251 Electron/37.6.0 Safari/537.36"
[2026-06-07T13:43:19.908Z]  "GET /dist/audio-recorder-visualization.umd.js" "Mozilla/5.0 (X11; Linux x86_64) AppleWebKit/537.36 (KHTML, like Gecko) Cypress/15.8.1 Chrome/138.0.7204.251 Electron/37.6.0 Safari/537.36"
[2026-06-07T13:43:19.909Z]  "GET /examples/app-core.js" "Mozilla/5.0 (X11; Linux x86_64) AppleWebKit/537.36 (KHTML, like Gecko) Cypress/15.8.1 Chrome/138.0.7204.251 Electron/37.6.0 Safari/537.36"
[2026-06-07T13:43:19.910Z]  "GET /examples/app-features.js" "Mozilla/5.0 (X11; Linux x86_64) AppleWebKit/537.36 (KHTML, like Gecko) Cypress/15.8.1 Chrome/138.0.7204.251 Electron/37.6.0 Safari/537.36"
[2026-06-07T13:43:19.911Z]  "GET /examples/app-interactions.js" "Mozilla/5.0 (X11; Linux x86_64) AppleWebKit/537.36 (KHTML, like Gecko) Cypress/15.8.1 Chrome/138.0.7204.251 Electron/37.6.0 Safari/537.36"
[2026-06-07T13:43:19.911Z]  "GET /examples/youtube-upload.js" "Mozilla/5.0 (X11; Linux x86_64) AppleWebKit/537.36 (KHTML, like Gecko) Cypress/15.8.1 Chrome/138.0.7204.251 Electron/37.6.0 Safari/537.36"
[2026-06-07T13:43:19.939Z]  "GET /examples/pipeline.js" "Mozilla/5.0 (X11; Linux x86_64) AppleWebKit/537.36 (KHTML, like Gecko) Cypress/15.8.1 Chrome/138.0.7204.251 Electron/37.6.0 Safari/537.36"
[2026-06-07T13:43:20.986Z]  "GET /examples/index.html" "Mozilla/5.0 (X11; Linux x86_64) AppleWebKit/537.36 (KHTML, like Gecko) Cypress/15.8.1 Chrome/138.0.7204.251 Electron/37.6.0 Safari/537.36"
[2026-06-07T13:43:21.013Z]  "GET /examples/styles.css" "Mozilla/5.0 (X11; Linux x86_64) AppleWebKit/537.36 (KHTML, like Gecko) Cypress/15.8.1 Chrome/138.0.7204.251 Electron/37.6.0 Safari/537.36"
[2026-06-07T13:43:21.014Z]  "GET /dist/audio-recorder-visualization.umd.js" "Mozilla/5.0 (X11; Linux x86_64) AppleWebKit/537.36 (KHTML, like Gecko) Cypress/15.8.1 Chrome/138.0.7204.251 Electron/37.6.0 Safari/537.36"
[2026-06-07T13:43:21.015Z]  "GET /examples/app-core.js" "Mozilla/5.0 (X11; Linux x86_64) AppleWebKit/537.36 (KHTML, like Gecko) Cypress/15.8.1 Chrome/138.0.7204.251 Electron/37.6.0 Safari/537.36"
[2026-06-07T13:43:21.016Z]  "GET /examples/app-features.js" "Mozilla/5.0 (X11; Linux x86_64) AppleWebKit/537.36 (KHTML, like Gecko) Cypress/15.8.1 Chrome/138.0.7204.251 Electron/37.6.0 Safari/537.36"
[2026-06-07T13:43:21.016Z]  "GET /examples/app-interactions.js" "Mozilla/5.0 (X11; Linux x86_64) AppleWebKit/537.36 (KHTML, like Gecko) Cypress/15.8.1 Chrome/138.0.7204.251 Electron/37.6.0 Safari/537.36"
[2026-06-07T13:43:21.016Z]  "GET /examples/youtube-upload.js" "Mozilla/5.0 (X11; Linux x86_64) AppleWebKit/537.36 (KHTML, like Gecko) Cypress/15.8.1 Chrome/138.0.7204.251 Electron/37.6.0 Safari/537.36"
[2026-06-07T13:43:21.036Z]  "GET /examples/pipeline.js" "Mozilla/5.0 (X11; Linux x86_64) AppleWebKit/537.36 (KHTML, like Gecko) Cypress/15.8.1 Chrome/138.0.7204.251 Electron/37.6.0 Safari/537.36"
[2026-06-07T13:43:22.357Z]  "GET /examples/index.html" "Mozilla/5.0 (X11; Linux x86_64) AppleWebKit/537.36 (KHTML, like Gecko) Cypress/15.8.1 Chrome/138.0.7204.251 Electron/37.6.0 Safari/537.36"
[2026-06-07T13:43:22.385Z]  "GET /examples/styles.css" "Mozilla/5.0 (X11; Linux x86_64) AppleWebKit/537.36 (KHTML, like Gecko) Cypress/15.8.1 Chrome/138.0.7204.251 Electron/37.6.0 Safari/537.36"
[2026-06-07T13:43:22.386Z]  "GET /dist/audio-recorder-visualization.umd.js" "Mozilla/5.0 (X11; Linux x86_64) AppleWebKit/537.36 (KHTML, like Gecko) Cypress/15.8.1 Chrome/138.0.7204.251 Electron/37.6.0 Safari/537.36"
[2026-06-07T13:43:22.388Z]  "GET /examples/app-core.js" "Mozilla/5.0 (X11; Linux x86_64) AppleWebKit/537.36 (KHTML, like Gecko) Cypress/15.8.1 Chrome/138.0.7204.251 Electron/37.6.0 Safari/537.36"
[2026-06-07T13:43:22.388Z]  "GET /examples/app-features.js" "Mozilla/5.0 (X11; Linux x86_64) AppleWebKit/537.36 (KHTML, like Gecko) Cypress/15.8.1 Chrome/138.0.7204.251 Electron/37.6.0 Safari/537.36"
[2026-06-07T13:43:22.390Z]  "GET /examples/app-interactions.js" "Mozilla/5.0 (X11; Linux x86_64) AppleWebKit/537.36 (KHTML, like Gecko) Cypress/15.8.1 Chrome/138.0.7204.251 Electron/37.6.0 Safari/537.36"
[2026-06-07T13:43:22.391Z]  "GET /examples/youtube-upload.js" "Mozilla/5.0 (X11; Linux x86_64) AppleWebKit/537.36 (KHTML, like Gecko) Cypress/15.8.1 Chrome/138.0.7204.251 Electron/37.6.0 Safari/537.36"
[2026-06-07T13:43:22.417Z]  "GET /examples/pipeline.js" "Mozilla/5.0 (X11; Linux x86_64) AppleWebKit/537.36 (KHTML, like Gecko) Cypress/15.8.1 Chrome/138.0.7204.251 Electron/37.6.0 Safari/537.36"
[2026-06-07T13:43:23.100Z]  "GET /examples/index.html" "Mozilla/5.0 (X11; Linux x86_64) AppleWebKit/537.36 (KHTML, like Gecko) Cypress/15.8.1 Chrome/138.0.7204.251 Electron/37.6.0 Safari/537.36"
[2026-06-07T13:43:23.118Z]  "GET /examples/styles.css" "Mozilla/5.0 (X11; Linux x86_64) AppleWebKit/537.36 (KHTML, like Gecko) Cypress/15.8.1 Chrome/138.0.7204.251 Electron/37.6.0 Safari/537.36"
[2026-06-07T13:43:23.120Z]  "GET /dist/audio-recorder-visualization.umd.js" "Mozilla/5.0 (X11; Linux x86_64) AppleWebKit/537.36 (KHTML, like Gecko) Cypress/15.8.1 Chrome/138.0.7204.251 Electron/37.6.0 Safari/537.36"
[2026-06-07T13:43:23.122Z]  "GET /examples/app-core.js" "Mozilla/5.0 (X11; Linux x86_64) AppleWebKit/537.36 (KHTML, like Gecko) Cypress/15.8.1 Chrome/138.0.7204.251 Electron/37.6.0 Safari/537.36"
[2026-06-07T13:43:23.124Z]  "GET /examples/app-features.js" "Mozilla/5.0 (X11; Linux x86_64) AppleWebKit/537.36 (KHTML, like Gecko) Cypress/15.8.1 Chrome/138.0.7204.251 Electron/37.6.0 Safari/537.36"
[2026-06-07T13:43:23.125Z]  "GET /examples/app-interactions.js" "Mozilla/5.0 (X11; Linux x86_64) AppleWebKit/537.36 (KHTML, like Gecko) Cypress/15.8.1 Chrome/138.0.7204.251 Electron/37.6.0 Safari/537.36"
[2026-06-07T13:43:23.126Z]  "GET /examples/youtube-upload.js" "Mozilla/5.0 (X11; Linux x86_64) AppleWebKit/537.36 (KHTML, like Gecko) Cypress/15.8.1 Chrome/138.0.7204.251 Electron/37.6.0 Safari/537.36"
[2026-06-07T13:43:23.157Z]  "GET /examples/pipeline.js" "Mozilla/5.0 (X11; Linux x86_64) AppleWebKit/537.36 (KHTML, like Gecko) Cypress/15.8.1 Chrome/138.0.7204.251 Electron/37.6.0 Safari/537.36"
[2026-06-07T13:43:23.219Z]  "GET /examples/index.html" "Mozilla/5.0 (X11; Linux x86_64) AppleWebKit/537.36 (KHTML, like Gecko) Cypress/15.8.1 Chrome/138.0.7204.251 Electron/37.6.0 Safari/537.36"
[2026-06-07T13:43:23.262Z]  "GET /examples/styles.css" "Mozilla/5.0 (X11; Linux x86_64) AppleWebKit/537.36 (KHTML, like Gecko) Cypress/15.8.1 Chrome/138.0.7204.251 Electron/37.6.0 Safari/537.36"
[2026-06-07T13:43:23.263Z]  "GET /dist/audio-recorder-visualization.umd.js" "Mozilla/5.0 (X11; Linux x86_64) AppleWebKit/537.36 (KHTML, like Gecko) Cypress/15.8.1 Chrome/138.0.7204.251 Electron/37.6.0 Safari/537.36"
[2026-06-07T13:43:23.266Z]  "GET /examples/app-core.js" "Mozilla/5.0 (X11; Linux x86_64) AppleWebKit/537.36 (KHTML, like Gecko) Cypress/15.8.1 Chrome/138.0.7204.251 Electron/37.6.0 Safari/537.36"
[2026-06-07T13:43:23.266Z]  "GET /examples/app-features.js" "Mozilla/5.0 (X11; Linux x86_64) AppleWebKit/537.36 (KHTML, like Gecko) Cypress/15.8.1 Chrome/138.0.7204.251 Electron/37.6.0 Safari/537.36"
[2026-06-07T13:43:23.266Z]  "GET /examples/app-interactions.js" "Mozilla/5.0 (X11; Linux x86_64) AppleWebKit/537.36 (KHTML, like Gecko) Cypress/15.8.1 Chrome/138.0.7204.251 Electron/37.6.0 Safari/537.36"
[2026-06-07T13:43:23.270Z]  "GET /examples/youtube-upload.js" "Mozilla/5.0 (X11; Linux x86_64) AppleWebKit/537.36 (KHTML, like Gecko) Cypress/15.8.1 Chrome/138.0.7204.251 Electron/37.6.0 Safari/537.36"
[2026-06-07T13:43:23.298Z]  "GET /examples/pipeline.js" "Mozilla/5.0 (X11; Linux x86_64) AppleWebKit/537.36 (KHTML, like Gecko) Cypress/15.8.1 Chrome/138.0.7204.251 Electron/37.6.0 Safari/537.36"
[2026-06-07T13:43:25.576Z]  "GET /examples/index.html" "Mozilla/5.0 (X11; Linux x86_64) AppleWebKit/537.36 (KHTML, like Gecko) Cypress/15.8.1 Chrome/138.0.7204.251 Electron/37.6.0 Safari/537.36"
[2026-06-07T13:43:25.611Z]  "GET /examples/styles.css" "Mozilla/5.0 (X11; Linux x86_64) AppleWebKit/537.36 (KHTML, like Gecko) Cypress/15.8.1 Chrome/138.0.7204.251 Electron/37.6.0 Safari/537.36"
[2026-06-07T13:43:25.614Z]  "GET /dist/audio-recorder-visualization.umd.js" "Mozilla/5.0 (X11; Linux x86_64) AppleWebKit/537.36 (KHTML, like Gecko) Cypress/15.8.1 Chrome/138.0.7204.251 Electron/37.6.0 Safari/537.36"
[2026-06-07T13:43:25.615Z]  "GET /examples/app-core.js" "Mozilla/5.0 (X11; Linux x86_64) AppleWebKit/537.36 (KHTML, like Gecko) Cypress/15.8.1 Chrome/138.0.7204.251 Electron/37.6.0 Safari/537.36"
[2026-06-07T13:43:25.616Z]  "GET /examples/app-features.js" "Mozilla/5.0 (X11; Linux x86_64) AppleWebKit/537.36 (KHTML, like Gecko) Cypress/15.8.1 Chrome/138.0.7204.251 Electron/37.6.0 Safari/537.36"
[2026-06-07T13:43:25.617Z]  "GET /examples/app-interactions.js" "Mozilla/5.0 (X11; Linux x86_64) AppleWebKit/537.36 (KHTML, like Gecko) Cypress/15.8.1 Chrome/138.0.7204.251 Electron/37.6.0 Safari/537.36"
[2026-06-07T13:43:25.618Z]  "GET /examples/youtube-upload.js" "Mozilla/5.0 (X11; Linux x86_64) AppleWebKit/537.36 (KHTML, like Gecko) Cypress/15.8.1 Chrome/138.0.7204.251 Electron/37.6.0 Safari/537.36"
[2026-06-07T13:43:25.644Z]  "GET /examples/pipeline.js" "Mozilla/5.0 (X11; Linux x86_64) AppleWebKit/537.36 (KHTML, like Gecko) Cypress/15.8.1 Chrome/138.0.7204.251 Electron/37.6.0 Safari/537.36"
[2026-06-07T13:43:26.499Z]  "GET /examples/index.html" "Mozilla/5.0 (X11; Linux x86_64) AppleWebKit/537.36 (KHTML, like Gecko) Cypress/15.8.1 Chrome/138.0.7204.251 Electron/37.6.0 Safari/537.36"
[2026-06-07T13:43:26.533Z]  "GET /examples/styles.css" "Mozilla/5.0 (X11; Linux x86_64) AppleWebKit/537.36 (KHTML, like Gecko) Cypress/15.8.1 Chrome/138.0.7204.251 Electron/37.6.0 Safari/537.36"
[2026-06-07T13:43:26.534Z]  "GET /dist/audio-recorder-visualization.umd.js" "Mozilla/5.0 (X11; Linux x86_64) AppleWebKit/537.36 (KHTML, like Gecko) Cypress/15.8.1 Chrome/138.0.7204.251 Electron/37.6.0 Safari/537.36"
[2026-06-07T13:43:26.535Z]  "GET /examples/app-core.js" "Mozilla/5.0 (X11; Linux x86_64) AppleWebKit/537.36 (KHTML, like Gecko) Cypress/15.8.1 Chrome/138.0.7204.251 Electron/37.6.0 Safari/537.36"
[2026-06-07T13:43:26.535Z]  "GET /examples/app-features.js" "Mozilla/5.0 (X11; Linux x86_64) AppleWebKit/537.36 (KHTML, like Gecko) Cypress/15.8.1 Chrome/138.0.7204.251 Electron/37.6.0 Safari/537.36"
[2026-06-07T13:43:26.536Z]  "GET /examples/app-interactions.js" "Mozilla/5.0 (X11; Linux x86_64) AppleWebKit/537.36 (KHTML, like Gecko) Cypress/15.8.1 Chrome/138.0.7204.251 Electron/37.6.0 Safari/537.36"
[2026-06-07T13:43:26.537Z]  "GET /examples/youtube-upload.js" "Mozilla/5.0 (X11; Linux x86_64) AppleWebKit/537.36 (KHTML, like Gecko) Cypress/15.8.1 Chrome/138.0.7204.251 Electron/37.6.0 Safari/537.36"
[2026-06-07T13:43:26.557Z]  "GET /examples/pipeline.js" "Mozilla/5.0 (X11; Linux x86_64) AppleWebKit/537.36 (KHTML, like Gecko) Cypress/15.8.1 Chrome/138.0.7204.251 Electron/37.6.0 Safari/537.36"
[2026-06-07T13:43:27.443Z]  "GET /examples/index.html" "Mozilla/5.0 (X11; Linux x86_64) AppleWebKit/537.36 (KHTML, like Gecko) Cypress/15.8.1 Chrome/138.0.7204.251 Electron/37.6.0 Safari/537.36"
[2026-06-07T13:43:27.473Z]  "GET /examples/styles.css" "Mozilla/5.0 (X11; Linux x86_64) AppleWebKit/537.36 (KHTML, like Gecko) Cypress/15.8.1 Chrome/138.0.7204.251 Electron/37.6.0 Safari/537.36"
[2026-06-07T13:43:27.476Z]  "GET /dist/audio-recorder-visualization.umd.js" "Mozilla/5.0 (X11; Linux x86_64) AppleWebKit/537.36 (KHTML, like Gecko) Cypress/15.8.1 Chrome/138.0.7204.251 Electron/37.6.0 Safari/537.36"
[2026-06-07T13:43:27.477Z]  "GET /examples/app-core.js" "Mozilla/5.0 (X11; Linux x86_64) AppleWebKit/537.36 (KHTML, like Gecko) Cypress/15.8.1 Chrome/138.0.7204.251 Electron/37.6.0 Safari/537.36"
[2026-06-07T13:43:27.480Z]  "GET /examples/app-features.js" "Mozilla/5.0 (X11; Linux x86_64) AppleWebKit/537.36 (KHTML, like Gecko) Cypress/15.8.1 Chrome/138.0.7204.251 Electron/37.6.0 Safari/537.36"
[2026-06-07T13:43:27.480Z]  "GET /examples/app-interactions.js" "Mozilla/5.0 (X11; Linux x86_64) AppleWebKit/537.36 (KHTML, like Gecko) Cypress/15.8.1 Chrome/138.0.7204.251 Electron/37.6.0 Safari/537.36"
[2026-06-07T13:43:27.481Z]  "GET /examples/youtube-upload.js" "Mozilla/5.0 (X11; Linux x86_64) AppleWebKit/537.36 (KHTML, like Gecko) Cypress/15.8.1 Chrome/138.0.7204.251 Electron/37.6.0 Safari/537.36"
[2026-06-07T13:43:27.503Z]  "GET /examples/pipeline.js" "Mozilla/5.0 (X11; Linux x86_64) AppleWebKit/537.36 (KHTML, like Gecko) Cypress/15.8.1 Chrome/138.0.7204.251 Electron/37.6.0 Safari/537.36"
[2026-06-07T13:43:28.251Z]  "GET /examples/index.html" "Mozilla/5.0 (X11; Linux x86_64) AppleWebKit/537.36 (KHTML, like Gecko) Cypress/15.8.1 Chrome/138.0.7204.251 Electron/37.6.0 Safari/537.36"
[2026-06-07T13:43:28.292Z]  "GET /examples/styles.css" "Mozilla/5.0 (X11; Linux x86_64) AppleWebKit/537.36 (KHTML, like Gecko) Cypress/15.8.1 Chrome/138.0.7204.251 Electron/37.6.0 Safari/537.36"
[2026-06-07T13:43:28.294Z]  "GET /dist/audio-recorder-visualization.umd.js" "Mozilla/5.0 (X11; Linux x86_64) AppleWebKit/537.36 (KHTML, like Gecko) Cypress/15.8.1 Chrome/138.0.7204.251 Electron/37.6.0 Safari/537.36"
[2026-06-07T13:43:28.295Z]  "GET /examples/app-core.js" "Mozilla/5.0 (X11; Linux x86_64) AppleWebKit/537.36 (KHTML, like Gecko) Cypress/15.8.1 Chrome/138.0.7204.251 Electron/37.6.0 Safari/537.36"
[2026-06-07T13:43:28.295Z]  "GET /examples/app-features.js" "Mozilla/5.0 (X11; Linux x86_64) AppleWebKit/537.36 (KHTML, like Gecko) Cypress/15.8.1 Chrome/138.0.7204.251 Electron/37.6.0 Safari/537.36"
[2026-06-07T13:43:28.296Z]  "GET /examples/app-interactions.js" "Mozilla/5.0 (X11; Linux x86_64) AppleWebKit/537.36 (KHTML, like Gecko) Cypress/15.8.1 Chrome/138.0.7204.251 Electron/37.6.0 Safari/537.36"
[2026-06-07T13:43:28.297Z]  "GET /examples/youtube-upload.js" "Mozilla/5.0 (X11; Linux x86_64) AppleWebKit/537.36 (KHTML, like Gecko) Cypress/15.8.1 Chrome/138.0.7204.251 Electron/37.6.0 Safari/537.36"
[2026-06-07T13:43:28.315Z]  "GET /examples/pipeline.js" "Mozilla/5.0 (X11; Linux x86_64) AppleWebKit/537.36 (KHTML, like Gecko) Cypress/15.8.1 Chrome/138.0.7204.251 Electron/37.6.0 Safari/537.36"
[2026-06-07T13:43:29.918Z]  "GET /examples/index.html" "Mozilla/5.0 (X11; Linux x86_64) AppleWebKit/537.36 (KHTML, like Gecko) Cypress/15.8.1 Chrome/138.0.7204.251 Electron/37.6.0 Safari/537.36"
[2026-06-07T13:43:29.983Z]  "GET /examples/styles.css" "Mozilla/5.0 (X11; Linux x86_64) AppleWebKit/537.36 (KHTML, like Gecko) Cypress/15.8.1 Chrome/138.0.7204.251 Electron/37.6.0 Safari/537.36"
[2026-06-07T13:43:29.992Z]  "GET /dist/audio-recorder-visualization.umd.js" "Mozilla/5.0 (X11; Linux x86_64) AppleWebKit/537.36 (KHTML, like Gecko) Cypress/15.8.1 Chrome/138.0.7204.251 Electron/37.6.0 Safari/537.36"
[2026-06-07T13:43:29.993Z]  "GET /examples/app-core.js" "Mozilla/5.0 (X11; Linux x86_64) AppleWebKit/537.36 (KHTML, like Gecko) Cypress/15.8.1 Chrome/138.0.7204.251 Electron/37.6.0 Safari/537.36"
[2026-06-07T13:43:29.993Z]  "GET /examples/app-features.js" "Mozilla/5.0 (X11; Linux x86_64) AppleWebKit/537.36 (KHTML, like Gecko) Cypress/15.8.1 Chrome/138.0.7204.251 Electron/37.6.0 Safari/537.36"
[2026-06-07T13:43:29.993Z]  "GET /examples/app-interactions.js" "Mozilla/5.0 (X11; Linux x86_64) AppleWebKit/537.36 (KHTML, like Gecko) Cypress/15.8.1 Chrome/138.0.7204.251 Electron/37.6.0 Safari/537.36"
[2026-06-07T13:43:29.996Z]  "GET /examples/youtube-upload.js" "Mozilla/5.0 (X11; Linux x86_64) AppleWebKit/537.36 (KHTML, like Gecko) Cypress/15.8.1 Chrome/138.0.7204.251 Electron/37.6.0 Safari/537.36"
[2026-06-07T13:43:30.028Z]  "GET /examples/pipeline.js" "Mozilla/5.0 (X11; Linux x86_64) AppleWebKit/537.36 (KHTML, like Gecko) Cypress/15.8.1 Chrome/138.0.7204.251 Electron/37.6.0 Safari/537.36"
[2026-06-07T13:43:30.811Z]  "GET /examples/index.html" "Mozilla/5.0 (X11; Linux x86_64) AppleWebKit/537.36 (KHTML, like Gecko) Cypress/15.8.1 Chrome/138.0.7204.251 Electron/37.6.0 Safari/537.36"
[2026-06-07T13:43:30.836Z]  "GET /examples/styles.css" "Mozilla/5.0 (X11; Linux x86_64) AppleWebKit/537.36 (KHTML, like Gecko) Cypress/15.8.1 Chrome/138.0.7204.251 Electron/37.6.0 Safari/537.36"
[2026-06-07T13:43:30.850Z]  "GET /dist/audio-recorder-visualization.umd.js" "Mozilla/5.0 (X11; Linux x86_64) AppleWebKit/537.36 (KHTML, like Gecko) Cypress/15.8.1 Chrome/138.0.7204.251 Electron/37.6.0 Safari/537.36"
[2026-06-07T13:43:30.854Z]  "GET /examples/app-core.js" "Mozilla/5.0 (X11; Linux x86_64) AppleWebKit/537.36 (KHTML, like Gecko) Cypress/15.8.1 Chrome/138.0.7204.251 Electron/37.6.0 Safari/537.36"
[2026-06-07T13:43:30.857Z]  "GET /examples/app-features.js" "Mozilla/5.0 (X11; Linux x86_64) AppleWebKit/537.36 (KHTML, like Gecko) Cypress/15.8.1 Chrome/138.0.7204.251 Electron/37.6.0 Safari/537.36"
[2026-06-07T13:43:30.858Z]  "GET /examples/app-interactions.js" "Mozilla/5.0 (X11; Linux x86_64) AppleWebKit/537.36 (KHTML, like Gecko) Cypress/15.8.1 Chrome/138.0.7204.251 Electron/37.6.0 Safari/537.36"
[2026-06-07T13:43:30.862Z]  "GET /examples/youtube-upload.js" "Mozilla/5.0 (X11; Linux x86_64) AppleWebKit/537.36 (KHTML, like Gecko) Cypress/15.8.1 Chrome/138.0.7204.251 Electron/37.6.0 Safari/537.36"
[2026-06-07T13:43:30.900Z]  "GET /examples/pipeline.js" "Mozilla/5.0 (X11; Linux x86_64) AppleWebKit/537.36 (KHTML, like Gecko) Cypress/15.8.1 Chrome/138.0.7204.251 Electron/37.6.0 Safari/537.36"
[2026-06-07T13:43:30.999Z]  "GET /examples/index.html" "Mozilla/5.0 (X11; Linux x86_64) AppleWebKit/537.36 (KHTML, like Gecko) Cypress/15.8.1 Chrome/138.0.7204.251 Electron/37.6.0 Safari/537.36"
[2026-06-07T13:43:31.079Z]  "GET /examples/styles.css" "Mozilla/5.0 (X11; Linux x86_64) AppleWebKit/537.36 (KHTML, like Gecko) Cypress/15.8.1 Chrome/138.0.7204.251 Electron/37.6.0 Safari/537.36"
[2026-06-07T13:43:31.082Z]  "GET /dist/audio-recorder-visualization.umd.js" "Mozilla/5.0 (X11; Linux x86_64) AppleWebKit/537.36 (KHTML, like Gecko) Cypress/15.8.1 Chrome/138.0.7204.251 Electron/37.6.0 Safari/537.36"
[2026-06-07T13:43:31.100Z]  "GET /examples/app-core.js" "Mozilla/5.0 (X11; Linux x86_64) AppleWebKit/537.36 (KHTML, like Gecko) Cypress/15.8.1 Chrome/138.0.7204.251 Electron/37.6.0 Safari/537.36"
[2026-06-07T13:43:31.101Z]  "GET /examples/app-features.js" "Mozilla/5.0 (X11; Linux x86_64) AppleWebKit/537.36 (KHTML, like Gecko) Cypress/15.8.1 Chrome/138.0.7204.251 Electron/37.6.0 Safari/537.36"
[2026-06-07T13:43:31.106Z]  "GET /examples/app-interactions.js" "Mozilla/5.0 (X11; Linux x86_64) AppleWebKit/537.36 (KHTML, like Gecko) Cypress/15.8.1 Chrome/138.0.7204.251 Electron/37.6.0 Safari/537.36"
[2026-06-07T13:43:31.107Z]  "GET /examples/youtube-upload.js" "Mozilla/5.0 (X11; Linux x86_64) AppleWebKit/537.36 (KHTML, like Gecko) Cypress/15.8.1 Chrome/138.0.7204.251 Electron/37.6.0 Safari/537.36"
[2026-06-07T13:43:31.131Z]  "GET /examples/pipeline.js" "Mozilla/5.0 (X11; Linux x86_64) AppleWebKit/537.36 (KHTML, like Gecko) Cypress/15.8.1 Chrome/138.0.7204.251 Electron/37.6.0 Safari/537.36"
[2026-06-07T13:43:34.708Z]  "GET /examples/index.html" "Mozilla/5.0 (X11; Linux x86_64) AppleWebKit/537.36 (KHTML, like Gecko) Cypress/15.8.1 Chrome/138.0.7204.251 Electron/37.6.0 Safari/537.36"
[2026-06-07T13:43:34.767Z]  "GET /examples/styles.css" "Mozilla/5.0 (X11; Linux x86_64) AppleWebKit/537.36 (KHTML, like Gecko) Cypress/15.8.1 Chrome/138.0.7204.251 Electron/37.6.0 Safari/537.36"
[2026-06-07T13:43:34.790Z]  "GET /dist/audio-recorder-visualization.umd.js" "Mozilla/5.0 (X11; Linux x86_64) AppleWebKit/537.36 (KHTML, like Gecko) Cypress/15.8.1 Chrome/138.0.7204.251 Electron/37.6.0 Safari/537.36"
[2026-06-07T13:43:34.790Z]  "GET /examples/app-core.js" "Mozilla/5.0 (X11; Linux x86_64) AppleWebKit/537.36 (KHTML, like Gecko) Cypress/15.8.1 Chrome/138.0.7204.251 Electron/37.6.0 Safari/537.36"
[2026-06-07T13:43:34.796Z]  "GET /examples/app-features.js" "Mozilla/5.0 (X11; Linux x86_64) AppleWebKit/537.36 (KHTML, like Gecko) Cypress/15.8.1 Chrome/138.0.7204.251 Electron/37.6.0 Safari/537.36"
[2026-06-07T13:43:34.798Z]  "GET /examples/app-interactions.js" "Mozilla/5.0 (X11; Linux x86_64) AppleWebKit/537.36 (KHTML, like Gecko) Cypress/15.8.1 Chrome/138.0.7204.251 Electron/37.6.0 Safari/537.36"
[2026-06-07T13:43:34.798Z]  "GET /examples/youtube-upload.js" "Mozilla/5.0 (X11; Linux x86_64) AppleWebKit/537.36 (KHTML, like Gecko) Cypress/15.8.1 Chrome/138.0.7204.251 Electron/37.6.0 Safari/537.36"
[2026-06-07T13:43:34.828Z]  "GET /examples/pipeline.js" "Mozilla/5.0 (X11; Linux x86_64) AppleWebKit/537.36 (KHTML, like Gecko) Cypress/15.8.1 Chrome/138.0.7204.251 Electron/37.6.0 Safari/537.36"
[2026-06-07T13:43:50.560Z]  "GET /examples/index.html" "Mozilla/5.0 (X11; Linux x86_64) AppleWebKit/537.36 (KHTML, like Gecko) Cypress/15.8.1 Chrome/138.0.7204.251 Electron/37.6.0 Safari/537.36"
[2026-06-07T13:43:50.694Z]  "GET /examples/styles.css" "Mozilla/5.0 (X11; Linux x86_64) AppleWebKit/537.36 (KHTML, like Gecko) Cypress/15.8.1 Chrome/138.0.7204.251 Electron/37.6.0 Safari/537.36"
[2026-06-07T13:43:50.716Z]  "GET /dist/audio-recorder-visualization.umd.js" "Mozilla/5.0 (X11; Linux x86_64) AppleWebKit/537.36 (KHTML, like Gecko) Cypress/15.8.1 Chrome/138.0.7204.251 Electron/37.6.0 Safari/537.36"
[2026-06-07T13:43:50.717Z]  "GET /examples/app-core.js" "Mozilla/5.0 (X11; Linux x86_64) AppleWebKit/537.36 (KHTML, like Gecko) Cypress/15.8.1 Chrome/138.0.7204.251 Electron/37.6.0 Safari/537.36"
[2026-06-07T13:43:50.717Z]  "GET /examples/app-features.js" "Mozilla/5.0 (X11; Linux x86_64) AppleWebKit/537.36 (KHTML, like Gecko) Cypress/15.8.1 Chrome/138.0.7204.251 Electron/37.6.0 Safari/537.36"
[2026-06-07T13:43:50.717Z]  "GET /examples/app-interactions.js" "Mozilla/5.0 (X11; Linux x86_64) AppleWebKit/537.36 (KHTML, like Gecko) Cypress/15.8.1 Chrome/138.0.7204.251 Electron/37.6.0 Safari/537.36"
[2026-06-07T13:43:50.717Z]  "GET /examples/youtube-upload.js" "Mozilla/5.0 (X11; Linux x86_64) AppleWebKit/537.36 (KHTML, like Gecko) Cypress/15.8.1 Chrome/138.0.7204.251 Electron/37.6.0 Safari/537.36"
[2026-06-07T13:43:50.722Z]  "GET /examples/pipeline.js" "Mozilla/5.0 (X11; Linux x86_64) AppleWebKit/537.36 (KHTML, like Gecko) Cypress/15.8.1 Chrome/138.0.7204.251 Electron/37.6.0 Safari/537.36"
[2026-06-07T13:43:51.727Z]  "GET /examples/index.html" "Mozilla/5.0 (X11; Linux x86_64) AppleWebKit/537.36 (KHTML, like Gecko) Cypress/15.8.1 Chrome/138.0.7204.251 Electron/37.6.0 Safari/537.36"
[2026-06-07T13:43:51.770Z]  "GET /examples/styles.css" "Mozilla/5.0 (X11; Linux x86_64) AppleWebKit/537.36 (KHTML, like Gecko) Cypress/15.8.1 Chrome/138.0.7204.251 Electron/37.6.0 Safari/537.36"
[2026-06-07T13:43:51.773Z]  "GET /dist/audio-recorder-visualization.umd.js" "Mozilla/5.0 (X11; Linux x86_64) AppleWebKit/537.36 (KHTML, like Gecko) Cypress/15.8.1 Chrome/138.0.7204.251 Electron/37.6.0 Safari/537.36"
[2026-06-07T13:43:51.777Z]  "GET /examples/app-core.js" "Mozilla/5.0 (X11; Linux x86_64) AppleWebKit/537.36 (KHTML, like Gecko) Cypress/15.8.1 Chrome/138.0.7204.251 Electron/37.6.0 Safari/537.36"
[2026-06-07T13:43:51.778Z]  "GET /examples/app-features.js" "Mozilla/5.0 (X11; Linux x86_64) AppleWebKit/537.36 (KHTML, like Gecko) Cypress/15.8.1 Chrome/138.0.7204.251 Electron/37.6.0 Safari/537.36"
[2026-06-07T13:43:51.780Z]  "GET /examples/app-interactions.js" "Mozilla/5.0 (X11; Linux x86_64) AppleWebKit/537.36 (KHTML, like Gecko) Cypress/15.8.1 Chrome/138.0.7204.251 Electron/37.6.0 Safari/537.36"
[2026-06-07T13:43:51.781Z]  "GET /examples/youtube-upload.js" "Mozilla/5.0 (X11; Linux x86_64) AppleWebKit/537.36 (KHTML, like Gecko) Cypress/15.8.1 Chrome/138.0.7204.251 Electron/37.6.0 Safari/537.36"
[2026-06-07T13:43:51.811Z]  "GET /examples/pipeline.js" "Mozilla/5.0 (X11; Linux x86_64) AppleWebKit/537.36 (KHTML, like Gecko) Cypress/15.8.1 Chrome/138.0.7204.251 Electron/37.6.0 Safari/537.36"
[2026-06-07T13:43:52.593Z]  "GET /examples/index.html" "Mozilla/5.0 (X11; Linux x86_64) AppleWebKit/537.36 (KHTML, like Gecko) Cypress/15.8.1 Chrome/138.0.7204.251 Electron/37.6.0 Safari/537.36"
[2026-06-07T13:43:52.632Z]  "GET /examples/styles.css" "Mozilla/5.0 (X11; Linux x86_64) AppleWebKit/537.36 (KHTML, like Gecko) Cypress/15.8.1 Chrome/138.0.7204.251 Electron/37.6.0 Safari/537.36"
[2026-06-07T13:43:52.635Z]  "GET /dist/audio-recorder-visualization.umd.js" "Mozilla/5.0 (X11; Linux x86_64) AppleWebKit/537.36 (KHTML, like Gecko) Cypress/15.8.1 Chrome/138.0.7204.251 Electron/37.6.0 Safari/537.36"
[2026-06-07T13:43:52.637Z]  "GET /examples/app-core.js" "Mozilla/5.0 (X11; Linux x86_64) AppleWebKit/537.36 (KHTML, like Gecko) Cypress/15.8.1 Chrome/138.0.7204.251 Electron/37.6.0 Safari/537.36"
[2026-06-07T13:43:52.639Z]  "GET /examples/app-features.js" "Mozilla/5.0 (X11; Linux x86_64) AppleWebKit/537.36 (KHTML, like Gecko) Cypress/15.8.1 Chrome/138.0.7204.251 Electron/37.6.0 Safari/537.36"
[2026-06-07T13:43:52.643Z]  "GET /examples/app-interactions.js" "Mozilla/5.0 (X11; Linux x86_64) AppleWebKit/537.36 (KHTML, like Gecko) Cypress/15.8.1 Chrome/138.0.7204.251 Electron/37.6.0 Safari/537.36"
[2026-06-07T13:43:52.644Z]  "GET /examples/youtube-upload.js" "Mozilla/5.0 (X11; Linux x86_64) AppleWebKit/537.36 (KHTML, like Gecko) Cypress/15.8.1 Chrome/138.0.7204.251 Electron/37.6.0 Safari/537.36"
[2026-06-07T13:43:52.680Z]  "GET /examples/pipeline.js" "Mozilla/5.0 (X11; Linux x86_64) AppleWebKit/537.36 (KHTML, like Gecko) Cypress/15.8.1 Chrome/138.0.7204.251 Electron/37.6.0 Safari/537.36"
[2026-06-07T13:43:53.779Z]  "GET /examples/index.html" "Mozilla/5.0 (X11; Linux x86_64) AppleWebKit/537.36 (KHTML, like Gecko) Cypress/15.8.1 Chrome/138.0.7204.251 Electron/37.6.0 Safari/537.36"
[2026-06-07T13:43:53.812Z]  "GET /examples/styles.css" "Mozilla/5.0 (X11; Linux x86_64) AppleWebKit/537.36 (KHTML, like Gecko) Cypress/15.8.1 Chrome/138.0.7204.251 Electron/37.6.0 Safari/537.36"
[2026-06-07T13:43:53.813Z]  "GET /dist/audio-recorder-visualization.umd.js" "Mozilla/5.0 (X11; Linux x86_64) AppleWebKit/537.36 (KHTML, like Gecko) Cypress/15.8.1 Chrome/138.0.7204.251 Electron/37.6.0 Safari/537.36"
[2026-06-07T13:43:53.813Z]  "GET /examples/app-core.js" "Mozilla/5.0 (X11; Linux x86_64) AppleWebKit/537.36 (KHTML, like Gecko) Cypress/15.8.1 Chrome/138.0.7204.251 Electron/37.6.0 Safari/537.36"
[2026-06-07T13:43:53.815Z]  "GET /examples/app-features.js" "Mozilla/5.0 (X11; Linux x86_64) AppleWebKit/537.36 (KHTML, like Gecko) Cypress/15.8.1 Chrome/138.0.7204.251 Electron/37.6.0 Safari/537.36"
[2026-06-07T13:43:53.816Z]  "GET /examples/app-interactions.js" "Mozilla/5.0 (X11; Linux x86_64) AppleWebKit/537.36 (KHTML, like Gecko) Cypress/15.8.1 Chrome/138.0.7204.251 Electron/37.6.0 Safari/537.36"
[2026-06-07T13:43:53.816Z]  "GET /examples/youtube-upload.js" "Mozilla/5.0 (X11; Linux x86_64) AppleWebKit/537.36 (KHTML, like Gecko) Cypress/15.8.1 Chrome/138.0.7204.251 Electron/37.6.0 Safari/537.36"
[2026-06-07T13:43:53.836Z]  "GET /examples/pipeline.js" "Mozilla/5.0 (X11; Linux x86_64) AppleWebKit/537.36 (KHTML, like Gecko) Cypress/15.8.1 Chrome/138.0.7204.251 Electron/37.6.0 Safari/537.36"
[2026-06-07T13:43:54.639Z]  "GET /examples/index.html" "Mozilla/5.0 (X11; Linux x86_64) AppleWebKit/537.36 (KHTML, like Gecko) Cypress/15.8.1 Chrome/138.0.7204.251 Electron/37.6.0 Safari/537.36"
[2026-06-07T13:43:54.669Z]  "GET /examples/styles.css" "Mozilla/5.0 (X11; Linux x86_64) AppleWebKit/537.36 (KHTML, like Gecko) Cypress/15.8.1 Chrome/138.0.7204.251 Electron/37.6.0 Safari/537.36"
[2026-06-07T13:43:54.670Z]  "GET /dist/audio-recorder-visualization.umd.js" "Mozilla/5.0 (X11; Linux x86_64) AppleWebKit/537.36 (KHTML, like Gecko) Cypress/15.8.1 Chrome/138.0.7204.251 Electron/37.6.0 Safari/537.36"
[2026-06-07T13:43:54.670Z]  "GET /examples/app-core.js" "Mozilla/5.0 (X11; Linux x86_64) AppleWebKit/537.36 (KHTML, like Gecko) Cypress/15.8.1 Chrome/138.0.7204.251 Electron/37.6.0 Safari/537.36"
[2026-06-07T13:43:54.683Z]  "GET /examples/app-features.js" "Mozilla/5.0 (X11; Linux x86_64) AppleWebKit/537.36 (KHTML, like Gecko) Cypress/15.8.1 Chrome/138.0.7204.251 Electron/37.6.0 Safari/537.36"
[2026-06-07T13:43:54.688Z]  "GET /examples/app-interactions.js" "Mozilla/5.0 (X11; Linux x86_64) AppleWebKit/537.36 (KHTML, like Gecko) Cypress/15.8.1 Chrome/138.0.7204.251 Electron/37.6.0 Safari/537.36"
[2026-06-07T13:43:54.689Z]  "GET /examples/youtube-upload.js" "Mozilla/5.0 (X11; Linux x86_64) AppleWebKit/537.36 (KHTML, like Gecko) Cypress/15.8.1 Chrome/138.0.7204.251 Electron/37.6.0 Safari/537.36"
[2026-06-07T13:43:54.700Z]  "GET /examples/pipeline.js" "Mozilla/5.0 (X11; Linux x86_64) AppleWebKit/537.36 (KHTML, like Gecko) Cypress/15.8.1 Chrome/138.0.7204.251 Electron/37.6.0 Safari/537.36"
[2026-06-07T13:43:56.005Z]  "GET /examples/index.html" "Mozilla/5.0 (X11; Linux x86_64) AppleWebKit/537.36 (KHTML, like Gecko) Cypress/15.8.1 Chrome/138.0.7204.251 Electron/37.6.0 Safari/537.36"
[2026-06-07T13:43:56.040Z]  "GET /examples/styles.css" "Mozilla/5.0 (X11; Linux x86_64) AppleWebKit/537.36 (KHTML, like Gecko) Cypress/15.8.1 Chrome/138.0.7204.251 Electron/37.6.0 Safari/537.36"
[2026-06-07T13:43:56.051Z]  "GET /dist/audio-recorder-visualization.umd.js" "Mozilla/5.0 (X11; Linux x86_64) AppleWebKit/537.36 (KHTML, like Gecko) Cypress/15.8.1 Chrome/138.0.7204.251 Electron/37.6.0 Safari/537.36"
[2026-06-07T13:43:56.053Z]  "GET /examples/app-core.js" "Mozilla/5.0 (X11; Linux x86_64) AppleWebKit/537.36 (KHTML, like Gecko) Cypress/15.8.1 Chrome/138.0.7204.251 Electron/37.6.0 Safari/537.36"
[2026-06-07T13:43:56.054Z]  "GET /examples/app-features.js" "Mozilla/5.0 (X11; Linux x86_64) AppleWebKit/537.36 (KHTML, like Gecko) Cypress/15.8.1 Chrome/138.0.7204.251 Electron/37.6.0 Safari/537.36"
[2026-06-07T13:43:56.056Z]  "GET /examples/app-interactions.js" "Mozilla/5.0 (X11; Linux x86_64) AppleWebKit/537.36 (KHTML, like Gecko) Cypress/15.8.1 Chrome/138.0.7204.251 Electron/37.6.0 Safari/537.36"
[2026-06-07T13:43:56.057Z]  "GET /examples/youtube-upload.js" "Mozilla/5.0 (X11; Linux x86_64) AppleWebKit/537.36 (KHTML, like Gecko) Cypress/15.8.1 Chrome/138.0.7204.251 Electron/37.6.0 Safari/537.36"
[2026-06-07T13:43:56.093Z]  "GET /examples/pipeline.js" "Mozilla/5.0 (X11; Linux x86_64) AppleWebKit/537.36 (KHTML, like Gecko) Cypress/15.8.1 Chrome/138.0.7204.251 Electron/37.6.0 Safari/537.36"
[2026-06-07T13:43:57.916Z]  "GET /examples/index.html" "Mozilla/5.0 (X11; Linux x86_64) AppleWebKit/537.36 (KHTML, like Gecko) Cypress/15.8.1 Chrome/138.0.7204.251 Electron/37.6.0 Safari/537.36"
[2026-06-07T13:43:58.020Z]  "GET /examples/styles.css" "Mozilla/5.0 (X11; Linux x86_64) AppleWebKit/537.36 (KHTML, like Gecko) Cypress/15.8.1 Chrome/138.0.7204.251 Electron/37.6.0 Safari/537.36"
[2026-06-07T13:43:58.028Z]  "GET /dist/audio-recorder-visualization.umd.js" "Mozilla/5.0 (X11; Linux x86_64) AppleWebKit/537.36 (KHTML, like Gecko) Cypress/15.8.1 Chrome/138.0.7204.251 Electron/37.6.0 Safari/537.36"
[2026-06-07T13:43:58.039Z]  "GET /examples/app-core.js" "Mozilla/5.0 (X11; Linux x86_64) AppleWebKit/537.36 (KHTML, like Gecko) Cypress/15.8.1 Chrome/138.0.7204.251 Electron/37.6.0 Safari/537.36"
[2026-06-07T13:43:58.078Z]  "GET /examples/app-features.js" "Mozilla/5.0 (X11; Linux x86_64) AppleWebKit/537.36 (KHTML, like Gecko) Cypress/15.8.1 Chrome/138.0.7204.251 Electron/37.6.0 Safari/537.36"
[2026-06-07T13:43:58.078Z]  "GET /examples/app-interactions.js" "Mozilla/5.0 (X11; Linux x86_64) AppleWebKit/537.36 (KHTML, like Gecko) Cypress/15.8.1 Chrome/138.0.7204.251 Electron/37.6.0 Safari/537.36"
[2026-06-07T13:43:58.081Z]  "GET /examples/youtube-upload.js" "Mozilla/5.0 (X11; Linux x86_64) AppleWebKit/537.36 (KHTML, like Gecko) Cypress/15.8.1 Chrome/138.0.7204.251 Electron/37.6.0 Safari/537.36"
[2026-06-07T13:43:58.098Z]  "GET /examples/pipeline.js" "Mozilla/5.0 (X11; Linux x86_64) AppleWebKit/537.36 (KHTML, like Gecko) Cypress/15.8.1 Chrome/138.0.7204.251 Electron/37.6.0 Safari/537.36"
[2026-06-07T13:43:58.948Z]  "GET /examples/index.html" "Mozilla/5.0 (X11; Linux x86_64) AppleWebKit/537.36 (KHTML, like Gecko) Cypress/15.8.1 Chrome/138.0.7204.251 Electron/37.6.0 Safari/537.36"
[2026-06-07T13:43:58.984Z]  "GET /examples/styles.css" "Mozilla/5.0 (X11; Linux x86_64) AppleWebKit/537.36 (KHTML, like Gecko) Cypress/15.8.1 Chrome/138.0.7204.251 Electron/37.6.0 Safari/537.36"
[2026-06-07T13:43:58.985Z]  "GET /dist/audio-recorder-visualization.umd.js" "Mozilla/5.0 (X11; Linux x86_64) AppleWebKit/537.36 (KHTML, like Gecko) Cypress/15.8.1 Chrome/138.0.7204.251 Electron/37.6.0 Safari/537.36"
[2026-06-07T13:43:58.985Z]  "GET /examples/app-core.js" "Mozilla/5.0 (X11; Linux x86_64) AppleWebKit/537.36 (KHTML, like Gecko) Cypress/15.8.1 Chrome/138.0.7204.251 Electron/37.6.0 Safari/537.36"
[2026-06-07T13:43:58.986Z]  "GET /examples/app-features.js" "Mozilla/5.0 (X11; Linux x86_64) AppleWebKit/537.36 (KHTML, like Gecko) Cypress/15.8.1 Chrome/138.0.7204.251 Electron/37.6.0 Safari/537.36"
[2026-06-07T13:43:58.988Z]  "GET /examples/app-interactions.js" "Mozilla/5.0 (X11; Linux x86_64) AppleWebKit/537.36 (KHTML, like Gecko) Cypress/15.8.1 Chrome/138.0.7204.251 Electron/37.6.0 Safari/537.36"
[2026-06-07T13:43:58.989Z]  "GET /examples/youtube-upload.js" "Mozilla/5.0 (X11; Linux x86_64) AppleWebKit/537.36 (KHTML, like Gecko) Cypress/15.8.1 Chrome/138.0.7204.251 Electron/37.6.0 Safari/537.36"
[2026-06-07T13:43:59.013Z]  "GET /examples/pipeline.js" "Mozilla/5.0 (X11; Linux x86_64) AppleWebKit/537.36 (KHTML, like Gecko) Cypress/15.8.1 Chrome/138.0.7204.251 Electron/37.6.0 Safari/537.36"
[2026-06-07T13:44:00.348Z]  "GET /examples/index.html" "Mozilla/5.0 (X11; Linux x86_64) AppleWebKit/537.36 (KHTML, like Gecko) Cypress/15.8.1 Chrome/138.0.7204.251 Electron/37.6.0 Safari/537.36"
[2026-06-07T13:44:00.542Z]  "GET /examples/styles.css" "Mozilla/5.0 (X11; Linux x86_64) AppleWebKit/537.36 (KHTML, like Gecko) Cypress/15.8.1 Chrome/138.0.7204.251 Electron/37.6.0 Safari/537.36"
[2026-06-07T13:44:00.550Z]  "GET /dist/audio-recorder-visualization.umd.js" "Mozilla/5.0 (X11; Linux x86_64) AppleWebKit/537.36 (KHTML, like Gecko) Cypress/15.8.1 Chrome/138.0.7204.251 Electron/37.6.0 Safari/537.36"
[2026-06-07T13:44:00.573Z]  "GET /examples/app-core.js" "Mozilla/5.0 (X11; Linux x86_64) AppleWebKit/537.36 (KHTML, like Gecko) Cypress/15.8.1 Chrome/138.0.7204.251 Electron/37.6.0 Safari/537.36"
[2026-06-07T13:44:00.601Z]  "GET /examples/app-features.js" "Mozilla/5.0 (X11; Linux x86_64) AppleWebKit/537.36 (KHTML, like Gecko) Cypress/15.8.1 Chrome/138.0.7204.251 Electron/37.6.0 Safari/537.36"
[2026-06-07T13:44:00.602Z]  "GET /examples/app-interactions.js" "Mozilla/5.0 (X11; Linux x86_64) AppleWebKit/537.36 (KHTML, like Gecko) Cypress/15.8.1 Chrome/138.0.7204.251 Electron/37.6.0 Safari/537.36"
[2026-06-07T13:44:00.613Z]  "GET /examples/youtube-upload.js" "Mozilla/5.0 (X11; Linux x86_64) AppleWebKit/537.36 (KHTML, like Gecko) Cypress/15.8.1 Chrome/138.0.7204.251 Electron/37.6.0 Safari/537.36"
[2026-06-07T13:44:00.672Z]  "GET /examples/pipeline.js" "Mozilla/5.0 (X11; Linux x86_64) AppleWebKit/537.36 (KHTML, like Gecko) Cypress/15.8.1 Chrome/138.0.7204.251 Electron/37.6.0 Safari/537.36"
[2026-06-07T13:44:06.778Z]  "GET /examples/index.html" "Mozilla/5.0 (X11; Linux x86_64) AppleWebKit/537.36 (KHTML, like Gecko) Cypress/15.8.1 Chrome/138.0.7204.251 Electron/37.6.0 Safari/537.36"
[2026-06-07T13:44:06.917Z]  "GET /examples/styles.css" "Mozilla/5.0 (X11; Linux x86_64) AppleWebKit/537.36 (KHTML, like Gecko) Cypress/15.8.1 Chrome/138.0.7204.251 Electron/37.6.0 Safari/537.36"
[2026-06-07T13:44:06.941Z]  "GET /examples/app-interactions.js" "Mozilla/5.0 (X11; Linux x86_64) AppleWebKit/537.36 (KHTML, like Gecko) Cypress/15.8.1 Chrome/138.0.7204.251 Electron/37.6.0 Safari/537.36"
[2026-06-07T13:44:06.946Z]  "GET /dist/audio-recorder-visualization.umd.js" "Mozilla/5.0 (X11; Linux x86_64) AppleWebKit/537.36 (KHTML, like Gecko) Cypress/15.8.1 Chrome/138.0.7204.251 Electron/37.6.0 Safari/537.36"
[2026-06-07T13:44:06.946Z]  "GET /examples/app-core.js" "Mozilla/5.0 (X11; Linux x86_64) AppleWebKit/537.36 (KHTML, like Gecko) Cypress/15.8.1 Chrome/138.0.7204.251 Electron/37.6.0 Safari/537.36"
[2026-06-07T13:44:06.947Z]  "GET /examples/app-features.js" "Mozilla/5.0 (X11; Linux x86_64) AppleWebKit/537.36 (KHTML, like Gecko) Cypress/15.8.1 Chrome/138.0.7204.251 Electron/37.6.0 Safari/537.36"
[2026-06-07T13:44:07.010Z]  "GET /examples/youtube-upload.js" "Mozilla/5.0 (X11; Linux x86_64) AppleWebKit/537.36 (KHTML, like Gecko) Cypress/15.8.1 Chrome/138.0.7204.251 Electron/37.6.0 Safari/537.36"
[2026-06-07T13:44:07.013Z]  "GET /examples/pipeline.js" "Mozilla/5.0 (X11; Linux x86_64) AppleWebKit/537.36 (KHTML, like Gecko) Cypress/15.8.1 Chrome/138.0.7204.251 Electron/37.6.0 Safari/537.36"
[2026-06-07T13:44:11.501Z]  "GET /examples/index.html" "Mozilla/5.0 (X11; Linux x86_64) AppleWebKit/537.36 (KHTML, like Gecko) Cypress/15.8.1 Chrome/138.0.7204.251 Electron/37.6.0 Safari/537.36"
[2026-06-07T13:44:11.580Z]  "GET /examples/styles.css" "Mozilla/5.0 (X11; Linux x86_64) AppleWebKit/537.36 (KHTML, like Gecko) Cypress/15.8.1 Chrome/138.0.7204.251 Electron/37.6.0 Safari/537.36"
[2026-06-07T13:44:11.591Z]  "GET /dist/audio-recorder-visualization.umd.js" "Mozilla/5.0 (X11; Linux x86_64) AppleWebKit/537.36 (KHTML, like Gecko) Cypress/15.8.1 Chrome/138.0.7204.251 Electron/37.6.0 Safari/537.36"
[2026-06-07T13:44:11.601Z]  "GET /examples/app-core.js" "Mozilla/5.0 (X11; Linux x86_64) AppleWebKit/537.36 (KHTML, like Gecko) Cypress/15.8.1 Chrome/138.0.7204.251 Electron/37.6.0 Safari/537.36"
[2026-06-07T13:44:11.612Z]  "GET /examples/app-features.js" "Mozilla/5.0 (X11; Linux x86_64) AppleWebKit/537.36 (KHTML, like Gecko) Cypress/15.8.1 Chrome/138.0.7204.251 Electron/37.6.0 Safari/537.36"
[2026-06-07T13:44:11.612Z]  "GET /examples/app-interactions.js" "Mozilla/5.0 (X11; Linux x86_64) AppleWebKit/537.36 (KHTML, like Gecko) Cypress/15.8.1 Chrome/138.0.7204.251 Electron/37.6.0 Safari/537.36"
[2026-06-07T13:44:11.613Z]  "GET /examples/youtube-upload.js" "Mozilla/5.0 (X11; Linux x86_64) AppleWebKit/537.36 (KHTML, like Gecko) Cypress/15.8.1 Chrome/138.0.7204.251 Electron/37.6.0 Safari/537.36"
[2026-06-07T13:44:11.681Z]  "GET /examples/pipeline.js" "Mozilla/5.0 (X11; Linux x86_64) AppleWebKit/537.36 (KHTML, like Gecko) Cypress/15.8.1 Chrome/138.0.7204.251 Electron/37.6.0 Safari/537.36"
[2026-06-07T13:44:12.059Z]  "GET /examples/index.html" "Mozilla/5.0 (X11; Linux x86_64) AppleWebKit/537.36 (KHTML, like Gecko) Cypress/15.8.1 Chrome/138.0.7204.251 Electron/37.6.0 Safari/537.36"
[2026-06-07T13:44:12.262Z]  "GET /examples/styles.css" "Mozilla/5.0 (X11; Linux x86_64) AppleWebKit/537.36 (KHTML, like Gecko) Cypress/15.8.1 Chrome/138.0.7204.251 Electron/37.6.0 Safari/537.36"
[2026-06-07T13:44:12.286Z]  "GET /dist/audio-recorder-visualization.umd.js" "Mozilla/5.0 (X11; Linux x86_64) AppleWebKit/537.36 (KHTML, like Gecko) Cypress/15.8.1 Chrome/138.0.7204.251 Electron/37.6.0 Safari/537.36"
[2026-06-07T13:44:12.288Z]  "GET /examples/app-core.js" "Mozilla/5.0 (X11; Linux x86_64) AppleWebKit/537.36 (KHTML, like Gecko) Cypress/15.8.1 Chrome/138.0.7204.251 Electron/37.6.0 Safari/537.36"
[2026-06-07T13:44:12.289Z]  "GET /examples/app-features.js" "Mozilla/5.0 (X11; Linux x86_64) AppleWebKit/537.36 (KHTML, like Gecko) Cypress/15.8.1 Chrome/138.0.7204.251 Electron/37.6.0 Safari/537.36"
[2026-06-07T13:44:12.290Z]  "GET /examples/app-interactions.js" "Mozilla/5.0 (X11; Linux x86_64) AppleWebKit/537.36 (KHTML, like Gecko) Cypress/15.8.1 Chrome/138.0.7204.251 Electron/37.6.0 Safari/537.36"
[2026-06-07T13:44:12.291Z]  "GET /examples/youtube-upload.js" "Mozilla/5.0 (X11; Linux x86_64) AppleWebKit/537.36 (KHTML, like Gecko) Cypress/15.8.1 Chrome/138.0.7204.251 Electron/37.6.0 Safari/537.36"
[2026-06-07T13:44:12.302Z]  "GET /examples/pipeline.js" "Mozilla/5.0 (X11; Linux x86_64) AppleWebKit/537.36 (KHTML, like Gecko) Cypress/15.8.1 Chrome/138.0.7204.251 Electron/37.6.0 Safari/537.36"
[2026-06-07T13:44:14.121Z]  "GET /examples/index.html" "Mozilla/5.0 (X11; Linux x86_64) AppleWebKit/537.36 (KHTML, like Gecko) Cypress/15.8.1 Chrome/138.0.7204.251 Electron/37.6.0 Safari/537.36"
[2026-06-07T13:44:14.171Z]  "GET /examples/styles.css" "Mozilla/5.0 (X11; Linux x86_64) AppleWebKit/537.36 (KHTML, like Gecko) Cypress/15.8.1 Chrome/138.0.7204.251 Electron/37.6.0 Safari/537.36"
[2026-06-07T13:44:14.191Z]  "GET /dist/audio-recorder-visualization.umd.js" "Mozilla/5.0 (X11; Linux x86_64) AppleWebKit/537.36 (KHTML, like Gecko) Cypress/15.8.1 Chrome/138.0.7204.251 Electron/37.6.0 Safari/537.36"
[2026-06-07T13:44:14.195Z]  "GET /examples/app-core.js" "Mozilla/5.0 (X11; Linux x86_64) AppleWebKit/537.36 (KHTML, like Gecko) Cypress/15.8.1 Chrome/138.0.7204.251 Electron/37.6.0 Safari/537.36"
[2026-06-07T13:44:14.196Z]  "GET /examples/app-features.js" "Mozilla/5.0 (X11; Linux x86_64) AppleWebKit/537.36 (KHTML, like Gecko) Cypress/15.8.1 Chrome/138.0.7204.251 Electron/37.6.0 Safari/537.36"
[2026-06-07T13:44:14.197Z]  "GET /examples/app-interactions.js" "Mozilla/5.0 (X11; Linux x86_64) AppleWebKit/537.36 (KHTML, like Gecko) Cypress/15.8.1 Chrome/138.0.7204.251 Electron/37.6.0 Safari/537.36"
[2026-06-07T13:44:14.198Z]  "GET /examples/youtube-upload.js" "Mozilla/5.0 (X11; Linux x86_64) AppleWebKit/537.36 (KHTML, like Gecko) Cypress/15.8.1 Chrome/138.0.7204.251 Electron/37.6.0 Safari/537.36"
[2026-06-07T13:44:14.255Z]  "GET /examples/pipeline.js" "Mozilla/5.0 (X11; Linux x86_64) AppleWebKit/537.36 (KHTML, like Gecko) Cypress/15.8.1 Chrome/138.0.7204.251 Electron/37.6.0 Safari/537.36"
[2026-06-07T13:44:15.062Z]  "GET /examples/index.html" "Mozilla/5.0 (X11; Linux x86_64) AppleWebKit/537.36 (KHTML, like Gecko) Cypress/15.8.1 Chrome/138.0.7204.251 Electron/37.6.0 Safari/537.36"
[2026-06-07T13:44:15.109Z]  "GET /examples/styles.css" "Mozilla/5.0 (X11; Linux x86_64) AppleWebKit/537.36 (KHTML, like Gecko) Cypress/15.8.1 Chrome/138.0.7204.251 Electron/37.6.0 Safari/537.36"
[2026-06-07T13:44:15.109Z]  "GET /dist/audio-recorder-visualization.umd.js" "Mozilla/5.0 (X11; Linux x86_64) AppleWebKit/537.36 (KHTML, like Gecko) Cypress/15.8.1 Chrome/138.0.7204.251 Electron/37.6.0 Safari/537.36"
[2026-06-07T13:44:15.113Z]  "GET /examples/app-core.js" "Mozilla/5.0 (X11; Linux x86_64) AppleWebKit/537.36 (KHTML, like Gecko) Cypress/15.8.1 Chrome/138.0.7204.251 Electron/37.6.0 Safari/537.36"
[2026-06-07T13:44:15.114Z]  "GET /examples/app-features.js" "Mozilla/5.0 (X11; Linux x86_64) AppleWebKit/537.36 (KHTML, like Gecko) Cypress/15.8.1 Chrome/138.0.7204.251 Electron/37.6.0 Safari/537.36"
[2026-06-07T13:44:15.118Z]  "GET /examples/app-interactions.js" "Mozilla/5.0 (X11; Linux x86_64) AppleWebKit/537.36 (KHTML, like Gecko) Cypress/15.8.1 Chrome/138.0.7204.251 Electron/37.6.0 Safari/537.36"
[2026-06-07T13:44:15.118Z]  "GET /examples/youtube-upload.js" "Mozilla/5.0 (X11; Linux x86_64) AppleWebKit/537.36 (KHTML, like Gecko) Cypress/15.8.1 Chrome/138.0.7204.251 Electron/37.6.0 Safari/537.36"
[2026-06-07T13:44:15.162Z]  "GET /examples/pipeline.js" "Mozilla/5.0 (X11; Linux x86_64) AppleWebKit/537.36 (KHTML, like Gecko) Cypress/15.8.1 Chrome/138.0.7204.251 Electron/37.6.0 Safari/537.36"
[2026-06-07T13:44:26.997Z]  "GET /examples/index.html" "Mozilla/5.0 (X11; Linux x86_64) AppleWebKit/537.36 (KHTML, like Gecko) Cypress/15.8.1 Chrome/138.0.7204.251 Electron/37.6.0 Safari/537.36"
[2026-06-07T13:44:27.177Z]  "GET /examples/styles.css" "Mozilla/5.0 (X11; Linux x86_64) AppleWebKit/537.36 (KHTML, like Gecko) Cypress/15.8.1 Chrome/138.0.7204.251 Electron/37.6.0 Safari/537.36"
[2026-06-07T13:44:27.235Z]  "GET /dist/audio-recorder-visualization.umd.js" "Mozilla/5.0 (X11; Linux x86_64) AppleWebKit/537.36 (KHTML, like Gecko) Cypress/15.8.1 Chrome/138.0.7204.251 Electron/37.6.0 Safari/537.36"
[2026-06-07T13:44:27.238Z]  "GET /examples/app-core.js" "Mozilla/5.0 (X11; Linux x86_64) AppleWebKit/537.36 (KHTML, like Gecko) Cypress/15.8.1 Chrome/138.0.7204.251 Electron/37.6.0 Safari/537.36"
[2026-06-07T13:44:27.247Z]  "GET /examples/app-features.js" "Mozilla/5.0 (X11; Linux x86_64) AppleWebKit/537.36 (KHTML, like Gecko) Cypress/15.8.1 Chrome/138.0.7204.251 Electron/37.6.0 Safari/537.36"
[2026-06-07T13:44:27.247Z]  "GET /examples/app-interactions.js" "Mozilla/5.0 (X11; Linux x86_64) AppleWebKit/537.36 (KHTML, like Gecko) Cypress/15.8.1 Chrome/138.0.7204.251 Electron/37.6.0 Safari/537.36"
[2026-06-07T13:44:27.248Z]  "GET /examples/youtube-upload.js" "Mozilla/5.0 (X11; Linux x86_64) AppleWebKit/537.36 (KHTML, like Gecko) Cypress/15.8.1 Chrome/138.0.7204.251 Electron/37.6.0 Safari/537.36"
[2026-06-07T13:44:27.252Z]  "GET /examples/pipeline.js" "Mozilla/5.0 (X11; Linux x86_64) AppleWebKit/537.36 (KHTML, like Gecko) Cypress/15.8.1 Chrome/138.0.7204.251 Electron/37.6.0 Safari/537.36"
[2026-06-07T13:44:39.114Z]  "GET /examples/index.html" "Mozilla/5.0 (X11; Linux x86_64) AppleWebKit/537.36 (KHTML, like Gecko) Cypress/15.8.1 Chrome/138.0.7204.251 Electron/37.6.0 Safari/537.36"
[2026-06-07T13:44:39.143Z]  "GET /examples/styles.css" "Mozilla/5.0 (X11; Linux x86_64) AppleWebKit/537.36 (KHTML, like Gecko) Cypress/15.8.1 Chrome/138.0.7204.251 Electron/37.6.0 Safari/537.36"
[2026-06-07T13:44:39.147Z]  "GET /examples/app-core.js" "Mozilla/5.0 (X11; Linux x86_64) AppleWebKit/537.36 (KHTML, like Gecko) Cypress/15.8.1 Chrome/138.0.7204.251 Electron/37.6.0 Safari/537.36"
[2026-06-07T13:44:39.149Z]  "GET /dist/audio-recorder-visualization.umd.js" "Mozilla/5.0 (X11; Linux x86_64) AppleWebKit/537.36 (KHTML, like Gecko) Cypress/15.8.1 Chrome/138.0.7204.251 Electron/37.6.0 Safari/537.36"
[2026-06-07T13:44:39.150Z]  "GET /examples/app-features.js" "Mozilla/5.0 (X11; Linux x86_64) AppleWebKit/537.36 (KHTML, like Gecko) Cypress/15.8.1 Chrome/138.0.7204.251 Electron/37.6.0 Safari/537.36"
[2026-06-07T13:44:39.154Z]  "GET /examples/app-interactions.js" "Mozilla/5.0 (X11; Linux x86_64) AppleWebKit/537.36 (KHTML, like Gecko) Cypress/15.8.1 Chrome/138.0.7204.251 Electron/37.6.0 Safari/537.36"
[2026-06-07T13:44:39.163Z]  "GET /examples/youtube-upload.js" "Mozilla/5.0 (X11; Linux x86_64) AppleWebKit/537.36 (KHTML, like Gecko) Cypress/15.8.1 Chrome/138.0.7204.251 Electron/37.6.0 Safari/537.36"
[2026-06-07T13:44:39.170Z]  "GET /examples/pipeline.js" "Mozilla/5.0 (X11; Linux x86_64) AppleWebKit/537.36 (KHTML, like Gecko) Cypress/15.8.1 Chrome/138.0.7204.251 Electron/37.6.0 Safari/537.36"
[2026-06-07T13:44:39.852Z]  "GET /examples/index.html" "Mozilla/5.0 (X11; Linux x86_64) AppleWebKit/537.36 (KHTML, like Gecko) Cypress/15.8.1 Chrome/138.0.7204.251 Electron/37.6.0 Safari/537.36"
[2026-06-07T13:44:39.885Z]  "GET /examples/styles.css" "Mozilla/5.0 (X11; Linux x86_64) AppleWebKit/537.36 (KHTML, like Gecko) Cypress/15.8.1 Chrome/138.0.7204.251 Electron/37.6.0 Safari/537.36"
[2026-06-07T13:44:39.887Z]  "GET /dist/audio-recorder-visualization.umd.js" "Mozilla/5.0 (X11; Linux x86_64) AppleWebKit/537.36 (KHTML, like Gecko) Cypress/15.8.1 Chrome/138.0.7204.251 Electron/37.6.0 Safari/537.36"
[2026-06-07T13:44:39.902Z]  "GET /examples/app-core.js" "Mozilla/5.0 (X11; Linux x86_64) AppleWebKit/537.36 (KHTML, like Gecko) Cypress/15.8.1 Chrome/138.0.7204.251 Electron/37.6.0 Safari/537.36"
[2026-06-07T13:44:39.903Z]  "GET /examples/app-features.js" "Mozilla/5.0 (X11; Linux x86_64) AppleWebKit/537.36 (KHTML, like Gecko) Cypress/15.8.1 Chrome/138.0.7204.251 Electron/37.6.0 Safari/537.36"
[2026-06-07T13:44:39.904Z]  "GET /examples/app-interactions.js" "Mozilla/5.0 (X11; Linux x86_64) AppleWebKit/537.36 (KHTML, like Gecko) Cypress/15.8.1 Chrome/138.0.7204.251 Electron/37.6.0 Safari/537.36"
[2026-06-07T13:44:39.904Z]  "GET /examples/youtube-upload.js" "Mozilla/5.0 (X11; Linux x86_64) AppleWebKit/537.36 (KHTML, like Gecko) Cypress/15.8.1 Chrome/138.0.7204.251 Electron/37.6.0 Safari/537.36"
[2026-06-07T13:44:39.924Z]  "GET /examples/pipeline.js" "Mozilla/5.0 (X11; Linux x86_64) AppleWebKit/537.36 (KHTML, like Gecko) Cypress/15.8.1 Chrome/138.0.7204.251 Electron/37.6.0 Safari/537.36"
[2026-06-07T13:44:40.801Z]  "GET /examples/index.html" "Mozilla/5.0 (X11; Linux x86_64) AppleWebKit/537.36 (KHTML, like Gecko) Cypress/15.8.1 Chrome/138.0.7204.251 Electron/37.6.0 Safari/537.36"
[2026-06-07T13:44:40.826Z]  "GET /examples/styles.css" "Mozilla/5.0 (X11; Linux x86_64) AppleWebKit/537.36 (KHTML, like Gecko) Cypress/15.8.1 Chrome/138.0.7204.251 Electron/37.6.0 Safari/537.36"
[2026-06-07T13:44:40.827Z]  "GET /dist/audio-recorder-visualization.umd.js" "Mozilla/5.0 (X11; Linux x86_64) AppleWebKit/537.36 (KHTML, like Gecko) Cypress/15.8.1 Chrome/138.0.7204.251 Electron/37.6.0 Safari/537.36"
[2026-06-07T13:44:40.828Z]  "GET /examples/app-core.js" "Mozilla/5.0 (X11; Linux x86_64) AppleWebKit/537.36 (KHTML, like Gecko) Cypress/15.8.1 Chrome/138.0.7204.251 Electron/37.6.0 Safari/537.36"
[2026-06-07T13:44:40.829Z]  "GET /examples/app-features.js" "Mozilla/5.0 (X11; Linux x86_64) AppleWebKit/537.36 (KHTML, like Gecko) Cypress/15.8.1 Chrome/138.0.7204.251 Electron/37.6.0 Safari/537.36"
[2026-06-07T13:44:40.831Z]  "GET /examples/app-interactions.js" "Mozilla/5.0 (X11; Linux x86_64) AppleWebKit/537.36 (KHTML, like Gecko) Cypress/15.8.1 Chrome/138.0.7204.251 Electron/37.6.0 Safari/537.36"
[2026-06-07T13:44:40.832Z]  "GET /examples/youtube-upload.js" "Mozilla/5.0 (X11; Linux x86_64) AppleWebKit/537.36 (KHTML, like Gecko) Cypress/15.8.1 Chrome/138.0.7204.251 Electron/37.6.0 Safari/537.36"
[2026-06-07T13:44:40.852Z]  "GET /examples/pipeline.js" "Mozilla/5.0 (X11; Linux x86_64) AppleWebKit/537.36 (KHTML, like Gecko) Cypress/15.8.1 Chrome/138.0.7204.251 Electron/37.6.0 Safari/537.36"
[2026-06-07T13:44:42.171Z]  "GET /examples/index.html" "Mozilla/5.0 (X11; Linux x86_64) AppleWebKit/537.36 (KHTML, like Gecko) Cypress/15.8.1 Chrome/138.0.7204.251 Electron/37.6.0 Safari/537.36"
[2026-06-07T13:44:42.197Z]  "GET /examples/styles.css" "Mozilla/5.0 (X11; Linux x86_64) AppleWebKit/537.36 (KHTML, like Gecko) Cypress/15.8.1 Chrome/138.0.7204.251 Electron/37.6.0 Safari/537.36"
[2026-06-07T13:44:42.199Z]  "GET /dist/audio-recorder-visualization.umd.js" "Mozilla/5.0 (X11; Linux x86_64) AppleWebKit/537.36 (KHTML, like Gecko) Cypress/15.8.1 Chrome/138.0.7204.251 Electron/37.6.0 Safari/537.36"
[2026-06-07T13:44:42.200Z]  "GET /examples/app-core.js" "Mozilla/5.0 (X11; Linux x86_64) AppleWebKit/537.36 (KHTML, like Gecko) Cypress/15.8.1 Chrome/138.0.7204.251 Electron/37.6.0 Safari/537.36"
[2026-06-07T13:44:42.201Z]  "GET /examples/app-features.js" "Mozilla/5.0 (X11; Linux x86_64) AppleWebKit/537.36 (KHTML, like Gecko) Cypress/15.8.1 Chrome/138.0.7204.251 Electron/37.6.0 Safari/537.36"
[2026-06-07T13:44:42.202Z]  "GET /examples/app-interactions.js" "Mozilla/5.0 (X11; Linux x86_64) AppleWebKit/537.36 (KHTML, like Gecko) Cypress/15.8.1 Chrome/138.0.7204.251 Electron/37.6.0 Safari/537.36"
[2026-06-07T13:44:42.203Z]  "GET /examples/youtube-upload.js" "Mozilla/5.0 (X11; Linux x86_64) AppleWebKit/537.36 (KHTML, like Gecko) Cypress/15.8.1 Chrome/138.0.7204.251 Electron/37.6.0 Safari/537.36"
[2026-06-07T13:44:42.222Z]  "GET /examples/pipeline.js" "Mozilla/5.0 (X11; Linux x86_64) AppleWebKit/537.36 (KHTML, like Gecko) Cypress/15.8.1 Chrome/138.0.7204.251 Electron/37.6.0 Safari/537.36"
[2026-06-07T13:44:42.906Z]  "GET /examples/index.html" "Mozilla/5.0 (X11; Linux x86_64) AppleWebKit/537.36 (KHTML, like Gecko) Cypress/15.8.1 Chrome/138.0.7204.251 Electron/37.6.0 Safari/537.36"
[2026-06-07T13:44:42.931Z]  "GET /examples/styles.css" "Mozilla/5.0 (X11; Linux x86_64) AppleWebKit/537.36 (KHTML, like Gecko) Cypress/15.8.1 Chrome/138.0.7204.251 Electron/37.6.0 Safari/537.36"
[2026-06-07T13:44:42.933Z]  "GET /dist/audio-recorder-visualization.umd.js" "Mozilla/5.0 (X11; Linux x86_64) AppleWebKit/537.36 (KHTML, like Gecko) Cypress/15.8.1 Chrome/138.0.7204.251 Electron/37.6.0 Safari/537.36"
[2026-06-07T13:44:42.936Z]  "GET /examples/app-core.js" "Mozilla/5.0 (X11; Linux x86_64) AppleWebKit/537.36 (KHTML, like Gecko) Cypress/15.8.1 Chrome/138.0.7204.251 Electron/37.6.0 Safari/537.36"
[2026-06-07T13:44:42.937Z]  "GET /examples/app-features.js" "Mozilla/5.0 (X11; Linux x86_64) AppleWebKit/537.36 (KHTML, like Gecko) Cypress/15.8.1 Chrome/138.0.7204.251 Electron/37.6.0 Safari/537.36"
[2026-06-07T13:44:42.938Z]  "GET /examples/app-interactions.js" "Mozilla/5.0 (X11; Linux x86_64) AppleWebKit/537.36 (KHTML, like Gecko) Cypress/15.8.1 Chrome/138.0.7204.251 Electron/37.6.0 Safari/537.36"
[2026-06-07T13:44:42.939Z]  "GET /examples/youtube-upload.js" "Mozilla/5.0 (X11; Linux x86_64) AppleWebKit/537.36 (KHTML, like Gecko) Cypress/15.8.1 Chrome/138.0.7204.251 Electron/37.6.0 Safari/537.36"
[2026-06-07T13:44:42.957Z]  "GET /examples/pipeline.js" "Mozilla/5.0 (X11; Linux x86_64) AppleWebKit/537.36 (KHTML, like Gecko) Cypress/15.8.1 Chrome/138.0.7204.251 Electron/37.6.0 Safari/537.36"
[2026-06-07T13:44:43.038Z]  "GET /examples/index.html" "Mozilla/5.0 (X11; Linux x86_64) AppleWebKit/537.36 (KHTML, like Gecko) Cypress/15.8.1 Chrome/138.0.7204.251 Electron/37.6.0 Safari/537.36"
[2026-06-07T13:44:43.069Z]  "GET /examples/styles.css" "Mozilla/5.0 (X11; Linux x86_64) AppleWebKit/537.36 (KHTML, like Gecko) Cypress/15.8.1 Chrome/138.0.7204.251 Electron/37.6.0 Safari/537.36"
[2026-06-07T13:44:43.071Z]  "GET /dist/audio-recorder-visualization.umd.js" "Mozilla/5.0 (X11; Linux x86_64) AppleWebKit/537.36 (KHTML, like Gecko) Cypress/15.8.1 Chrome/138.0.7204.251 Electron/37.6.0 Safari/537.36"
[2026-06-07T13:44:43.073Z]  "GET /examples/app-core.js" "Mozilla/5.0 (X11; Linux x86_64) AppleWebKit/537.36 (KHTML, like Gecko) Cypress/15.8.1 Chrome/138.0.7204.251 Electron/37.6.0 Safari/537.36"
[2026-06-07T13:44:43.076Z]  "GET /examples/app-features.js" "Mozilla/5.0 (X11; Linux x86_64) AppleWebKit/537.36 (KHTML, like Gecko) Cypress/15.8.1 Chrome/138.0.7204.251 Electron/37.6.0 Safari/537.36"
[2026-06-07T13:44:43.076Z]  "GET /examples/app-interactions.js" "Mozilla/5.0 (X11; Linux x86_64) AppleWebKit/537.36 (KHTML, like Gecko) Cypress/15.8.1 Chrome/138.0.7204.251 Electron/37.6.0 Safari/537.36"
[2026-06-07T13:44:43.077Z]  "GET /examples/youtube-upload.js" "Mozilla/5.0 (X11; Linux x86_64) AppleWebKit/537.36 (KHTML, like Gecko) Cypress/15.8.1 Chrome/138.0.7204.251 Electron/37.6.0 Safari/537.36"
[2026-06-07T13:44:43.103Z]  "GET /examples/pipeline.js" "Mozilla/5.0 (X11; Linux x86_64) AppleWebKit/537.36 (KHTML, like Gecko) Cypress/15.8.1 Chrome/138.0.7204.251 Electron/37.6.0 Safari/537.36"
[2026-06-07T13:44:45.348Z]  "GET /examples/index.html" "Mozilla/5.0 (X11; Linux x86_64) AppleWebKit/537.36 (KHTML, like Gecko) Cypress/15.8.1 Chrome/138.0.7204.251 Electron/37.6.0 Safari/537.36"
[2026-06-07T13:44:45.377Z]  "GET /examples/styles.css" "Mozilla/5.0 (X11; Linux x86_64) AppleWebKit/537.36 (KHTML, like Gecko) Cypress/15.8.1 Chrome/138.0.7204.251 Electron/37.6.0 Safari/537.36"
[2026-06-07T13:44:45.377Z]  "GET /dist/audio-recorder-visualization.umd.js" "Mozilla/5.0 (X11; Linux x86_64) AppleWebKit/537.36 (KHTML, like Gecko) Cypress/15.8.1 Chrome/138.0.7204.251 Electron/37.6.0 Safari/537.36"
[2026-06-07T13:44:45.378Z]  "GET /examples/app-core.js" "Mozilla/5.0 (X11; Linux x86_64) AppleWebKit/537.36 (KHTML, like Gecko) Cypress/15.8.1 Chrome/138.0.7204.251 Electron/37.6.0 Safari/537.36"
[2026-06-07T13:44:45.379Z]  "GET /examples/app-features.js" "Mozilla/5.0 (X11; Linux x86_64) AppleWebKit/537.36 (KHTML, like Gecko) Cypress/15.8.1 Chrome/138.0.7204.251 Electron/37.6.0 Safari/537.36"
[2026-06-07T13:44:45.379Z]  "GET /examples/app-interactions.js" "Mozilla/5.0 (X11; Linux x86_64) AppleWebKit/537.36 (KHTML, like Gecko) Cypress/15.8.1 Chrome/138.0.7204.251 Electron/37.6.0 Safari/537.36"
[2026-06-07T13:44:45.380Z]  "GET /examples/youtube-upload.js" "Mozilla/5.0 (X11; Linux x86_64) AppleWebKit/537.36 (KHTML, like Gecko) Cypress/15.8.1 Chrome/138.0.7204.251 Electron/37.6.0 Safari/537.36"
[2026-06-07T13:44:45.398Z]  "GET /examples/pipeline.js" "Mozilla/5.0 (X11; Linux x86_64) AppleWebKit/537.36 (KHTML, like Gecko) Cypress/15.8.1 Chrome/138.0.7204.251 Electron/37.6.0 Safari/537.36"
[2026-06-07T13:44:46.175Z]  "GET /examples/index.html" "Mozilla/5.0 (X11; Linux x86_64) AppleWebKit/537.36 (KHTML, like Gecko) Cypress/15.8.1 Chrome/138.0.7204.251 Electron/37.6.0 Safari/537.36"
[2026-06-07T13:44:46.210Z]  "GET /examples/styles.css" "Mozilla/5.0 (X11; Linux x86_64) AppleWebKit/537.36 (KHTML, like Gecko) Cypress/15.8.1 Chrome/138.0.7204.251 Electron/37.6.0 Safari/537.36"
[2026-06-07T13:44:46.212Z]  "GET /dist/audio-recorder-visualization.umd.js" "Mozilla/5.0 (X11; Linux x86_64) AppleWebKit/537.36 (KHTML, like Gecko) Cypress/15.8.1 Chrome/138.0.7204.251 Electron/37.6.0 Safari/537.36"
[2026-06-07T13:44:46.213Z]  "GET /examples/app-core.js" "Mozilla/5.0 (X11; Linux x86_64) AppleWebKit/537.36 (KHTML, like Gecko) Cypress/15.8.1 Chrome/138.0.7204.251 Electron/37.6.0 Safari/537.36"
[2026-06-07T13:44:46.213Z]  "GET /examples/app-features.js" "Mozilla/5.0 (X11; Linux x86_64) AppleWebKit/537.36 (KHTML, like Gecko) Cypress/15.8.1 Chrome/138.0.7204.251 Electron/37.6.0 Safari/537.36"
[2026-06-07T13:44:46.214Z]  "GET /examples/app-interactions.js" "Mozilla/5.0 (X11; Linux x86_64) AppleWebKit/537.36 (KHTML, like Gecko) Cypress/15.8.1 Chrome/138.0.7204.251 Electron/37.6.0 Safari/537.36"
[2026-06-07T13:44:46.214Z]  "GET /examples/youtube-upload.js" "Mozilla/5.0 (X11; Linux x86_64) AppleWebKit/537.36 (KHTML, like Gecko) Cypress/15.8.1 Chrome/138.0.7204.251 Electron/37.6.0 Safari/537.36"
[2026-06-07T13:44:46.243Z]  "GET /examples/pipeline.js" "Mozilla/5.0 (X11; Linux x86_64) AppleWebKit/537.36 (KHTML, like Gecko) Cypress/15.8.1 Chrome/138.0.7204.251 Electron/37.6.0 Safari/537.36"
[2026-06-07T13:44:47.015Z]  "GET /examples/index.html" "Mozilla/5.0 (X11; Linux x86_64) AppleWebKit/537.36 (KHTML, like Gecko) Cypress/15.8.1 Chrome/138.0.7204.251 Electron/37.6.0 Safari/537.36"
[2026-06-07T13:44:47.040Z]  "GET /examples/styles.css" "Mozilla/5.0 (X11; Linux x86_64) AppleWebKit/537.36 (KHTML, like Gecko) Cypress/15.8.1 Chrome/138.0.7204.251 Electron/37.6.0 Safari/537.36"
[2026-06-07T13:44:47.041Z]  "GET /dist/audio-recorder-visualization.umd.js" "Mozilla/5.0 (X11; Linux x86_64) AppleWebKit/537.36 (KHTML, like Gecko) Cypress/15.8.1 Chrome/138.0.7204.251 Electron/37.6.0 Safari/537.36"
[2026-06-07T13:44:47.042Z]  "GET /examples/app-core.js" "Mozilla/5.0 (X11; Linux x86_64) AppleWebKit/537.36 (KHTML, like Gecko) Cypress/15.8.1 Chrome/138.0.7204.251 Electron/37.6.0 Safari/537.36"
[2026-06-07T13:44:47.042Z]  "GET /examples/app-features.js" "Mozilla/5.0 (X11; Linux x86_64) AppleWebKit/537.36 (KHTML, like Gecko) Cypress/15.8.1 Chrome/138.0.7204.251 Electron/37.6.0 Safari/537.36"
[2026-06-07T13:44:47.043Z]  "GET /examples/app-interactions.js" "Mozilla/5.0 (X11; Linux x86_64) AppleWebKit/537.36 (KHTML, like Gecko) Cypress/15.8.1 Chrome/138.0.7204.251 Electron/37.6.0 Safari/537.36"
[2026-06-07T13:44:47.044Z]  "GET /examples/youtube-upload.js" "Mozilla/5.0 (X11; Linux x86_64) AppleWebKit/537.36 (KHTML, like Gecko) Cypress/15.8.1 Chrome/138.0.7204.251 Electron/37.6.0 Safari/537.36"
[2026-06-07T13:44:47.066Z]  "GET /examples/pipeline.js" "Mozilla/5.0 (X11; Linux x86_64) AppleWebKit/537.36 (KHTML, like Gecko) Cypress/15.8.1 Chrome/138.0.7204.251 Electron/37.6.0 Safari/537.36"
[2026-06-07T13:44:58.686Z]  "GET /examples/index.html" "Mozilla/5.0 (X11; Linux x86_64) AppleWebKit/537.36 (KHTML, like Gecko) Cypress/15.8.1 Chrome/138.0.7204.251 Electron/37.6.0 Safari/537.36"
[2026-06-07T13:44:58.724Z]  "GET /examples/styles.css" "Mozilla/5.0 (X11; Linux x86_64) AppleWebKit/537.36 (KHTML, like Gecko) Cypress/15.8.1 Chrome/138.0.7204.251 Electron/37.6.0 Safari/537.36"
[2026-06-07T13:44:58.731Z]  "GET /dist/audio-recorder-visualization.umd.js" "Mozilla/5.0 (X11; Linux x86_64) AppleWebKit/537.36 (KHTML, like Gecko) Cypress/15.8.1 Chrome/138.0.7204.251 Electron/37.6.0 Safari/537.36"
[2026-06-07T13:44:58.741Z]  "GET /examples/app-core.js" "Mozilla/5.0 (X11; Linux x86_64) AppleWebKit/537.36 (KHTML, like Gecko) Cypress/15.8.1 Chrome/138.0.7204.251 Electron/37.6.0 Safari/537.36"
[2026-06-07T13:44:58.755Z]  "GET /examples/app-interactions.js" "Mozilla/5.0 (X11; Linux x86_64) AppleWebKit/537.36 (KHTML, like Gecko) Cypress/15.8.1 Chrome/138.0.7204.251 Electron/37.6.0 Safari/537.36"
[2026-06-07T13:44:58.762Z]  "GET /examples/app-features.js" "Mozilla/5.0 (X11; Linux x86_64) AppleWebKit/537.36 (KHTML, like Gecko) Cypress/15.8.1 Chrome/138.0.7204.251 Electron/37.6.0 Safari/537.36"
[2026-06-07T13:44:58.763Z]  "GET /examples/pipeline.js" "Mozilla/5.0 (X11; Linux x86_64) AppleWebKit/537.36 (KHTML, like Gecko) Cypress/15.8.1 Chrome/138.0.7204.251 Electron/37.6.0 Safari/537.36"
[2026-06-07T13:44:58.765Z]  "GET /examples/youtube-upload.js" "Mozilla/5.0 (X11; Linux x86_64) AppleWebKit/537.36 (KHTML, like Gecko) Cypress/15.8.1 Chrome/138.0.7204.251 Electron/37.6.0 Safari/537.36"
[2026-06-07T13:44:59.499Z]  "GET /examples/index.html" "Mozilla/5.0 (X11; Linux x86_64) AppleWebKit/537.36 (KHTML, like Gecko) Cypress/15.8.1 Chrome/138.0.7204.251 Electron/37.6.0 Safari/537.36"
[2026-06-07T13:44:59.525Z]  "GET /examples/styles.css" "Mozilla/5.0 (X11; Linux x86_64) AppleWebKit/537.36 (KHTML, like Gecko) Cypress/15.8.1 Chrome/138.0.7204.251 Electron/37.6.0 Safari/537.36"
[2026-06-07T13:44:59.527Z]  "GET /dist/audio-recorder-visualization.umd.js" "Mozilla/5.0 (X11; Linux x86_64) AppleWebKit/537.36 (KHTML, like Gecko) Cypress/15.8.1 Chrome/138.0.7204.251 Electron/37.6.0 Safari/537.36"
[2026-06-07T13:44:59.529Z]  "GET /examples/app-core.js" "Mozilla/5.0 (X11; Linux x86_64) AppleWebKit/537.36 (KHTML, like Gecko) Cypress/15.8.1 Chrome/138.0.7204.251 Electron/37.6.0 Safari/537.36"
[2026-06-07T13:44:59.542Z]  "GET /examples/app-features.js" "Mozilla/5.0 (X11; Linux x86_64) AppleWebKit/537.36 (KHTML, like Gecko) Cypress/15.8.1 Chrome/138.0.7204.251 Electron/37.6.0 Safari/537.36"
[2026-06-07T13:44:59.543Z]  "GET /examples/app-interactions.js" "Mozilla/5.0 (X11; Linux x86_64) AppleWebKit/537.36 (KHTML, like Gecko) Cypress/15.8.1 Chrome/138.0.7204.251 Electron/37.6.0 Safari/537.36"
[2026-06-07T13:44:59.543Z]  "GET /examples/youtube-upload.js" "Mozilla/5.0 (X11; Linux x86_64) AppleWebKit/537.36 (KHTML, like Gecko) Cypress/15.8.1 Chrome/138.0.7204.251 Electron/37.6.0 Safari/537.36"
[2026-06-07T13:44:59.562Z]  "GET /examples/pipeline.js" "Mozilla/5.0 (X11; Linux x86_64) AppleWebKit/537.36 (KHTML, like Gecko) Cypress/15.8.1 Chrome/138.0.7204.251 Electron/37.6.0 Safari/537.36"
[2026-06-07T13:44:59.618Z]  "GET /examples/index.html" "Mozilla/5.0 (X11; Linux x86_64) AppleWebKit/537.36 (KHTML, like Gecko) Cypress/15.8.1 Chrome/138.0.7204.251 Electron/37.6.0 Safari/537.36"
[2026-06-07T13:44:59.673Z]  "GET /examples/styles.css" "Mozilla/5.0 (X11; Linux x86_64) AppleWebKit/537.36 (KHTML, like Gecko) Cypress/15.8.1 Chrome/138.0.7204.251 Electron/37.6.0 Safari/537.36"
[2026-06-07T13:44:59.677Z]  "GET /dist/audio-recorder-visualization.umd.js" "Mozilla/5.0 (X11; Linux x86_64) AppleWebKit/537.36 (KHTML, like Gecko) Cypress/15.8.1 Chrome/138.0.7204.251 Electron/37.6.0 Safari/537.36"
[2026-06-07T13:44:59.678Z]  "GET /examples/app-core.js" "Mozilla/5.0 (X11; Linux x86_64) AppleWebKit/537.36 (KHTML, like Gecko) Cypress/15.8.1 Chrome/138.0.7204.251 Electron/37.6.0 Safari/537.36"
[2026-06-07T13:44:59.679Z]  "GET /examples/app-features.js" "Mozilla/5.0 (X11; Linux x86_64) AppleWebKit/537.36 (KHTML, like Gecko) Cypress/15.8.1 Chrome/138.0.7204.251 Electron/37.6.0 Safari/537.36"
[2026-06-07T13:44:59.679Z]  "GET /examples/app-interactions.js" "Mozilla/5.0 (X11; Linux x86_64) AppleWebKit/537.36 (KHTML, like Gecko) Cypress/15.8.1 Chrome/138.0.7204.251 Electron/37.6.0 Safari/537.36"
[2026-06-07T13:44:59.681Z]  "GET /examples/youtube-upload.js" "Mozilla/5.0 (X11; Linux x86_64) AppleWebKit/537.36 (KHTML, like Gecko) Cypress/15.8.1 Chrome/138.0.7204.251 Electron/37.6.0 Safari/537.36"
[2026-06-07T13:44:59.706Z]  "GET /examples/pipeline.js" "Mozilla/5.0 (X11; Linux x86_64) AppleWebKit/537.36 (KHTML, like Gecko) Cypress/15.8.1 Chrome/138.0.7204.251 Electron/37.6.0 Safari/537.36"
[2026-06-07T13:45:03.224Z]  "GET /examples/index.html" "Mozilla/5.0 (X11; Linux x86_64) AppleWebKit/537.36 (KHTML, like Gecko) Cypress/15.8.1 Chrome/138.0.7204.251 Electron/37.6.0 Safari/537.36"
[2026-06-07T13:45:03.370Z]  "GET /examples/styles.css" "Mozilla/5.0 (X11; Linux x86_64) AppleWebKit/537.36 (KHTML, like Gecko) Cypress/15.8.1 Chrome/138.0.7204.251 Electron/37.6.0 Safari/537.36"
[2026-06-07T13:45:03.377Z]  "GET /dist/audio-recorder-visualization.umd.js" "Mozilla/5.0 (X11; Linux x86_64) AppleWebKit/537.36 (KHTML, like Gecko) Cypress/15.8.1 Chrome/138.0.7204.251 Electron/37.6.0 Safari/537.36"
[2026-06-07T13:45:03.407Z]  "GET /examples/app-core.js" "Mozilla/5.0 (X11; Linux x86_64) AppleWebKit/537.36 (KHTML, like Gecko) Cypress/15.8.1 Chrome/138.0.7204.251 Electron/37.6.0 Safari/537.36"
[2026-06-07T13:45:03.407Z]  "GET /examples/app-features.js" "Mozilla/5.0 (X11; Linux x86_64) AppleWebKit/537.36 (KHTML, like Gecko) Cypress/15.8.1 Chrome/138.0.7204.251 Electron/37.6.0 Safari/537.36"
[2026-06-07T13:45:03.407Z]  "GET /examples/app-interactions.js" "Mozilla/5.0 (X11; Linux x86_64) AppleWebKit/537.36 (KHTML, like Gecko) Cypress/15.8.1 Chrome/138.0.7204.251 Electron/37.6.0 Safari/537.36"
[2026-06-07T13:45:03.408Z]  "GET /examples/youtube-upload.js" "Mozilla/5.0 (X11; Linux x86_64) AppleWebKit/537.36 (KHTML, like Gecko) Cypress/15.8.1 Chrome/138.0.7204.251 Electron/37.6.0 Safari/537.36"
[2026-06-07T13:45:03.432Z]  "GET /examples/pipeline.js" "Mozilla/5.0 (X11; Linux x86_64) AppleWebKit/537.36 (KHTML, like Gecko) Cypress/15.8.1 Chrome/138.0.7204.251 Electron/37.6.0 Safari/537.36"
[2026-06-07T13:45:04.212Z]  "GET /examples/index.html" "Mozilla/5.0 (X11; Linux x86_64) AppleWebKit/537.36 (KHTML, like Gecko) Cypress/15.8.1 Chrome/138.0.7204.251 Electron/37.6.0 Safari/537.36"
[2026-06-07T13:45:04.269Z]  "GET /examples/styles.css" "Mozilla/5.0 (X11; Linux x86_64) AppleWebKit/537.36 (KHTML, like Gecko) Cypress/15.8.1 Chrome/138.0.7204.251 Electron/37.6.0 Safari/537.36"
[2026-06-07T13:45:04.272Z]  "GET /dist/audio-recorder-visualization.umd.js" "Mozilla/5.0 (X11; Linux x86_64) AppleWebKit/537.36 (KHTML, like Gecko) Cypress/15.8.1 Chrome/138.0.7204.251 Electron/37.6.0 Safari/537.36"
[2026-06-07T13:45:04.274Z]  "GET /examples/app-core.js" "Mozilla/5.0 (X11; Linux x86_64) AppleWebKit/537.36 (KHTML, like Gecko) Cypress/15.8.1 Chrome/138.0.7204.251 Electron/37.6.0 Safari/537.36"
[2026-06-07T13:45:04.276Z]  "GET /examples/app-features.js" "Mozilla/5.0 (X11; Linux x86_64) AppleWebKit/537.36 (KHTML, like Gecko) Cypress/15.8.1 Chrome/138.0.7204.251 Electron/37.6.0 Safari/537.36"
[2026-06-07T13:45:04.277Z]  "GET /examples/app-interactions.js" "Mozilla/5.0 (X11; Linux x86_64) AppleWebKit/537.36 (KHTML, like Gecko) Cypress/15.8.1 Chrome/138.0.7204.251 Electron/37.6.0 Safari/537.36"
[2026-06-07T13:45:04.300Z]  "GET /examples/youtube-upload.js" "Mozilla/5.0 (X11; Linux x86_64) AppleWebKit/537.36 (KHTML, like Gecko) Cypress/15.8.1 Chrome/138.0.7204.251 Electron/37.6.0 Safari/537.36"
[2026-06-07T13:45:04.312Z]  "GET /examples/pipeline.js" "Mozilla/5.0 (X11; Linux x86_64) AppleWebKit/537.36 (KHTML, like Gecko) Cypress/15.8.1 Chrome/138.0.7204.251 Electron/37.6.0 Safari/537.36"
[2026-06-07T13:45:04.957Z]  "GET /examples/index.html" "Mozilla/5.0 (X11; Linux x86_64) AppleWebKit/537.36 (KHTML, like Gecko) Cypress/15.8.1 Chrome/138.0.7204.251 Electron/37.6.0 Safari/537.36"
[2026-06-07T13:45:04.990Z]  "GET /examples/styles.css" "Mozilla/5.0 (X11; Linux x86_64) AppleWebKit/537.36 (KHTML, like Gecko) Cypress/15.8.1 Chrome/138.0.7204.251 Electron/37.6.0 Safari/537.36"
[2026-06-07T13:45:04.992Z]  "GET /dist/audio-recorder-visualization.umd.js" "Mozilla/5.0 (X11; Linux x86_64) AppleWebKit/537.36 (KHTML, like Gecko) Cypress/15.8.1 Chrome/138.0.7204.251 Electron/37.6.0 Safari/537.36"
[2026-06-07T13:45:04.998Z]  "GET /examples/app-core.js" "Mozilla/5.0 (X11; Linux x86_64) AppleWebKit/537.36 (KHTML, like Gecko) Cypress/15.8.1 Chrome/138.0.7204.251 Electron/37.6.0 Safari/537.36"
[2026-06-07T13:45:05.013Z]  "GET /examples/app-features.js" "Mozilla/5.0 (X11; Linux x86_64) AppleWebKit/537.36 (KHTML, like Gecko) Cypress/15.8.1 Chrome/138.0.7204.251 Electron/37.6.0 Safari/537.36"
[2026-06-07T13:45:05.014Z]  "GET /examples/app-interactions.js" "Mozilla/5.0 (X11; Linux x86_64) AppleWebKit/537.36 (KHTML, like Gecko) Cypress/15.8.1 Chrome/138.0.7204.251 Electron/37.6.0 Safari/537.36"
[2026-06-07T13:45:05.016Z]  "GET /examples/youtube-upload.js" "Mozilla/5.0 (X11; Linux x86_64) AppleWebKit/537.36 (KHTML, like Gecko) Cypress/15.8.1 Chrome/138.0.7204.251 Electron/37.6.0 Safari/537.36"
[2026-06-07T13:45:05.038Z]  "GET /examples/pipeline.js" "Mozilla/5.0 (X11; Linux x86_64) AppleWebKit/537.36 (KHTML, like Gecko) Cypress/15.8.1 Chrome/138.0.7204.251 Electron/37.6.0 Safari/537.36"
[2026-06-07T13:45:05.671Z]  "GET /examples/index.html" "Mozilla/5.0 (X11; Linux x86_64) AppleWebKit/537.36 (KHTML, like Gecko) Cypress/15.8.1 Chrome/138.0.7204.251 Electron/37.6.0 Safari/537.36"
[2026-06-07T13:45:05.706Z]  "GET /examples/styles.css" "Mozilla/5.0 (X11; Linux x86_64) AppleWebKit/537.36 (KHTML, like Gecko) Cypress/15.8.1 Chrome/138.0.7204.251 Electron/37.6.0 Safari/537.36"
[2026-06-07T13:45:05.709Z]  "GET /dist/audio-recorder-visualization.umd.js" "Mozilla/5.0 (X11; Linux x86_64) AppleWebKit/537.36 (KHTML, like Gecko) Cypress/15.8.1 Chrome/138.0.7204.251 Electron/37.6.0 Safari/537.36"
[2026-06-07T13:45:05.710Z]  "GET /examples/app-core.js" "Mozilla/5.0 (X11; Linux x86_64) AppleWebKit/537.36 (KHTML, like Gecko) Cypress/15.8.1 Chrome/138.0.7204.251 Electron/37.6.0 Safari/537.36"
[2026-06-07T13:45:05.714Z]  "GET /examples/app-features.js" "Mozilla/5.0 (X11; Linux x86_64) AppleWebKit/537.36 (KHTML, like Gecko) Cypress/15.8.1 Chrome/138.0.7204.251 Electron/37.6.0 Safari/537.36"
[2026-06-07T13:45:05.724Z]  "GET /examples/app-interactions.js" "Mozilla/5.0 (X11; Linux x86_64) AppleWebKit/537.36 (KHTML, like Gecko) Cypress/15.8.1 Chrome/138.0.7204.251 Electron/37.6.0 Safari/537.36"
[2026-06-07T13:45:05.725Z]  "GET /examples/youtube-upload.js" "Mozilla/5.0 (X11; Linux x86_64) AppleWebKit/537.36 (KHTML, like Gecko) Cypress/15.8.1 Chrome/138.0.7204.251 Electron/37.6.0 Safari/537.36"
[2026-06-07T13:45:05.735Z]  "GET /examples/pipeline.js" "Mozilla/5.0 (X11; Linux x86_64) AppleWebKit/537.36 (KHTML, like Gecko) Cypress/15.8.1 Chrome/138.0.7204.251 Electron/37.6.0 Safari/537.36"
[2026-06-07T13:45:06.386Z]  "GET /examples/index.html" "Mozilla/5.0 (X11; Linux x86_64) AppleWebKit/537.36 (KHTML, like Gecko) Cypress/15.8.1 Chrome/138.0.7204.251 Electron/37.6.0 Safari/537.36"
[2026-06-07T13:45:06.424Z]  "GET /examples/styles.css" "Mozilla/5.0 (X11; Linux x86_64) AppleWebKit/537.36 (KHTML, like Gecko) Cypress/15.8.1 Chrome/138.0.7204.251 Electron/37.6.0 Safari/537.36"
[2026-06-07T13:45:06.425Z]  "GET /dist/audio-recorder-visualization.umd.js" "Mozilla/5.0 (X11; Linux x86_64) AppleWebKit/537.36 (KHTML, like Gecko) Cypress/15.8.1 Chrome/138.0.7204.251 Electron/37.6.0 Safari/537.36"
[2026-06-07T13:45:06.426Z]  "GET /examples/app-core.js" "Mozilla/5.0 (X11; Linux x86_64) AppleWebKit/537.36 (KHTML, like Gecko) Cypress/15.8.1 Chrome/138.0.7204.251 Electron/37.6.0 Safari/537.36"
[2026-06-07T13:45:06.427Z]  "GET /examples/app-features.js" "Mozilla/5.0 (X11; Linux x86_64) AppleWebKit/537.36 (KHTML, like Gecko) Cypress/15.8.1 Chrome/138.0.7204.251 Electron/37.6.0 Safari/537.36"
[2026-06-07T13:45:06.428Z]  "GET /examples/app-interactions.js" "Mozilla/5.0 (X11; Linux x86_64) AppleWebKit/537.36 (KHTML, like Gecko) Cypress/15.8.1 Chrome/138.0.7204.251 Electron/37.6.0 Safari/537.36"
[2026-06-07T13:45:06.429Z]  "GET /examples/youtube-upload.js" "Mozilla/5.0 (X11; Linux x86_64) AppleWebKit/537.36 (KHTML, like Gecko) Cypress/15.8.1 Chrome/138.0.7204.251 Electron/37.6.0 Safari/537.36"
[2026-06-07T13:45:06.462Z]  "GET /examples/pipeline.js" "Mozilla/5.0 (X11; Linux x86_64) AppleWebKit/537.36 (KHTML, like Gecko) Cypress/15.8.1 Chrome/138.0.7204.251 Electron/37.6.0 Safari/537.36"
[2026-06-07T13:45:10.092Z]  "GET /examples/index.html" "Mozilla/5.0 (X11; Linux x86_64) AppleWebKit/537.36 (KHTML, like Gecko) Cypress/15.8.1 Chrome/138.0.7204.251 Electron/37.6.0 Safari/537.36"
[2026-06-07T13:45:10.155Z]  "GET /examples/styles.css" "Mozilla/5.0 (X11; Linux x86_64) AppleWebKit/537.36 (KHTML, like Gecko) Cypress/15.8.1 Chrome/138.0.7204.251 Electron/37.6.0 Safari/537.36"
[2026-06-07T13:45:10.169Z]  "GET /dist/audio-recorder-visualization.umd.js" "Mozilla/5.0 (X11; Linux x86_64) AppleWebKit/537.36 (KHTML, like Gecko) Cypress/15.8.1 Chrome/138.0.7204.251 Electron/37.6.0 Safari/537.36"
[2026-06-07T13:45:10.172Z]  "GET /examples/app-core.js" "Mozilla/5.0 (X11; Linux x86_64) AppleWebKit/537.36 (KHTML, like Gecko) Cypress/15.8.1 Chrome/138.0.7204.251 Electron/37.6.0 Safari/537.36"
[2026-06-07T13:45:10.173Z]  "GET /examples/app-features.js" "Mozilla/5.0 (X11; Linux x86_64) AppleWebKit/537.36 (KHTML, like Gecko) Cypress/15.8.1 Chrome/138.0.7204.251 Electron/37.6.0 Safari/537.36"
[2026-06-07T13:45:10.175Z]  "GET /examples/app-interactions.js" "Mozilla/5.0 (X11; Linux x86_64) AppleWebKit/537.36 (KHTML, like Gecko) Cypress/15.8.1 Chrome/138.0.7204.251 Electron/37.6.0 Safari/537.36"
[2026-06-07T13:45:10.178Z]  "GET /examples/youtube-upload.js" "Mozilla/5.0 (X11; Linux x86_64) AppleWebKit/537.36 (KHTML, like Gecko) Cypress/15.8.1 Chrome/138.0.7204.251 Electron/37.6.0 Safari/537.36"
[2026-06-07T13:45:10.193Z]  "GET /examples/pipeline.js" "Mozilla/5.0 (X11; Linux x86_64) AppleWebKit/537.36 (KHTML, like Gecko) Cypress/15.8.1 Chrome/138.0.7204.251 Electron/37.6.0 Safari/537.36"
[2026-06-07T13:45:10.897Z]  "GET /examples/index.html" "Mozilla/5.0 (X11; Linux x86_64) AppleWebKit/537.36 (KHTML, like Gecko) Cypress/15.8.1 Chrome/138.0.7204.251 Electron/37.6.0 Safari/537.36"
[2026-06-07T13:45:10.927Z]  "GET /examples/styles.css" "Mozilla/5.0 (X11; Linux x86_64) AppleWebKit/537.36 (KHTML, like Gecko) Cypress/15.8.1 Chrome/138.0.7204.251 Electron/37.6.0 Safari/537.36"
[2026-06-07T13:45:10.930Z]  "GET /dist/audio-recorder-visualization.umd.js" "Mozilla/5.0 (X11; Linux x86_64) AppleWebKit/537.36 (KHTML, like Gecko) Cypress/15.8.1 Chrome/138.0.7204.251 Electron/37.6.0 Safari/537.36"
[2026-06-07T13:45:10.931Z]  "GET /examples/app-core.js" "Mozilla/5.0 (X11; Linux x86_64) AppleWebKit/537.36 (KHTML, like Gecko) Cypress/15.8.1 Chrome/138.0.7204.251 Electron/37.6.0 Safari/537.36"
[2026-06-07T13:45:10.932Z]  "GET /examples/app-features.js" "Mozilla/5.0 (X11; Linux x86_64) AppleWebKit/537.36 (KHTML, like Gecko) Cypress/15.8.1 Chrome/138.0.7204.251 Electron/37.6.0 Safari/537.36"
[2026-06-07T13:45:10.933Z]  "GET /examples/app-interactions.js" "Mozilla/5.0 (X11; Linux x86_64) AppleWebKit/537.36 (KHTML, like Gecko) Cypress/15.8.1 Chrome/138.0.7204.251 Electron/37.6.0 Safari/537.36"
[2026-06-07T13:45:10.933Z]  "GET /examples/youtube-upload.js" "Mozilla/5.0 (X11; Linux x86_64) AppleWebKit/537.36 (KHTML, like Gecko) Cypress/15.8.1 Chrome/138.0.7204.251 Electron/37.6.0 Safari/537.36"
[2026-06-07T13:45:10.966Z]  "GET /examples/pipeline.js" "Mozilla/5.0 (X11; Linux x86_64) AppleWebKit/537.36 (KHTML, like Gecko) Cypress/15.8.1 Chrome/138.0.7204.251 Electron/37.6.0 Safari/537.36"
[2026-06-07T13:45:12.235Z]  "GET /examples/index.html" "Mozilla/5.0 (X11; Linux x86_64) AppleWebKit/537.36 (KHTML, like Gecko) Cypress/15.8.1 Chrome/138.0.7204.251 Electron/37.6.0 Safari/537.36"
[2026-06-07T13:45:12.271Z]  "GET /examples/styles.css" "Mozilla/5.0 (X11; Linux x86_64) AppleWebKit/537.36 (KHTML, like Gecko) Cypress/15.8.1 Chrome/138.0.7204.251 Electron/37.6.0 Safari/537.36"
[2026-06-07T13:45:12.273Z]  "GET /dist/audio-recorder-visualization.umd.js" "Mozilla/5.0 (X11; Linux x86_64) AppleWebKit/537.36 (KHTML, like Gecko) Cypress/15.8.1 Chrome/138.0.7204.251 Electron/37.6.0 Safari/537.36"
[2026-06-07T13:45:12.275Z]  "GET /examples/app-core.js" "Mozilla/5.0 (X11; Linux x86_64) AppleWebKit/537.36 (KHTML, like Gecko) Cypress/15.8.1 Chrome/138.0.7204.251 Electron/37.6.0 Safari/537.36"
[2026-06-07T13:45:12.276Z]  "GET /examples/app-features.js" "Mozilla/5.0 (X11; Linux x86_64) AppleWebKit/537.36 (KHTML, like Gecko) Cypress/15.8.1 Chrome/138.0.7204.251 Electron/37.6.0 Safari/537.36"
[2026-06-07T13:45:12.277Z]  "GET /examples/app-interactions.js" "Mozilla/5.0 (X11; Linux x86_64) AppleWebKit/537.36 (KHTML, like Gecko) Cypress/15.8.1 Chrome/138.0.7204.251 Electron/37.6.0 Safari/537.36"
[2026-06-07T13:45:12.278Z]  "GET /examples/youtube-upload.js" "Mozilla/5.0 (X11; Linux x86_64) AppleWebKit/537.36 (KHTML, like Gecko) Cypress/15.8.1 Chrome/138.0.7204.251 Electron/37.6.0 Safari/537.36"
[2026-06-07T13:45:12.301Z]  "GET /examples/pipeline.js" "Mozilla/5.0 (X11; Linux x86_64) AppleWebKit/537.36 (KHTML, like Gecko) Cypress/15.8.1 Chrome/138.0.7204.251 Electron/37.6.0 Safari/537.36"
[2026-06-07T13:45:12.865Z]  "GET /examples/index.html" "Mozilla/5.0 (X11; Linux x86_64) AppleWebKit/537.36 (KHTML, like Gecko) Cypress/15.8.1 Chrome/138.0.7204.251 Electron/37.6.0 Safari/537.36"
[2026-06-07T13:45:12.886Z]  "GET /examples/styles.css" "Mozilla/5.0 (X11; Linux x86_64) AppleWebKit/537.36 (KHTML, like Gecko) Cypress/15.8.1 Chrome/138.0.7204.251 Electron/37.6.0 Safari/537.36"
[2026-06-07T13:45:12.887Z]  "GET /dist/audio-recorder-visualization.umd.js" "Mozilla/5.0 (X11; Linux x86_64) AppleWebKit/537.36 (KHTML, like Gecko) Cypress/15.8.1 Chrome/138.0.7204.251 Electron/37.6.0 Safari/537.36"
[2026-06-07T13:45:12.888Z]  "GET /examples/app-core.js" "Mozilla/5.0 (X11; Linux x86_64) AppleWebKit/537.36 (KHTML, like Gecko) Cypress/15.8.1 Chrome/138.0.7204.251 Electron/37.6.0 Safari/537.36"
[2026-06-07T13:45:12.888Z]  "GET /examples/app-features.js" "Mozilla/5.0 (X11; Linux x86_64) AppleWebKit/537.36 (KHTML, like Gecko) Cypress/15.8.1 Chrome/138.0.7204.251 Electron/37.6.0 Safari/537.36"
[2026-06-07T13:45:12.889Z]  "GET /examples/app-interactions.js" "Mozilla/5.0 (X11; Linux x86_64) AppleWebKit/537.36 (KHTML, like Gecko) Cypress/15.8.1 Chrome/138.0.7204.251 Electron/37.6.0 Safari/537.36"
[2026-06-07T13:45:12.891Z]  "GET /examples/youtube-upload.js" "Mozilla/5.0 (X11; Linux x86_64) AppleWebKit/537.36 (KHTML, like Gecko) Cypress/15.8.1 Chrome/138.0.7204.251 Electron/37.6.0 Safari/537.36"
[2026-06-07T13:45:12.914Z]  "GET /examples/pipeline.js" "Mozilla/5.0 (X11; Linux x86_64) AppleWebKit/537.36 (KHTML, like Gecko) Cypress/15.8.1 Chrome/138.0.7204.251 Electron/37.6.0 Safari/537.36"
[2026-06-07T13:45:14.140Z]  "GET /examples/index.html" "Mozilla/5.0 (X11; Linux x86_64) AppleWebKit/537.36 (KHTML, like Gecko) Cypress/15.8.1 Chrome/138.0.7204.251 Electron/37.6.0 Safari/537.36"
[2026-06-07T13:45:14.162Z]  "GET /examples/styles.css" "Mozilla/5.0 (X11; Linux x86_64) AppleWebKit/537.36 (KHTML, like Gecko) Cypress/15.8.1 Chrome/138.0.7204.251 Electron/37.6.0 Safari/537.36"
[2026-06-07T13:45:14.163Z]  "GET /dist/audio-recorder-visualization.umd.js" "Mozilla/5.0 (X11; Linux x86_64) AppleWebKit/537.36 (KHTML, like Gecko) Cypress/15.8.1 Chrome/138.0.7204.251 Electron/37.6.0 Safari/537.36"
[2026-06-07T13:45:14.164Z]  "GET /examples/app-core.js" "Mozilla/5.0 (X11; Linux x86_64) AppleWebKit/537.36 (KHTML, like Gecko) Cypress/15.8.1 Chrome/138.0.7204.251 Electron/37.6.0 Safari/537.36"
[2026-06-07T13:45:14.170Z]  "GET /examples/app-features.js" "Mozilla/5.0 (X11; Linux x86_64) AppleWebKit/537.36 (KHTML, like Gecko) Cypress/15.8.1 Chrome/138.0.7204.251 Electron/37.6.0 Safari/537.36"
[2026-06-07T13:45:14.170Z]  "GET /examples/app-interactions.js" "Mozilla/5.0 (X11; Linux x86_64) AppleWebKit/537.36 (KHTML, like Gecko) Cypress/15.8.1 Chrome/138.0.7204.251 Electron/37.6.0 Safari/537.36"
[2026-06-07T13:45:14.170Z]  "GET /examples/youtube-upload.js" "Mozilla/5.0 (X11; Linux x86_64) AppleWebKit/537.36 (KHTML, like Gecko) Cypress/15.8.1 Chrome/138.0.7204.251 Electron/37.6.0 Safari/537.36"
[2026-06-07T13:45:14.194Z]  "GET /examples/pipeline.js" "Mozilla/5.0 (X11; Linux x86_64) AppleWebKit/537.36 (KHTML, like Gecko) Cypress/15.8.1 Chrome/138.0.7204.251 Electron/37.6.0 Safari/537.36"
[2026-06-07T13:45:14.768Z]  "GET /examples/index.html" "Mozilla/5.0 (X11; Linux x86_64) AppleWebKit/537.36 (KHTML, like Gecko) Cypress/15.8.1 Chrome/138.0.7204.251 Electron/37.6.0 Safari/537.36"
[2026-06-07T13:45:14.793Z]  "GET /examples/styles.css" "Mozilla/5.0 (X11; Linux x86_64) AppleWebKit/537.36 (KHTML, like Gecko) Cypress/15.8.1 Chrome/138.0.7204.251 Electron/37.6.0 Safari/537.36"
[2026-06-07T13:45:14.795Z]  "GET /dist/audio-recorder-visualization.umd.js" "Mozilla/5.0 (X11; Linux x86_64) AppleWebKit/537.36 (KHTML, like Gecko) Cypress/15.8.1 Chrome/138.0.7204.251 Electron/37.6.0 Safari/537.36"
[2026-06-07T13:45:14.797Z]  "GET /examples/app-core.js" "Mozilla/5.0 (X11; Linux x86_64) AppleWebKit/537.36 (KHTML, like Gecko) Cypress/15.8.1 Chrome/138.0.7204.251 Electron/37.6.0 Safari/537.36"
[2026-06-07T13:45:14.797Z]  "GET /examples/app-features.js" "Mozilla/5.0 (X11; Linux x86_64) AppleWebKit/537.36 (KHTML, like Gecko) Cypress/15.8.1 Chrome/138.0.7204.251 Electron/37.6.0 Safari/537.36"
[2026-06-07T13:45:14.798Z]  "GET /examples/app-interactions.js" "Mozilla/5.0 (X11; Linux x86_64) AppleWebKit/537.36 (KHTML, like Gecko) Cypress/15.8.1 Chrome/138.0.7204.251 Electron/37.6.0 Safari/537.36"
[2026-06-07T13:45:14.800Z]  "GET /examples/youtube-upload.js" "Mozilla/5.0 (X11; Linux x86_64) AppleWebKit/537.36 (KHTML, like Gecko) Cypress/15.8.1 Chrome/138.0.7204.251 Electron/37.6.0 Safari/537.36"
[2026-06-07T13:45:14.834Z]  "GET /examples/pipeline.js" "Mozilla/5.0 (X11; Linux x86_64) AppleWebKit/537.36 (KHTML, like Gecko) Cypress/15.8.1 Chrome/138.0.7204.251 Electron/37.6.0 Safari/537.36"
[2026-06-07T13:45:16.050Z]  "GET /examples/index.html" "Mozilla/5.0 (X11; Linux x86_64) AppleWebKit/537.36 (KHTML, like Gecko) Cypress/15.8.1 Chrome/138.0.7204.251 Electron/37.6.0 Safari/537.36"
[2026-06-07T13:45:16.076Z]  "GET /examples/styles.css" "Mozilla/5.0 (X11; Linux x86_64) AppleWebKit/537.36 (KHTML, like Gecko) Cypress/15.8.1 Chrome/138.0.7204.251 Electron/37.6.0 Safari/537.36"
[2026-06-07T13:45:16.078Z]  "GET /dist/audio-recorder-visualization.umd.js" "Mozilla/5.0 (X11; Linux x86_64) AppleWebKit/537.36 (KHTML, like Gecko) Cypress/15.8.1 Chrome/138.0.7204.251 Electron/37.6.0 Safari/537.36"
[2026-06-07T13:45:16.079Z]  "GET /examples/app-core.js" "Mozilla/5.0 (X11; Linux x86_64) AppleWebKit/537.36 (KHTML, like Gecko) Cypress/15.8.1 Chrome/138.0.7204.251 Electron/37.6.0 Safari/537.36"
[2026-06-07T13:45:16.082Z]  "GET /examples/app-features.js" "Mozilla/5.0 (X11; Linux x86_64) AppleWebKit/537.36 (KHTML, like Gecko) Cypress/15.8.1 Chrome/138.0.7204.251 Electron/37.6.0 Safari/537.36"
[2026-06-07T13:45:16.082Z]  "GET /examples/app-interactions.js" "Mozilla/5.0 (X11; Linux x86_64) AppleWebKit/537.36 (KHTML, like Gecko) Cypress/15.8.1 Chrome/138.0.7204.251 Electron/37.6.0 Safari/537.36"
[2026-06-07T13:45:16.102Z]  "GET /examples/youtube-upload.js" "Mozilla/5.0 (X11; Linux x86_64) AppleWebKit/537.36 (KHTML, like Gecko) Cypress/15.8.1 Chrome/138.0.7204.251 Electron/37.6.0 Safari/537.36"
[2026-06-07T13:45:16.107Z]  "GET /examples/pipeline.js" "Mozilla/5.0 (X11; Linux x86_64) AppleWebKit/537.36 (KHTML, like Gecko) Cypress/15.8.1 Chrome/138.0.7204.251 Electron/37.6.0 Safari/537.36"
[2026-06-07T13:45:16.702Z]  "GET /examples/index.html" "Mozilla/5.0 (X11; Linux x86_64) AppleWebKit/537.36 (KHTML, like Gecko) Cypress/15.8.1 Chrome/138.0.7204.251 Electron/37.6.0 Safari/537.36"
[2026-06-07T13:45:16.721Z]  "GET /examples/styles.css" "Mozilla/5.0 (X11; Linux x86_64) AppleWebKit/537.36 (KHTML, like Gecko) Cypress/15.8.1 Chrome/138.0.7204.251 Electron/37.6.0 Safari/537.36"
[2026-06-07T13:45:16.724Z]  "GET /dist/audio-recorder-visualization.umd.js" "Mozilla/5.0 (X11; Linux x86_64) AppleWebKit/537.36 (KHTML, like Gecko) Cypress/15.8.1 Chrome/138.0.7204.251 Electron/37.6.0 Safari/537.36"
[2026-06-07T13:45:16.726Z]  "GET /examples/app-core.js" "Mozilla/5.0 (X11; Linux x86_64) AppleWebKit/537.36 (KHTML, like Gecko) Cypress/15.8.1 Chrome/138.0.7204.251 Electron/37.6.0 Safari/537.36"
[2026-06-07T13:45:16.729Z]  "GET /examples/app-features.js" "Mozilla/5.0 (X11; Linux x86_64) AppleWebKit/537.36 (KHTML, like Gecko) Cypress/15.8.1 Chrome/138.0.7204.251 Electron/37.6.0 Safari/537.36"
[2026-06-07T13:45:16.731Z]  "GET /examples/app-interactions.js" "Mozilla/5.0 (X11; Linux x86_64) AppleWebKit/537.36 (KHTML, like Gecko) Cypress/15.8.1 Chrome/138.0.7204.251 Electron/37.6.0 Safari/537.36"
[2026-06-07T13:45:16.732Z]  "GET /examples/youtube-upload.js" "Mozilla/5.0 (X11; Linux x86_64) AppleWebKit/537.36 (KHTML, like Gecko) Cypress/15.8.1 Chrome/138.0.7204.251 Electron/37.6.0 Safari/537.36"
[2026-06-07T13:45:16.747Z]  "GET /examples/pipeline.js" "Mozilla/5.0 (X11; Linux x86_64) AppleWebKit/537.36 (KHTML, like Gecko) Cypress/15.8.1 Chrome/138.0.7204.251 Electron/37.6.0 Safari/537.36"
[2026-06-07T13:45:17.979Z]  "GET /examples/index.html" "Mozilla/5.0 (X11; Linux x86_64) AppleWebKit/537.36 (KHTML, like Gecko) Cypress/15.8.1 Chrome/138.0.7204.251 Electron/37.6.0 Safari/537.36"
[2026-06-07T13:45:18.008Z]  "GET /examples/styles.css" "Mozilla/5.0 (X11; Linux x86_64) AppleWebKit/537.36 (KHTML, like Gecko) Cypress/15.8.1 Chrome/138.0.7204.251 Electron/37.6.0 Safari/537.36"
[2026-06-07T13:45:18.017Z]  "GET /dist/audio-recorder-visualization.umd.js" "Mozilla/5.0 (X11; Linux x86_64) AppleWebKit/537.36 (KHTML, like Gecko) Cypress/15.8.1 Chrome/138.0.7204.251 Electron/37.6.0 Safari/537.36"
[2026-06-07T13:45:18.018Z]  "GET /examples/app-core.js" "Mozilla/5.0 (X11; Linux x86_64) AppleWebKit/537.36 (KHTML, like Gecko) Cypress/15.8.1 Chrome/138.0.7204.251 Electron/37.6.0 Safari/537.36"
[2026-06-07T13:45:18.020Z]  "GET /examples/app-features.js" "Mozilla/5.0 (X11; Linux x86_64) AppleWebKit/537.36 (KHTML, like Gecko) Cypress/15.8.1 Chrome/138.0.7204.251 Electron/37.6.0 Safari/537.36"
[2026-06-07T13:45:18.020Z]  "GET /examples/app-interactions.js" "Mozilla/5.0 (X11; Linux x86_64) AppleWebKit/537.36 (KHTML, like Gecko) Cypress/15.8.1 Chrome/138.0.7204.251 Electron/37.6.0 Safari/537.36"
[2026-06-07T13:45:18.021Z]  "GET /examples/youtube-upload.js" "Mozilla/5.0 (X11; Linux x86_64) AppleWebKit/537.36 (KHTML, like Gecko) Cypress/15.8.1 Chrome/138.0.7204.251 Electron/37.6.0 Safari/537.36"
[2026-06-07T13:45:18.048Z]  "GET /examples/pipeline.js" "Mozilla/5.0 (X11; Linux x86_64) AppleWebKit/537.36 (KHTML, like Gecko) Cypress/15.8.1 Chrome/138.0.7204.251 Electron/37.6.0 Safari/537.36"
[2026-06-07T13:45:18.636Z]  "GET /examples/index.html" "Mozilla/5.0 (X11; Linux x86_64) AppleWebKit/537.36 (KHTML, like Gecko) Cypress/15.8.1 Chrome/138.0.7204.251 Electron/37.6.0 Safari/537.36"
[2026-06-07T13:45:18.660Z]  "GET /examples/styles.css" "Mozilla/5.0 (X11; Linux x86_64) AppleWebKit/537.36 (KHTML, like Gecko) Cypress/15.8.1 Chrome/138.0.7204.251 Electron/37.6.0 Safari/537.36"
[2026-06-07T13:45:18.660Z]  "GET /dist/audio-recorder-visualization.umd.js" "Mozilla/5.0 (X11; Linux x86_64) AppleWebKit/537.36 (KHTML, like Gecko) Cypress/15.8.1 Chrome/138.0.7204.251 Electron/37.6.0 Safari/537.36"
[2026-06-07T13:45:18.660Z]  "GET /examples/app-core.js" "Mozilla/5.0 (X11; Linux x86_64) AppleWebKit/537.36 (KHTML, like Gecko) Cypress/15.8.1 Chrome/138.0.7204.251 Electron/37.6.0 Safari/537.36"
[2026-06-07T13:45:18.660Z]  "GET /examples/app-features.js" "Mozilla/5.0 (X11; Linux x86_64) AppleWebKit/537.36 (KHTML, like Gecko) Cypress/15.8.1 Chrome/138.0.7204.251 Electron/37.6.0 Safari/537.36"
[2026-06-07T13:45:18.660Z]  "GET /examples/app-interactions.js" "Mozilla/5.0 (X11; Linux x86_64) AppleWebKit/537.36 (KHTML, like Gecko) Cypress/15.8.1 Chrome/138.0.7204.251 Electron/37.6.0 Safari/537.36"
[2026-06-07T13:45:18.661Z]  "GET /examples/youtube-upload.js" "Mozilla/5.0 (X11; Linux x86_64) AppleWebKit/537.36 (KHTML, like Gecko) Cypress/15.8.1 Chrome/138.0.7204.251 Electron/37.6.0 Safari/537.36"
[2026-06-07T13:45:18.693Z]  "GET /examples/pipeline.js" "Mozilla/5.0 (X11; Linux x86_64) AppleWebKit/537.36 (KHTML, like Gecko) Cypress/15.8.1 Chrome/138.0.7204.251 Electron/37.6.0 Safari/537.36"
[2026-06-07T13:45:19.915Z]  "GET /examples/index.html" "Mozilla/5.0 (X11; Linux x86_64) AppleWebKit/537.36 (KHTML, like Gecko) Cypress/15.8.1 Chrome/138.0.7204.251 Electron/37.6.0 Safari/537.36"
[2026-06-07T13:45:19.934Z]  "GET /examples/styles.css" "Mozilla/5.0 (X11; Linux x86_64) AppleWebKit/537.36 (KHTML, like Gecko) Cypress/15.8.1 Chrome/138.0.7204.251 Electron/37.6.0 Safari/537.36"
[2026-06-07T13:45:19.939Z]  "GET /dist/audio-recorder-visualization.umd.js" "Mozilla/5.0 (X11; Linux x86_64) AppleWebKit/537.36 (KHTML, like Gecko) Cypress/15.8.1 Chrome/138.0.7204.251 Electron/37.6.0 Safari/537.36"
[2026-06-07T13:45:19.942Z]  "GET /examples/app-core.js" "Mozilla/5.0 (X11; Linux x86_64) AppleWebKit/537.36 (KHTML, like Gecko) Cypress/15.8.1 Chrome/138.0.7204.251 Electron/37.6.0 Safari/537.36"
[2026-06-07T13:45:19.942Z]  "GET /examples/app-features.js" "Mozilla/5.0 (X11; Linux x86_64) AppleWebKit/537.36 (KHTML, like Gecko) Cypress/15.8.1 Chrome/138.0.7204.251 Electron/37.6.0 Safari/537.36"
[2026-06-07T13:45:19.943Z]  "GET /examples/app-interactions.js" "Mozilla/5.0 (X11; Linux x86_64) AppleWebKit/537.36 (KHTML, like Gecko) Cypress/15.8.1 Chrome/138.0.7204.251 Electron/37.6.0 Safari/537.36"
[2026-06-07T13:45:19.944Z]  "GET /examples/youtube-upload.js" "Mozilla/5.0 (X11; Linux x86_64) AppleWebKit/537.36 (KHTML, like Gecko) Cypress/15.8.1 Chrome/138.0.7204.251 Electron/37.6.0 Safari/537.36"
[2026-06-07T13:45:19.968Z]  "GET /examples/pipeline.js" "Mozilla/5.0 (X11; Linux x86_64) AppleWebKit/537.36 (KHTML, like Gecko) Cypress/15.8.1 Chrome/138.0.7204.251 Electron/37.6.0 Safari/537.36"
[2026-06-07T13:45:20.593Z]  "GET /examples/index.html" "Mozilla/5.0 (X11; Linux x86_64) AppleWebKit/537.36 (KHTML, like Gecko) Cypress/15.8.1 Chrome/138.0.7204.251 Electron/37.6.0 Safari/537.36"
[2026-06-07T13:45:20.627Z]  "GET /examples/styles.css" "Mozilla/5.0 (X11; Linux x86_64) AppleWebKit/537.36 (KHTML, like Gecko) Cypress/15.8.1 Chrome/138.0.7204.251 Electron/37.6.0 Safari/537.36"
[2026-06-07T13:45:20.629Z]  "GET /dist/audio-recorder-visualization.umd.js" "Mozilla/5.0 (X11; Linux x86_64) AppleWebKit/537.36 (KHTML, like Gecko) Cypress/15.8.1 Chrome/138.0.7204.251 Electron/37.6.0 Safari/537.36"
[2026-06-07T13:45:20.630Z]  "GET /examples/app-core.js" "Mozilla/5.0 (X11; Linux x86_64) AppleWebKit/537.36 (KHTML, like Gecko) Cypress/15.8.1 Chrome/138.0.7204.251 Electron/37.6.0 Safari/537.36"
[2026-06-07T13:45:20.631Z]  "GET /examples/app-features.js" "Mozilla/5.0 (X11; Linux x86_64) AppleWebKit/537.36 (KHTML, like Gecko) Cypress/15.8.1 Chrome/138.0.7204.251 Electron/37.6.0 Safari/537.36"
[2026-06-07T13:45:20.632Z]  "GET /examples/app-interactions.js" "Mozilla/5.0 (X11; Linux x86_64) AppleWebKit/537.36 (KHTML, like Gecko) Cypress/15.8.1 Chrome/138.0.7204.251 Electron/37.6.0 Safari/537.36"
[2026-06-07T13:45:20.633Z]  "GET /examples/youtube-upload.js" "Mozilla/5.0 (X11; Linux x86_64) AppleWebKit/537.36 (KHTML, like Gecko) Cypress/15.8.1 Chrome/138.0.7204.251 Electron/37.6.0 Safari/537.36"
[2026-06-07T13:45:20.658Z]  "GET /examples/pipeline.js" "Mozilla/5.0 (X11; Linux x86_64) AppleWebKit/537.36 (KHTML, like Gecko) Cypress/15.8.1 Chrome/138.0.7204.251 Electron/37.6.0 Safari/537.36"
[2026-06-07T13:45:28.338Z]  "GET /examples/index.html" "Mozilla/5.0 (X11; Linux x86_64) AppleWebKit/537.36 (KHTML, like Gecko) Cypress/15.8.1 Chrome/138.0.7204.251 Electron/37.6.0 Safari/537.36"
[2026-06-07T13:45:28.389Z]  "GET /examples/styles.css" "Mozilla/5.0 (X11; Linux x86_64) AppleWebKit/537.36 (KHTML, like Gecko) Cypress/15.8.1 Chrome/138.0.7204.251 Electron/37.6.0 Safari/537.36"
[2026-06-07T13:45:28.393Z]  "GET /dist/audio-recorder-visualization.umd.js" "Mozilla/5.0 (X11; Linux x86_64) AppleWebKit/537.36 (KHTML, like Gecko) Cypress/15.8.1 Chrome/138.0.7204.251 Electron/37.6.0 Safari/537.36"
[2026-06-07T13:45:28.408Z]  "GET /examples/app-core.js" "Mozilla/5.0 (X11; Linux x86_64) AppleWebKit/537.36 (KHTML, like Gecko) Cypress/15.8.1 Chrome/138.0.7204.251 Electron/37.6.0 Safari/537.36"
[2026-06-07T13:45:28.410Z]  "GET /examples/app-interactions.js" "Mozilla/5.0 (X11; Linux x86_64) AppleWebKit/537.36 (KHTML, like Gecko) Cypress/15.8.1 Chrome/138.0.7204.251 Electron/37.6.0 Safari/537.36"
[2026-06-07T13:45:28.412Z]  "GET /examples/app-features.js" "Mozilla/5.0 (X11; Linux x86_64) AppleWebKit/537.36 (KHTML, like Gecko) Cypress/15.8.1 Chrome/138.0.7204.251 Electron/37.6.0 Safari/537.36"
[2026-06-07T13:45:28.413Z]  "GET /examples/youtube-upload.js" "Mozilla/5.0 (X11; Linux x86_64) AppleWebKit/537.36 (KHTML, like Gecko) Cypress/15.8.1 Chrome/138.0.7204.251 Electron/37.6.0 Safari/537.36"
[2026-06-07T13:45:28.427Z]  "GET /examples/pipeline.js" "Mozilla/5.0 (X11; Linux x86_64) AppleWebKit/537.36 (KHTML, like Gecko) Cypress/15.8.1 Chrome/138.0.7204.251 Electron/37.6.0 Safari/537.36"
[2026-06-07T13:45:28.450Z]  "GET /examples/index.html" "Mozilla/5.0 (X11; Linux x86_64) AppleWebKit/537.36 (KHTML, like Gecko) HeadlessChrome/149.0.0.0 Safari/537.36"
[2026-06-07T13:45:28.462Z]  "GET /examples/styles.css" "Mozilla/5.0 (X11; Linux x86_64) AppleWebKit/537.36 (KHTML, like Gecko) HeadlessChrome/149.0.0.0 Safari/537.36"
[2026-06-07T13:45:28.463Z]  "GET /dist/audio-recorder-visualization.umd.js" "Mozilla/5.0 (X11; Linux x86_64) AppleWebKit/537.36 (KHTML, like Gecko) HeadlessChrome/149.0.0.0 Safari/537.36"
[2026-06-07T13:45:28.463Z]  "GET /examples/app-core.js" "Mozilla/5.0 (X11; Linux x86_64) AppleWebKit/537.36 (KHTML, like Gecko) HeadlessChrome/149.0.0.0 Safari/537.36"
[2026-06-07T13:45:28.464Z]  "GET /examples/app-features.js" "Mozilla/5.0 (X11; Linux x86_64) AppleWebKit/537.36 (KHTML, like Gecko) HeadlessChrome/149.0.0.0 Safari/537.36"
[2026-06-07T13:45:28.465Z]  "GET /examples/app-interactions.js" "Mozilla/5.0 (X11; Linux x86_64) AppleWebKit/537.36 (KHTML, like Gecko) HeadlessChrome/149.0.0.0 Safari/537.36"
[2026-06-07T13:45:28.465Z]  "GET /examples/youtube-upload.js" "Mozilla/5.0 (X11; Linux x86_64) AppleWebKit/537.36 (KHTML, like Gecko) HeadlessChrome/149.0.0.0 Safari/537.36"
[2026-06-07T13:45:28.465Z]  "GET /examples/pipeline.js" "Mozilla/5.0 (X11; Linux x86_64) AppleWebKit/537.36 (KHTML, like Gecko) HeadlessChrome/149.0.0.0 Safari/537.36"
[2026-06-07T13:45:28.637Z]  "GET /favicon.ico" "Mozilla/5.0 (X11; Linux x86_64) AppleWebKit/537.36 (KHTML, like Gecko) HeadlessChrome/149.0.0.0 Safari/537.36"
[2026-06-07T13:45:28.639Z]  "GET /favicon.ico" Error (404): "Not found"
[2026-06-07T13:45:29.667Z]  "GET /examples/index.html" "Mozilla/5.0 (X11; Linux x86_64) AppleWebKit/537.36 (KHTML, like Gecko) Cypress/15.8.1 Chrome/138.0.7204.251 Electron/37.6.0 Safari/537.36"
[2026-06-07T13:45:29.694Z]  "GET /examples/styles.css" "Mozilla/5.0 (X11; Linux x86_64) AppleWebKit/537.36 (KHTML, like Gecko) Cypress/15.8.1 Chrome/138.0.7204.251 Electron/37.6.0 Safari/537.36"
[2026-06-07T13:45:29.695Z]  "GET /dist/audio-recorder-visualization.umd.js" "Mozilla/5.0 (X11; Linux x86_64) AppleWebKit/537.36 (KHTML, like Gecko) Cypress/15.8.1 Chrome/138.0.7204.251 Electron/37.6.0 Safari/537.36"
[2026-06-07T13:45:29.697Z]  "GET /examples/app-core.js" "Mozilla/5.0 (X11; Linux x86_64) AppleWebKit/537.36 (KHTML, like Gecko) Cypress/15.8.1 Chrome/138.0.7204.251 Electron/37.6.0 Safari/537.36"
[2026-06-07T13:45:29.700Z]  "GET /examples/app-features.js" "Mozilla/5.0 (X11; Linux x86_64) AppleWebKit/537.36 (KHTML, like Gecko) Cypress/15.8.1 Chrome/138.0.7204.251 Electron/37.6.0 Safari/537.36"
[2026-06-07T13:45:29.701Z]  "GET /examples/app-interactions.js" "Mozilla/5.0 (X11; Linux x86_64) AppleWebKit/537.36 (KHTML, like Gecko) Cypress/15.8.1 Chrome/138.0.7204.251 Electron/37.6.0 Safari/537.36"
[2026-06-07T13:45:29.717Z]  "GET /examples/youtube-upload.js" "Mozilla/5.0 (X11; Linux x86_64) AppleWebKit/537.36 (KHTML, like Gecko) Cypress/15.8.1 Chrome/138.0.7204.251 Electron/37.6.0 Safari/537.36"
[2026-06-07T13:45:29.730Z]  "GET /examples/pipeline.js" "Mozilla/5.0 (X11; Linux x86_64) AppleWebKit/537.36 (KHTML, like Gecko) Cypress/15.8.1 Chrome/138.0.7204.251 Electron/37.6.0 Safari/537.36"
[2026-06-07T13:45:31.513Z]  "GET /examples/index.html" "Mozilla/5.0 (X11; Linux x86_64) AppleWebKit/537.36 (KHTML, like Gecko) Cypress/15.8.1 Chrome/138.0.7204.251 Electron/37.6.0 Safari/537.36"
[2026-06-07T13:45:31.539Z]  "GET /examples/styles.css" "Mozilla/5.0 (X11; Linux x86_64) AppleWebKit/537.36 (KHTML, like Gecko) Cypress/15.8.1 Chrome/138.0.7204.251 Electron/37.6.0 Safari/537.36"
[2026-06-07T13:45:31.540Z]  "GET /dist/audio-recorder-visualization.umd.js" "Mozilla/5.0 (X11; Linux x86_64) AppleWebKit/537.36 (KHTML, like Gecko) Cypress/15.8.1 Chrome/138.0.7204.251 Electron/37.6.0 Safari/537.36"
[2026-06-07T13:45:31.541Z]  "GET /examples/app-core.js" "Mozilla/5.0 (X11; Linux x86_64) AppleWebKit/537.36 (KHTML, like Gecko) Cypress/15.8.1 Chrome/138.0.7204.251 Electron/37.6.0 Safari/537.36"
[2026-06-07T13:45:31.542Z]  "GET /examples/app-features.js" "Mozilla/5.0 (X11; Linux x86_64) AppleWebKit/537.36 (KHTML, like Gecko) Cypress/15.8.1 Chrome/138.0.7204.251 Electron/37.6.0 Safari/537.36"
[2026-06-07T13:45:31.559Z]  "GET /examples/app-interactions.js" "Mozilla/5.0 (X11; Linux x86_64) AppleWebKit/537.36 (KHTML, like Gecko) Cypress/15.8.1 Chrome/138.0.7204.251 Electron/37.6.0 Safari/537.36"
[2026-06-07T13:45:31.559Z]  "GET /examples/youtube-upload.js" "Mozilla/5.0 (X11; Linux x86_64) AppleWebKit/537.36 (KHTML, like Gecko) Cypress/15.8.1 Chrome/138.0.7204.251 Electron/37.6.0 Safari/537.36"
[2026-06-07T13:45:31.569Z]  "GET /examples/pipeline.js" "Mozilla/5.0 (X11; Linux x86_64) AppleWebKit/537.36 (KHTML, like Gecko) Cypress/15.8.1 Chrome/138.0.7204.251 Electron/37.6.0 Safari/537.36"
[2026-06-07T13:45:32.431Z]  "GET /examples/index.html" "Mozilla/5.0 (X11; Linux x86_64) AppleWebKit/537.36 (KHTML, like Gecko) Cypress/15.8.1 Chrome/138.0.7204.251 Electron/37.6.0 Safari/537.36"
[2026-06-07T13:45:32.457Z]  "GET /examples/styles.css" "Mozilla/5.0 (X11; Linux x86_64) AppleWebKit/537.36 (KHTML, like Gecko) Cypress/15.8.1 Chrome/138.0.7204.251 Electron/37.6.0 Safari/537.36"
[2026-06-07T13:45:32.458Z]  "GET /dist/audio-recorder-visualization.umd.js" "Mozilla/5.0 (X11; Linux x86_64) AppleWebKit/537.36 (KHTML, like Gecko) Cypress/15.8.1 Chrome/138.0.7204.251 Electron/37.6.0 Safari/537.36"
[2026-06-07T13:45:32.461Z]  "GET /examples/app-core.js" "Mozilla/5.0 (X11; Linux x86_64) AppleWebKit/537.36 (KHTML, like Gecko) Cypress/15.8.1 Chrome/138.0.7204.251 Electron/37.6.0 Safari/537.36"
[2026-06-07T13:45:32.462Z]  "GET /examples/app-features.js" "Mozilla/5.0 (X11; Linux x86_64) AppleWebKit/537.36 (KHTML, like Gecko) Cypress/15.8.1 Chrome/138.0.7204.251 Electron/37.6.0 Safari/537.36"
[2026-06-07T13:45:32.462Z]  "GET /examples/app-interactions.js" "Mozilla/5.0 (X11; Linux x86_64) AppleWebKit/537.36 (KHTML, like Gecko) Cypress/15.8.1 Chrome/138.0.7204.251 Electron/37.6.0 Safari/537.36"
[2026-06-07T13:45:32.464Z]  "GET /examples/youtube-upload.js" "Mozilla/5.0 (X11; Linux x86_64) AppleWebKit/537.36 (KHTML, like Gecko) Cypress/15.8.1 Chrome/138.0.7204.251 Electron/37.6.0 Safari/537.36"
[2026-06-07T13:45:32.490Z]  "GET /examples/pipeline.js" "Mozilla/5.0 (X11; Linux x86_64) AppleWebKit/537.36 (KHTML, like Gecko) Cypress/15.8.1 Chrome/138.0.7204.251 Electron/37.6.0 Safari/537.36"
[2026-06-07T13:45:35.434Z]  "GET /examples/index.html" "Mozilla/5.0 (X11; Linux x86_64) AppleWebKit/537.36 (KHTML, like Gecko) Cypress/15.8.1 Chrome/138.0.7204.251 Electron/37.6.0 Safari/537.36"
[2026-06-07T13:45:35.459Z]  "GET /examples/styles.css" "Mozilla/5.0 (X11; Linux x86_64) AppleWebKit/537.36 (KHTML, like Gecko) Cypress/15.8.1 Chrome/138.0.7204.251 Electron/37.6.0 Safari/537.36"
[2026-06-07T13:45:35.460Z]  "GET /dist/audio-recorder-visualization.umd.js" "Mozilla/5.0 (X11; Linux x86_64) AppleWebKit/537.36 (KHTML, like Gecko) Cypress/15.8.1 Chrome/138.0.7204.251 Electron/37.6.0 Safari/537.36"
[2026-06-07T13:45:35.461Z]  "GET /examples/app-core.js" "Mozilla/5.0 (X11; Linux x86_64) AppleWebKit/537.36 (KHTML, like Gecko) Cypress/15.8.1 Chrome/138.0.7204.251 Electron/37.6.0 Safari/537.36"
[2026-06-07T13:45:35.462Z]  "GET /examples/app-features.js" "Mozilla/5.0 (X11; Linux x86_64) AppleWebKit/537.36 (KHTML, like Gecko) Cypress/15.8.1 Chrome/138.0.7204.251 Electron/37.6.0 Safari/537.36"
[2026-06-07T13:45:35.463Z]  "GET /examples/app-interactions.js" "Mozilla/5.0 (X11; Linux x86_64) AppleWebKit/537.36 (KHTML, like Gecko) Cypress/15.8.1 Chrome/138.0.7204.251 Electron/37.6.0 Safari/537.36"
[2026-06-07T13:45:35.464Z]  "GET /examples/youtube-upload.js" "Mozilla/5.0 (X11; Linux x86_64) AppleWebKit/537.36 (KHTML, like Gecko) Cypress/15.8.1 Chrome/138.0.7204.251 Electron/37.6.0 Safari/537.36"
[2026-06-07T13:45:35.490Z]  "GET /examples/pipeline.js" "Mozilla/5.0 (X11; Linux x86_64) AppleWebKit/537.36 (KHTML, like Gecko) Cypress/15.8.1 Chrome/138.0.7204.251 Electron/37.6.0 Safari/537.36"
[2026-06-07T13:45:35.775Z]  "GET /examples/index.html" "Mozilla/5.0 (X11; Linux x86_64) AppleWebKit/537.36 (KHTML, like Gecko) Cypress/15.8.1 Chrome/138.0.7204.251 Electron/37.6.0 Safari/537.36"
[2026-06-07T13:45:35.801Z]  "GET /examples/styles.css" "Mozilla/5.0 (X11; Linux x86_64) AppleWebKit/537.36 (KHTML, like Gecko) Cypress/15.8.1 Chrome/138.0.7204.251 Electron/37.6.0 Safari/537.36"
[2026-06-07T13:45:35.803Z]  "GET /dist/audio-recorder-visualization.umd.js" "Mozilla/5.0 (X11; Linux x86_64) AppleWebKit/537.36 (KHTML, like Gecko) Cypress/15.8.1 Chrome/138.0.7204.251 Electron/37.6.0 Safari/537.36"
[2026-06-07T13:45:35.804Z]  "GET /examples/app-core.js" "Mozilla/5.0 (X11; Linux x86_64) AppleWebKit/537.36 (KHTML, like Gecko) Cypress/15.8.1 Chrome/138.0.7204.251 Electron/37.6.0 Safari/537.36"
[2026-06-07T13:45:35.805Z]  "GET /examples/app-features.js" "Mozilla/5.0 (X11; Linux x86_64) AppleWebKit/537.36 (KHTML, like Gecko) Cypress/15.8.1 Chrome/138.0.7204.251 Electron/37.6.0 Safari/537.36"
[2026-06-07T13:45:35.807Z]  "GET /examples/app-interactions.js" "Mozilla/5.0 (X11; Linux x86_64) AppleWebKit/537.36 (KHTML, like Gecko) Cypress/15.8.1 Chrome/138.0.7204.251 Electron/37.6.0 Safari/537.36"
[2026-06-07T13:45:35.811Z]  "GET /examples/youtube-upload.js" "Mozilla/5.0 (X11; Linux x86_64) AppleWebKit/537.36 (KHTML, like Gecko) Cypress/15.8.1 Chrome/138.0.7204.251 Electron/37.6.0 Safari/537.36"
[2026-06-07T13:45:35.829Z]  "GET /examples/pipeline.js" "Mozilla/5.0 (X11; Linux x86_64) AppleWebKit/537.36 (KHTML, like Gecko) Cypress/15.8.1 Chrome/138.0.7204.251 Electron/37.6.0 Safari/537.36"
[2026-06-07T13:45:36.049Z]  "GET /examples/index.html" "Mozilla/5.0 (X11; Linux x86_64) AppleWebKit/537.36 (KHTML, like Gecko) Cypress/15.8.1 Chrome/138.0.7204.251 Electron/37.6.0 Safari/537.36"
[2026-06-07T13:45:36.073Z]  "GET /examples/styles.css" "Mozilla/5.0 (X11; Linux x86_64) AppleWebKit/537.36 (KHTML, like Gecko) Cypress/15.8.1 Chrome/138.0.7204.251 Electron/37.6.0 Safari/537.36"
[2026-06-07T13:45:36.075Z]  "GET /dist/audio-recorder-visualization.umd.js" "Mozilla/5.0 (X11; Linux x86_64) AppleWebKit/537.36 (KHTML, like Gecko) Cypress/15.8.1 Chrome/138.0.7204.251 Electron/37.6.0 Safari/537.36"
[2026-06-07T13:45:36.076Z]  "GET /examples/app-core.js" "Mozilla/5.0 (X11; Linux x86_64) AppleWebKit/537.36 (KHTML, like Gecko) Cypress/15.8.1 Chrome/138.0.7204.251 Electron/37.6.0 Safari/537.36"
[2026-06-07T13:45:36.078Z]  "GET /examples/app-features.js" "Mozilla/5.0 (X11; Linux x86_64) AppleWebKit/537.36 (KHTML, like Gecko) Cypress/15.8.1 Chrome/138.0.7204.251 Electron/37.6.0 Safari/537.36"
[2026-06-07T13:45:36.079Z]  "GET /examples/app-interactions.js" "Mozilla/5.0 (X11; Linux x86_64) AppleWebKit/537.36 (KHTML, like Gecko) Cypress/15.8.1 Chrome/138.0.7204.251 Electron/37.6.0 Safari/537.36"
[2026-06-07T13:45:36.080Z]  "GET /examples/youtube-upload.js" "Mozilla/5.0 (X11; Linux x86_64) AppleWebKit/537.36 (KHTML, like Gecko) Cypress/15.8.1 Chrome/138.0.7204.251 Electron/37.6.0 Safari/537.36"
[2026-06-07T13:45:36.104Z]  "GET /examples/pipeline.js" "Mozilla/5.0 (X11; Linux x86_64) AppleWebKit/537.36 (KHTML, like Gecko) Cypress/15.8.1 Chrome/138.0.7204.251 Electron/37.6.0 Safari/537.36"
[2026-06-07T13:45:36.404Z]  "GET /examples/index.html" "Mozilla/5.0 (X11; Linux x86_64) AppleWebKit/537.36 (KHTML, like Gecko) Cypress/15.8.1 Chrome/138.0.7204.251 Electron/37.6.0 Safari/537.36"
[2026-06-07T13:45:36.434Z]  "GET /examples/styles.css" "Mozilla/5.0 (X11; Linux x86_64) AppleWebKit/537.36 (KHTML, like Gecko) Cypress/15.8.1 Chrome/138.0.7204.251 Electron/37.6.0 Safari/537.36"
[2026-06-07T13:45:36.435Z]  "GET /dist/audio-recorder-visualization.umd.js" "Mozilla/5.0 (X11; Linux x86_64) AppleWebKit/537.36 (KHTML, like Gecko) Cypress/15.8.1 Chrome/138.0.7204.251 Electron/37.6.0 Safari/537.36"
[2026-06-07T13:45:36.436Z]  "GET /examples/app-core.js" "Mozilla/5.0 (X11; Linux x86_64) AppleWebKit/537.36 (KHTML, like Gecko) Cypress/15.8.1 Chrome/138.0.7204.251 Electron/37.6.0 Safari/537.36"
[2026-06-07T13:45:36.437Z]  "GET /examples/app-features.js" "Mozilla/5.0 (X11; Linux x86_64) AppleWebKit/537.36 (KHTML, like Gecko) Cypress/15.8.1 Chrome/138.0.7204.251 Electron/37.6.0 Safari/537.36"
[2026-06-07T13:45:36.438Z]  "GET /examples/app-interactions.js" "Mozilla/5.0 (X11; Linux x86_64) AppleWebKit/537.36 (KHTML, like Gecko) Cypress/15.8.1 Chrome/138.0.7204.251 Electron/37.6.0 Safari/537.36"
[2026-06-07T13:45:36.449Z]  "GET /examples/youtube-upload.js" "Mozilla/5.0 (X11; Linux x86_64) AppleWebKit/537.36 (KHTML, like Gecko) Cypress/15.8.1 Chrome/138.0.7204.251 Electron/37.6.0 Safari/537.36"
[2026-06-07T13:45:36.469Z]  "GET /examples/pipeline.js" "Mozilla/5.0 (X11; Linux x86_64) AppleWebKit/537.36 (KHTML, like Gecko) Cypress/15.8.1 Chrome/138.0.7204.251 Electron/37.6.0 Safari/537.36"
[2026-06-07T13:45:36.702Z]  "GET /examples/index.html" "Mozilla/5.0 (X11; Linux x86_64) AppleWebKit/537.36 (KHTML, like Gecko) Cypress/15.8.1 Chrome/138.0.7204.251 Electron/37.6.0 Safari/537.36"
[2026-06-07T13:45:36.745Z]  "GET /examples/styles.css" "Mozilla/5.0 (X11; Linux x86_64) AppleWebKit/537.36 (KHTML, like Gecko) Cypress/15.8.1 Chrome/138.0.7204.251 Electron/37.6.0 Safari/537.36"
[2026-06-07T13:45:36.747Z]  "GET /dist/audio-recorder-visualization.umd.js" "Mozilla/5.0 (X11; Linux x86_64) AppleWebKit/537.36 (KHTML, like Gecko) Cypress/15.8.1 Chrome/138.0.7204.251 Electron/37.6.0 Safari/537.36"
[2026-06-07T13:45:36.748Z]  "GET /examples/app-core.js" "Mozilla/5.0 (X11; Linux x86_64) AppleWebKit/537.36 (KHTML, like Gecko) Cypress/15.8.1 Chrome/138.0.7204.251 Electron/37.6.0 Safari/537.36"
[2026-06-07T13:45:36.753Z]  "GET /examples/app-features.js" "Mozilla/5.0 (X11; Linux x86_64) AppleWebKit/537.36 (KHTML, like Gecko) Cypress/15.8.1 Chrome/138.0.7204.251 Electron/37.6.0 Safari/537.36"
[2026-06-07T13:45:36.756Z]  "GET /examples/app-interactions.js" "Mozilla/5.0 (X11; Linux x86_64) AppleWebKit/537.36 (KHTML, like Gecko) Cypress/15.8.1 Chrome/138.0.7204.251 Electron/37.6.0 Safari/537.36"
[2026-06-07T13:45:36.757Z]  "GET /examples/youtube-upload.js" "Mozilla/5.0 (X11; Linux x86_64) AppleWebKit/537.36 (KHTML, like Gecko) Cypress/15.8.1 Chrome/138.0.7204.251 Electron/37.6.0 Safari/537.36"
[2026-06-07T13:45:36.788Z]  "GET /examples/pipeline.js" "Mozilla/5.0 (X11; Linux x86_64) AppleWebKit/537.36 (KHTML, like Gecko) Cypress/15.8.1 Chrome/138.0.7204.251 Electron/37.6.0 Safari/537.36"
[2026-06-07T13:45:39.492Z]  "GET /examples/index.html" "Mozilla/5.0 (X11; Linux x86_64) AppleWebKit/537.36 (KHTML, like Gecko) Cypress/15.8.1 Chrome/138.0.7204.251 Electron/37.6.0 Safari/537.36"
[2026-06-07T13:45:39.519Z]  "GET /examples/styles.css" "Mozilla/5.0 (X11; Linux x86_64) AppleWebKit/537.36 (KHTML, like Gecko) Cypress/15.8.1 Chrome/138.0.7204.251 Electron/37.6.0 Safari/537.36"
[2026-06-07T13:45:39.520Z]  "GET /dist/audio-recorder-visualization.umd.js" "Mozilla/5.0 (X11; Linux x86_64) AppleWebKit/537.36 (KHTML, like Gecko) Cypress/15.8.1 Chrome/138.0.7204.251 Electron/37.6.0 Safari/537.36"
[2026-06-07T13:45:39.521Z]  "GET /examples/app-core.js" "Mozilla/5.0 (X11; Linux x86_64) AppleWebKit/537.36 (KHTML, like Gecko) Cypress/15.8.1 Chrome/138.0.7204.251 Electron/37.6.0 Safari/537.36"
[2026-06-07T13:45:39.522Z]  "GET /examples/app-features.js" "Mozilla/5.0 (X11; Linux x86_64) AppleWebKit/537.36 (KHTML, like Gecko) Cypress/15.8.1 Chrome/138.0.7204.251 Electron/37.6.0 Safari/537.36"
[2026-06-07T13:45:39.522Z]  "GET /examples/app-interactions.js" "Mozilla/5.0 (X11; Linux x86_64) AppleWebKit/537.36 (KHTML, like Gecko) Cypress/15.8.1 Chrome/138.0.7204.251 Electron/37.6.0 Safari/537.36"
[2026-06-07T13:45:39.523Z]  "GET /examples/youtube-upload.js" "Mozilla/5.0 (X11; Linux x86_64) AppleWebKit/537.36 (KHTML, like Gecko) Cypress/15.8.1 Chrome/138.0.7204.251 Electron/37.6.0 Safari/537.36"
[2026-06-07T13:45:39.544Z]  "GET /examples/pipeline.js" "Mozilla/5.0 (X11; Linux x86_64) AppleWebKit/537.36 (KHTML, like Gecko) Cypress/15.8.1 Chrome/138.0.7204.251 Electron/37.6.0 Safari/537.36"
[2026-06-07T13:45:42.981Z]  "GET /examples/index.html" "Mozilla/5.0 (X11; Linux x86_64) AppleWebKit/537.36 (KHTML, like Gecko) Cypress/15.8.1 Chrome/138.0.7204.251 Electron/37.6.0 Safari/537.36"
[2026-06-07T13:45:43.006Z]  "GET /examples/styles.css" "Mozilla/5.0 (X11; Linux x86_64) AppleWebKit/537.36 (KHTML, like Gecko) Cypress/15.8.1 Chrome/138.0.7204.251 Electron/37.6.0 Safari/537.36"
[2026-06-07T13:45:43.008Z]  "GET /dist/audio-recorder-visualization.umd.js" "Mozilla/5.0 (X11; Linux x86_64) AppleWebKit/537.36 (KHTML, like Gecko) Cypress/15.8.1 Chrome/138.0.7204.251 Electron/37.6.0 Safari/537.36"
[2026-06-07T13:45:43.010Z]  "GET /examples/app-core.js" "Mozilla/5.0 (X11; Linux x86_64) AppleWebKit/537.36 (KHTML, like Gecko) Cypress/15.8.1 Chrome/138.0.7204.251 Electron/37.6.0 Safari/537.36"
[2026-06-07T13:45:43.010Z]  "GET /examples/app-features.js" "Mozilla/5.0 (X11; Linux x86_64) AppleWebKit/537.36 (KHTML, like Gecko) Cypress/15.8.1 Chrome/138.0.7204.251 Electron/37.6.0 Safari/537.36"
[2026-06-07T13:45:43.011Z]  "GET /examples/app-interactions.js" "Mozilla/5.0 (X11; Linux x86_64) AppleWebKit/537.36 (KHTML, like Gecko) Cypress/15.8.1 Chrome/138.0.7204.251 Electron/37.6.0 Safari/537.36"
[2026-06-07T13:45:43.012Z]  "GET /examples/youtube-upload.js" "Mozilla/5.0 (X11; Linux x86_64) AppleWebKit/537.36 (KHTML, like Gecko) Cypress/15.8.1 Chrome/138.0.7204.251 Electron/37.6.0 Safari/537.36"
[2026-06-07T13:45:43.040Z]  "GET /examples/pipeline.js" "Mozilla/5.0 (X11; Linux x86_64) AppleWebKit/537.36 (KHTML, like Gecko) Cypress/15.8.1 Chrome/138.0.7204.251 Electron/37.6.0 Safari/537.36"
[2026-06-07T13:45:43.695Z]  "GET /examples/index.html" "Mozilla/5.0 (X11; Linux x86_64) AppleWebKit/537.36 (KHTML, like Gecko) Cypress/15.8.1 Chrome/138.0.7204.251 Electron/37.6.0 Safari/537.36"
[2026-06-07T13:45:43.723Z]  "GET /examples/styles.css" "Mozilla/5.0 (X11; Linux x86_64) AppleWebKit/537.36 (KHTML, like Gecko) Cypress/15.8.1 Chrome/138.0.7204.251 Electron/37.6.0 Safari/537.36"
[2026-06-07T13:45:43.725Z]  "GET /dist/audio-recorder-visualization.umd.js" "Mozilla/5.0 (X11; Linux x86_64) AppleWebKit/537.36 (KHTML, like Gecko) Cypress/15.8.1 Chrome/138.0.7204.251 Electron/37.6.0 Safari/537.36"
[2026-06-07T13:45:43.726Z]  "GET /examples/app-core.js" "Mozilla/5.0 (X11; Linux x86_64) AppleWebKit/537.36 (KHTML, like Gecko) Cypress/15.8.1 Chrome/138.0.7204.251 Electron/37.6.0 Safari/537.36"
[2026-06-07T13:45:43.727Z]  "GET /examples/app-features.js" "Mozilla/5.0 (X11; Linux x86_64) AppleWebKit/537.36 (KHTML, like Gecko) Cypress/15.8.1 Chrome/138.0.7204.251 Electron/37.6.0 Safari/537.36"
[2026-06-07T13:45:43.728Z]  "GET /examples/app-interactions.js" "Mozilla/5.0 (X11; Linux x86_64) AppleWebKit/537.36 (KHTML, like Gecko) Cypress/15.8.1 Chrome/138.0.7204.251 Electron/37.6.0 Safari/537.36"
[2026-06-07T13:45:43.729Z]  "GET /examples/youtube-upload.js" "Mozilla/5.0 (X11; Linux x86_64) AppleWebKit/537.36 (KHTML, like Gecko) Cypress/15.8.1 Chrome/138.0.7204.251 Electron/37.6.0 Safari/537.36"
[2026-06-07T13:45:43.751Z]  "GET /examples/pipeline.js" "Mozilla/5.0 (X11; Linux x86_64) AppleWebKit/537.36 (KHTML, like Gecko) Cypress/15.8.1 Chrome/138.0.7204.251 Electron/37.6.0 Safari/537.36"
[2026-06-07T13:45:44.377Z]  "GET /examples/index.html" "Mozilla/5.0 (X11; Linux x86_64) AppleWebKit/537.36 (KHTML, like Gecko) Cypress/15.8.1 Chrome/138.0.7204.251 Electron/37.6.0 Safari/537.36"
[2026-06-07T13:45:44.404Z]  "GET /examples/styles.css" "Mozilla/5.0 (X11; Linux x86_64) AppleWebKit/537.36 (KHTML, like Gecko) Cypress/15.8.1 Chrome/138.0.7204.251 Electron/37.6.0 Safari/537.36"
[2026-06-07T13:45:44.405Z]  "GET /dist/audio-recorder-visualization.umd.js" "Mozilla/5.0 (X11; Linux x86_64) AppleWebKit/537.36 (KHTML, like Gecko) Cypress/15.8.1 Chrome/138.0.7204.251 Electron/37.6.0 Safari/537.36"
[2026-06-07T13:45:44.406Z]  "GET /examples/app-core.js" "Mozilla/5.0 (X11; Linux x86_64) AppleWebKit/537.36 (KHTML, like Gecko) Cypress/15.8.1 Chrome/138.0.7204.251 Electron/37.6.0 Safari/537.36"
[2026-06-07T13:45:44.406Z]  "GET /examples/app-features.js" "Mozilla/5.0 (X11; Linux x86_64) AppleWebKit/537.36 (KHTML, like Gecko) Cypress/15.8.1 Chrome/138.0.7204.251 Electron/37.6.0 Safari/537.36"
[2026-06-07T13:45:44.407Z]  "GET /examples/app-interactions.js" "Mozilla/5.0 (X11; Linux x86_64) AppleWebKit/537.36 (KHTML, like Gecko) Cypress/15.8.1 Chrome/138.0.7204.251 Electron/37.6.0 Safari/537.36"
[2026-06-07T13:45:44.408Z]  "GET /examples/youtube-upload.js" "Mozilla/5.0 (X11; Linux x86_64) AppleWebKit/537.36 (KHTML, like Gecko) Cypress/15.8.1 Chrome/138.0.7204.251 Electron/37.6.0 Safari/537.36"
[2026-06-07T13:45:44.429Z]  "GET /examples/pipeline.js" "Mozilla/5.0 (X11; Linux x86_64) AppleWebKit/537.36 (KHTML, like Gecko) Cypress/15.8.1 Chrome/138.0.7204.251 Electron/37.6.0 Safari/537.36"
[2026-06-07T13:45:57.336Z]  "GET /examples/index.html" "Mozilla/5.0 (X11; Linux x86_64) AppleWebKit/537.36 (KHTML, like Gecko) Cypress/15.8.1 Chrome/138.0.7204.251 Electron/37.6.0 Safari/537.36"
[2026-06-07T13:45:57.395Z]  "GET /examples/styles.css" "Mozilla/5.0 (X11; Linux x86_64) AppleWebKit/537.36 (KHTML, like Gecko) Cypress/15.8.1 Chrome/138.0.7204.251 Electron/37.6.0 Safari/537.36"
[2026-06-07T13:45:57.399Z]  "GET /dist/audio-recorder-visualization.umd.js" "Mozilla/5.0 (X11; Linux x86_64) AppleWebKit/537.36 (KHTML, like Gecko) Cypress/15.8.1 Chrome/138.0.7204.251 Electron/37.6.0 Safari/537.36"
[2026-06-07T13:45:57.410Z]  "GET /examples/app-core.js" "Mozilla/5.0 (X11; Linux x86_64) AppleWebKit/537.36 (KHTML, like Gecko) Cypress/15.8.1 Chrome/138.0.7204.251 Electron/37.6.0 Safari/537.36"
[2026-06-07T13:45:57.415Z]  "GET /examples/app-interactions.js" "Mozilla/5.0 (X11; Linux x86_64) AppleWebKit/537.36 (KHTML, like Gecko) Cypress/15.8.1 Chrome/138.0.7204.251 Electron/37.6.0 Safari/537.36"
[2026-06-07T13:45:57.419Z]  "GET /examples/app-features.js" "Mozilla/5.0 (X11; Linux x86_64) AppleWebKit/537.36 (KHTML, like Gecko) Cypress/15.8.1 Chrome/138.0.7204.251 Electron/37.6.0 Safari/537.36"
[2026-06-07T13:45:57.420Z]  "GET /examples/pipeline.js" "Mozilla/5.0 (X11; Linux x86_64) AppleWebKit/537.36 (KHTML, like Gecko) Cypress/15.8.1 Chrome/138.0.7204.251 Electron/37.6.0 Safari/537.36"
[2026-06-07T13:45:57.429Z]  "GET /examples/youtube-upload.js" "Mozilla/5.0 (X11; Linux x86_64) AppleWebKit/537.36 (KHTML, like Gecko) Cypress/15.8.1 Chrome/138.0.7204.251 Electron/37.6.0 Safari/537.36"
[2026-06-07T13:46:03.051Z]  "GET /examples/index.html" "Mozilla/5.0 (X11; Linux x86_64) AppleWebKit/537.36 (KHTML, like Gecko) Cypress/15.8.1 Chrome/138.0.7204.251 Electron/37.6.0 Safari/537.36"
[2026-06-07T13:46:03.096Z]  "GET /examples/styles.css" "Mozilla/5.0 (X11; Linux x86_64) AppleWebKit/537.36 (KHTML, like Gecko) Cypress/15.8.1 Chrome/138.0.7204.251 Electron/37.6.0 Safari/537.36"
[2026-06-07T13:46:03.096Z]  "GET /dist/audio-recorder-visualization.umd.js" "Mozilla/5.0 (X11; Linux x86_64) AppleWebKit/537.36 (KHTML, like Gecko) Cypress/15.8.1 Chrome/138.0.7204.251 Electron/37.6.0 Safari/537.36"
[2026-06-07T13:46:03.098Z]  "GET /examples/app-core.js" "Mozilla/5.0 (X11; Linux x86_64) AppleWebKit/537.36 (KHTML, like Gecko) Cypress/15.8.1 Chrome/138.0.7204.251 Electron/37.6.0 Safari/537.36"
[2026-06-07T13:46:03.101Z]  "GET /examples/app-interactions.js" "Mozilla/5.0 (X11; Linux x86_64) AppleWebKit/537.36 (KHTML, like Gecko) Cypress/15.8.1 Chrome/138.0.7204.251 Electron/37.6.0 Safari/537.36"
[2026-06-07T13:46:03.102Z]  "GET /examples/youtube-upload.js" "Mozilla/5.0 (X11; Linux x86_64) AppleWebKit/537.36 (KHTML, like Gecko) Cypress/15.8.1 Chrome/138.0.7204.251 Electron/37.6.0 Safari/537.36"
[2026-06-07T13:46:03.118Z]  "GET /examples/app-features.js" "Mozilla/5.0 (X11; Linux x86_64) AppleWebKit/537.36 (KHTML, like Gecko) Cypress/15.8.1 Chrome/138.0.7204.251 Electron/37.6.0 Safari/537.36"
[2026-06-07T13:46:03.126Z]  "GET /examples/pipeline.js" "Mozilla/5.0 (X11; Linux x86_64) AppleWebKit/537.36 (KHTML, like Gecko) Cypress/15.8.1 Chrome/138.0.7204.251 Electron/37.6.0 Safari/537.36"
[2026-06-07T13:46:04.438Z]  "GET /examples/index.html" "Mozilla/5.0 (X11; Linux x86_64) AppleWebKit/537.36 (KHTML, like Gecko) Cypress/15.8.1 Chrome/138.0.7204.251 Electron/37.6.0 Safari/537.36"
[2026-06-07T13:46:04.469Z]  "GET /examples/styles.css" "Mozilla/5.0 (X11; Linux x86_64) AppleWebKit/537.36 (KHTML, like Gecko) Cypress/15.8.1 Chrome/138.0.7204.251 Electron/37.6.0 Safari/537.36"
[2026-06-07T13:46:04.470Z]  "GET /dist/audio-recorder-visualization.umd.js" "Mozilla/5.0 (X11; Linux x86_64) AppleWebKit/537.36 (KHTML, like Gecko) Cypress/15.8.1 Chrome/138.0.7204.251 Electron/37.6.0 Safari/537.36"
[2026-06-07T13:46:04.471Z]  "GET /examples/app-core.js" "Mozilla/5.0 (X11; Linux x86_64) AppleWebKit/537.36 (KHTML, like Gecko) Cypress/15.8.1 Chrome/138.0.7204.251 Electron/37.6.0 Safari/537.36"
[2026-06-07T13:46:04.472Z]  "GET /examples/app-features.js" "Mozilla/5.0 (X11; Linux x86_64) AppleWebKit/537.36 (KHTML, like Gecko) Cypress/15.8.1 Chrome/138.0.7204.251 Electron/37.6.0 Safari/537.36"
[2026-06-07T13:46:04.476Z]  "GET /examples/youtube-upload.js" "Mozilla/5.0 (X11; Linux x86_64) AppleWebKit/537.36 (KHTML, like Gecko) Cypress/15.8.1 Chrome/138.0.7204.251 Electron/37.6.0 Safari/537.36"
[2026-06-07T13:46:04.491Z]  "GET /examples/app-interactions.js" "Mozilla/5.0 (X11; Linux x86_64) AppleWebKit/537.36 (KHTML, like Gecko) Cypress/15.8.1 Chrome/138.0.7204.251 Electron/37.6.0 Safari/537.36"
[2026-06-07T13:46:04.508Z]  "GET /examples/pipeline.js" "Mozilla/5.0 (X11; Linux x86_64) AppleWebKit/537.36 (KHTML, like Gecko) Cypress/15.8.1 Chrome/138.0.7204.251 Electron/37.6.0 Safari/537.36"
[2026-06-07T13:46:05.502Z]  "GET /examples/index.html" "Mozilla/5.0 (X11; Linux x86_64) AppleWebKit/537.36 (KHTML, like Gecko) Cypress/15.8.1 Chrome/138.0.7204.251 Electron/37.6.0 Safari/537.36"
[2026-06-07T13:46:05.662Z]  "GET /examples/styles.css" "Mozilla/5.0 (X11; Linux x86_64) AppleWebKit/537.36 (KHTML, like Gecko) Cypress/15.8.1 Chrome/138.0.7204.251 Electron/37.6.0 Safari/537.36"
[2026-06-07T13:46:05.671Z]  "GET /dist/audio-recorder-visualization.umd.js" "Mozilla/5.0 (X11; Linux x86_64) AppleWebKit/537.36 (KHTML, like Gecko) Cypress/15.8.1 Chrome/138.0.7204.251 Electron/37.6.0 Safari/537.36"
[2026-06-07T13:46:05.706Z]  "GET /examples/app-core.js" "Mozilla/5.0 (X11; Linux x86_64) AppleWebKit/537.36 (KHTML, like Gecko) Cypress/15.8.1 Chrome/138.0.7204.251 Electron/37.6.0 Safari/537.36"
[2026-06-07T13:46:05.707Z]  "GET /examples/app-features.js" "Mozilla/5.0 (X11; Linux x86_64) AppleWebKit/537.36 (KHTML, like Gecko) Cypress/15.8.1 Chrome/138.0.7204.251 Electron/37.6.0 Safari/537.36"
[2026-06-07T13:46:05.713Z]  "GET /examples/app-interactions.js" "Mozilla/5.0 (X11; Linux x86_64) AppleWebKit/537.36 (KHTML, like Gecko) Cypress/15.8.1 Chrome/138.0.7204.251 Electron/37.6.0 Safari/537.36"
[2026-06-07T13:46:05.715Z]  "GET /examples/youtube-upload.js" "Mozilla/5.0 (X11; Linux x86_64) AppleWebKit/537.36 (KHTML, like Gecko) Cypress/15.8.1 Chrome/138.0.7204.251 Electron/37.6.0 Safari/537.36"
[2026-06-07T13:46:05.808Z]  "GET /examples/pipeline.js" "Mozilla/5.0 (X11; Linux x86_64) AppleWebKit/537.36 (KHTML, like Gecko) Cypress/15.8.1 Chrome/138.0.7204.251 Electron/37.6.0 Safari/537.36"
[2026-06-07T13:46:09.822Z]  "GET /examples/index.html" "Mozilla/5.0 (X11; Linux x86_64) AppleWebKit/537.36 (KHTML, like Gecko) Cypress/15.8.1 Chrome/138.0.7204.251 Electron/37.6.0 Safari/537.36"
[2026-06-07T13:46:10.061Z]  "GET /examples/styles.css" "Mozilla/5.0 (X11; Linux x86_64) AppleWebKit/537.36 (KHTML, like Gecko) Cypress/15.8.1 Chrome/138.0.7204.251 Electron/37.6.0 Safari/537.36"
[2026-06-07T13:46:10.088Z]  "GET /dist/audio-recorder-visualization.umd.js" "Mozilla/5.0 (X11; Linux x86_64) AppleWebKit/537.36 (KHTML, like Gecko) Cypress/15.8.1 Chrome/138.0.7204.251 Electron/37.6.0 Safari/537.36"
[2026-06-07T13:46:10.110Z]  "GET /examples/app-core.js" "Mozilla/5.0 (X11; Linux x86_64) AppleWebKit/537.36 (KHTML, like Gecko) Cypress/15.8.1 Chrome/138.0.7204.251 Electron/37.6.0 Safari/537.36"
[2026-06-07T13:46:10.186Z]  "GET /examples/app-features.js" "Mozilla/5.0 (X11; Linux x86_64) AppleWebKit/537.36 (KHTML, like Gecko) Cypress/15.8.1 Chrome/138.0.7204.251 Electron/37.6.0 Safari/537.36"
[2026-06-07T13:46:10.198Z]  "GET /examples/app-interactions.js" "Mozilla/5.0 (X11; Linux x86_64) AppleWebKit/537.36 (KHTML, like Gecko) Cypress/15.8.1 Chrome/138.0.7204.251 Electron/37.6.0 Safari/537.36"
[2026-06-07T13:46:10.209Z]  "GET /examples/youtube-upload.js" "Mozilla/5.0 (X11; Linux x86_64) AppleWebKit/537.36 (KHTML, like Gecko) Cypress/15.8.1 Chrome/138.0.7204.251 Electron/37.6.0 Safari/537.36"
[2026-06-07T13:46:10.333Z]  "GET /examples/pipeline.js" "Mozilla/5.0 (X11; Linux x86_64) AppleWebKit/537.36 (KHTML, like Gecko) Cypress/15.8.1 Chrome/138.0.7204.251 Electron/37.6.0 Safari/537.36"
[2026-06-07T13:46:11.387Z]  "GET /examples/index.html" "Mozilla/5.0 (X11; Linux x86_64) AppleWebKit/537.36 (KHTML, like Gecko) Cypress/15.8.1 Chrome/138.0.7204.251 Electron/37.6.0 Safari/537.36"
[2026-06-07T13:46:11.490Z]  "GET /examples/styles.css" "Mozilla/5.0 (X11; Linux x86_64) AppleWebKit/537.36 (KHTML, like Gecko) Cypress/15.8.1 Chrome/138.0.7204.251 Electron/37.6.0 Safari/537.36"
[2026-06-07T13:46:11.500Z]  "GET /dist/audio-recorder-visualization.umd.js" "Mozilla/5.0 (X11; Linux x86_64) AppleWebKit/537.36 (KHTML, like Gecko) Cypress/15.8.1 Chrome/138.0.7204.251 Electron/37.6.0 Safari/537.36"
[2026-06-07T13:46:11.500Z]  "GET /examples/app-core.js" "Mozilla/5.0 (X11; Linux x86_64) AppleWebKit/537.36 (KHTML, like Gecko) Cypress/15.8.1 Chrome/138.0.7204.251 Electron/37.6.0 Safari/537.36"
[2026-06-07T13:46:11.527Z]  "GET /examples/app-features.js" "Mozilla/5.0 (X11; Linux x86_64) AppleWebKit/537.36 (KHTML, like Gecko) Cypress/15.8.1 Chrome/138.0.7204.251 Electron/37.6.0 Safari/537.36"
[2026-06-07T13:46:11.581Z]  "GET /examples/app-interactions.js" "Mozilla/5.0 (X11; Linux x86_64) AppleWebKit/537.36 (KHTML, like Gecko) Cypress/15.8.1 Chrome/138.0.7204.251 Electron/37.6.0 Safari/537.36"
[2026-06-07T13:46:11.582Z]  "GET /examples/youtube-upload.js" "Mozilla/5.0 (X11; Linux x86_64) AppleWebKit/537.36 (KHTML, like Gecko) Cypress/15.8.1 Chrome/138.0.7204.251 Electron/37.6.0 Safari/537.36"
[2026-06-07T13:46:11.625Z]  "GET /examples/pipeline.js" "Mozilla/5.0 (X11; Linux x86_64) AppleWebKit/537.36 (KHTML, like Gecko) Cypress/15.8.1 Chrome/138.0.7204.251 Electron/37.6.0 Safari/537.36"
[2026-06-07T13:46:13.529Z]  "GET /examples/index.html" "Mozilla/5.0 (X11; Linux x86_64) AppleWebKit/537.36 (KHTML, like Gecko) Cypress/15.8.1 Chrome/138.0.7204.251 Electron/37.6.0 Safari/537.36"
[2026-06-07T13:46:13.672Z]  "GET /examples/styles.css" "Mozilla/5.0 (X11; Linux x86_64) AppleWebKit/537.36 (KHTML, like Gecko) Cypress/15.8.1 Chrome/138.0.7204.251 Electron/37.6.0 Safari/537.36"
[2026-06-07T13:46:13.684Z]  "GET /dist/audio-recorder-visualization.umd.js" "Mozilla/5.0 (X11; Linux x86_64) AppleWebKit/537.36 (KHTML, like Gecko) Cypress/15.8.1 Chrome/138.0.7204.251 Electron/37.6.0 Safari/537.36"
[2026-06-07T13:46:13.688Z]  "GET /examples/app-core.js" "Mozilla/5.0 (X11; Linux x86_64) AppleWebKit/537.36 (KHTML, like Gecko) Cypress/15.8.1 Chrome/138.0.7204.251 Electron/37.6.0 Safari/537.36"
[2026-06-07T13:46:13.693Z]  "GET /examples/app-features.js" "Mozilla/5.0 (X11; Linux x86_64) AppleWebKit/537.36 (KHTML, like Gecko) Cypress/15.8.1 Chrome/138.0.7204.251 Electron/37.6.0 Safari/537.36"
[2026-06-07T13:46:13.751Z]  "GET /examples/app-interactions.js" "Mozilla/5.0 (X11; Linux x86_64) AppleWebKit/537.36 (KHTML, like Gecko) Cypress/15.8.1 Chrome/138.0.7204.251 Electron/37.6.0 Safari/537.36"
[2026-06-07T13:46:13.751Z]  "GET /examples/youtube-upload.js" "Mozilla/5.0 (X11; Linux x86_64) AppleWebKit/537.36 (KHTML, like Gecko) Cypress/15.8.1 Chrome/138.0.7204.251 Electron/37.6.0 Safari/537.36"
[2026-06-07T13:46:13.798Z]  "GET /examples/pipeline.js" "Mozilla/5.0 (X11; Linux x86_64) AppleWebKit/537.36 (KHTML, like Gecko) Cypress/15.8.1 Chrome/138.0.7204.251 Electron/37.6.0 Safari/537.36"
[2026-06-07T13:46:15.214Z]  "GET /examples/index.html" "Mozilla/5.0 (X11; Linux x86_64) AppleWebKit/537.36 (KHTML, like Gecko) Cypress/15.8.1 Chrome/138.0.7204.251 Electron/37.6.0 Safari/537.36"
[2026-06-07T13:46:15.304Z]  "GET /examples/styles.css" "Mozilla/5.0 (X11; Linux x86_64) AppleWebKit/537.36 (KHTML, like Gecko) Cypress/15.8.1 Chrome/138.0.7204.251 Electron/37.6.0 Safari/537.36"
[2026-06-07T13:46:15.314Z]  "GET /dist/audio-recorder-visualization.umd.js" "Mozilla/5.0 (X11; Linux x86_64) AppleWebKit/537.36 (KHTML, like Gecko) Cypress/15.8.1 Chrome/138.0.7204.251 Electron/37.6.0 Safari/537.36"
[2026-06-07T13:46:15.315Z]  "GET /examples/app-core.js" "Mozilla/5.0 (X11; Linux x86_64) AppleWebKit/537.36 (KHTML, like Gecko) Cypress/15.8.1 Chrome/138.0.7204.251 Electron/37.6.0 Safari/537.36"
[2026-06-07T13:46:15.323Z]  "GET /examples/app-features.js" "Mozilla/5.0 (X11; Linux x86_64) AppleWebKit/537.36 (KHTML, like Gecko) Cypress/15.8.1 Chrome/138.0.7204.251 Electron/37.6.0 Safari/537.36"
[2026-06-07T13:46:15.333Z]  "GET /examples/app-interactions.js" "Mozilla/5.0 (X11; Linux x86_64) AppleWebKit/537.36 (KHTML, like Gecko) Cypress/15.8.1 Chrome/138.0.7204.251 Electron/37.6.0 Safari/537.36"
[2026-06-07T13:46:15.334Z]  "GET /examples/youtube-upload.js" "Mozilla/5.0 (X11; Linux x86_64) AppleWebKit/537.36 (KHTML, like Gecko) Cypress/15.8.1 Chrome/138.0.7204.251 Electron/37.6.0 Safari/537.36"
[2026-06-07T13:46:15.375Z]  "GET /examples/pipeline.js" "Mozilla/5.0 (X11; Linux x86_64) AppleWebKit/537.36 (KHTML, like Gecko) Cypress/15.8.1 Chrome/138.0.7204.251 Electron/37.6.0 Safari/537.36"
[2026-06-07T13:46:16.518Z]  "GET /examples/index.html" "Mozilla/5.0 (X11; Linux x86_64) AppleWebKit/537.36 (KHTML, like Gecko) Cypress/15.8.1 Chrome/138.0.7204.251 Electron/37.6.0 Safari/537.36"
[2026-06-07T13:46:16.626Z]  "GET /examples/styles.css" "Mozilla/5.0 (X11; Linux x86_64) AppleWebKit/537.36 (KHTML, like Gecko) Cypress/15.8.1 Chrome/138.0.7204.251 Electron/37.6.0 Safari/537.36"
[2026-06-07T13:46:16.643Z]  "GET /dist/audio-recorder-visualization.umd.js" "Mozilla/5.0 (X11; Linux x86_64) AppleWebKit/537.36 (KHTML, like Gecko) Cypress/15.8.1 Chrome/138.0.7204.251 Electron/37.6.0 Safari/537.36"
[2026-06-07T13:46:16.681Z]  "GET /examples/app-core.js" "Mozilla/5.0 (X11; Linux x86_64) AppleWebKit/537.36 (KHTML, like Gecko) Cypress/15.8.1 Chrome/138.0.7204.251 Electron/37.6.0 Safari/537.36"
[2026-06-07T13:46:16.681Z]  "GET /examples/app-features.js" "Mozilla/5.0 (X11; Linux x86_64) AppleWebKit/537.36 (KHTML, like Gecko) Cypress/15.8.1 Chrome/138.0.7204.251 Electron/37.6.0 Safari/537.36"
[2026-06-07T13:46:16.682Z]  "GET /examples/app-interactions.js" "Mozilla/5.0 (X11; Linux x86_64) AppleWebKit/537.36 (KHTML, like Gecko) Cypress/15.8.1 Chrome/138.0.7204.251 Electron/37.6.0 Safari/537.36"
[2026-06-07T13:46:16.688Z]  "GET /examples/youtube-upload.js" "Mozilla/5.0 (X11; Linux x86_64) AppleWebKit/537.36 (KHTML, like Gecko) Cypress/15.8.1 Chrome/138.0.7204.251 Electron/37.6.0 Safari/537.36"
[2026-06-07T13:46:16.702Z]  "GET /examples/pipeline.js" "Mozilla/5.0 (X11; Linux x86_64) AppleWebKit/537.36 (KHTML, like Gecko) Cypress/15.8.1 Chrome/138.0.7204.251 Electron/37.6.0 Safari/537.36"
[2026-06-07T13:46:17.629Z]  "GET /examples/index.html" "Mozilla/5.0 (X11; Linux x86_64) AppleWebKit/537.36 (KHTML, like Gecko) Cypress/15.8.1 Chrome/138.0.7204.251 Electron/37.6.0 Safari/537.36"
[2026-06-07T13:46:17.725Z]  "GET /examples/styles.css" "Mozilla/5.0 (X11; Linux x86_64) AppleWebKit/537.36 (KHTML, like Gecko) Cypress/15.8.1 Chrome/138.0.7204.251 Electron/37.6.0 Safari/537.36"
[2026-06-07T13:46:17.729Z]  "GET /dist/audio-recorder-visualization.umd.js" "Mozilla/5.0 (X11; Linux x86_64) AppleWebKit/537.36 (KHTML, like Gecko) Cypress/15.8.1 Chrome/138.0.7204.251 Electron/37.6.0 Safari/537.36"
[2026-06-07T13:46:17.729Z]  "GET /examples/app-core.js" "Mozilla/5.0 (X11; Linux x86_64) AppleWebKit/537.36 (KHTML, like Gecko) Cypress/15.8.1 Chrome/138.0.7204.251 Electron/37.6.0 Safari/537.36"
[2026-06-07T13:46:17.741Z]  "GET /examples/app-features.js" "Mozilla/5.0 (X11; Linux x86_64) AppleWebKit/537.36 (KHTML, like Gecko) Cypress/15.8.1 Chrome/138.0.7204.251 Electron/37.6.0 Safari/537.36"
[2026-06-07T13:46:17.768Z]  "GET /examples/app-interactions.js" "Mozilla/5.0 (X11; Linux x86_64) AppleWebKit/537.36 (KHTML, like Gecko) Cypress/15.8.1 Chrome/138.0.7204.251 Electron/37.6.0 Safari/537.36"
[2026-06-07T13:46:17.772Z]  "GET /examples/youtube-upload.js" "Mozilla/5.0 (X11; Linux x86_64) AppleWebKit/537.36 (KHTML, like Gecko) Cypress/15.8.1 Chrome/138.0.7204.251 Electron/37.6.0 Safari/537.36"
[2026-06-07T13:46:17.817Z]  "GET /examples/pipeline.js" "Mozilla/5.0 (X11; Linux x86_64) AppleWebKit/537.36 (KHTML, like Gecko) Cypress/15.8.1 Chrome/138.0.7204.251 Electron/37.6.0 Safari/537.36"
[2026-06-07T13:46:18.669Z]  "GET /examples/index.html" "Mozilla/5.0 (X11; Linux x86_64) AppleWebKit/537.36 (KHTML, like Gecko) Cypress/15.8.1 Chrome/138.0.7204.251 Electron/37.6.0 Safari/537.36"
[2026-06-07T13:46:18.710Z]  "GET /examples/styles.css" "Mozilla/5.0 (X11; Linux x86_64) AppleWebKit/537.36 (KHTML, like Gecko) Cypress/15.8.1 Chrome/138.0.7204.251 Electron/37.6.0 Safari/537.36"
[2026-06-07T13:46:18.718Z]  "GET /dist/audio-recorder-visualization.umd.js" "Mozilla/5.0 (X11; Linux x86_64) AppleWebKit/537.36 (KHTML, like Gecko) Cypress/15.8.1 Chrome/138.0.7204.251 Electron/37.6.0 Safari/537.36"
[2026-06-07T13:46:18.719Z]  "GET /examples/app-core.js" "Mozilla/5.0 (X11; Linux x86_64) AppleWebKit/537.36 (KHTML, like Gecko) Cypress/15.8.1 Chrome/138.0.7204.251 Electron/37.6.0 Safari/537.36"
[2026-06-07T13:46:18.719Z]  "GET /examples/app-features.js" "Mozilla/5.0 (X11; Linux x86_64) AppleWebKit/537.36 (KHTML, like Gecko) Cypress/15.8.1 Chrome/138.0.7204.251 Electron/37.6.0 Safari/537.36"
[2026-06-07T13:46:18.720Z]  "GET /examples/app-interactions.js" "Mozilla/5.0 (X11; Linux x86_64) AppleWebKit/537.36 (KHTML, like Gecko) Cypress/15.8.1 Chrome/138.0.7204.251 Electron/37.6.0 Safari/537.36"
[2026-06-07T13:46:18.723Z]  "GET /examples/youtube-upload.js" "Mozilla/5.0 (X11; Linux x86_64) AppleWebKit/537.36 (KHTML, like Gecko) Cypress/15.8.1 Chrome/138.0.7204.251 Electron/37.6.0 Safari/537.36"
[2026-06-07T13:46:18.744Z]  "GET /examples/pipeline.js" "Mozilla/5.0 (X11; Linux x86_64) AppleWebKit/537.36 (KHTML, like Gecko) Cypress/15.8.1 Chrome/138.0.7204.251 Electron/37.6.0 Safari/537.36"
[2026-06-07T13:46:19.942Z]  "GET /examples/index.html" "Mozilla/5.0 (X11; Linux x86_64) AppleWebKit/537.36 (KHTML, like Gecko) Cypress/15.8.1 Chrome/138.0.7204.251 Electron/37.6.0 Safari/537.36"
[2026-06-07T13:46:20.027Z]  "GET /examples/styles.css" "Mozilla/5.0 (X11; Linux x86_64) AppleWebKit/537.36 (KHTML, like Gecko) Cypress/15.8.1 Chrome/138.0.7204.251 Electron/37.6.0 Safari/537.36"
[2026-06-07T13:46:20.028Z]  "GET /dist/audio-recorder-visualization.umd.js" "Mozilla/5.0 (X11; Linux x86_64) AppleWebKit/537.36 (KHTML, like Gecko) Cypress/15.8.1 Chrome/138.0.7204.251 Electron/37.6.0 Safari/537.36"
[2026-06-07T13:46:20.030Z]  "GET /examples/app-core.js" "Mozilla/5.0 (X11; Linux x86_64) AppleWebKit/537.36 (KHTML, like Gecko) Cypress/15.8.1 Chrome/138.0.7204.251 Electron/37.6.0 Safari/537.36"
[2026-06-07T13:46:20.030Z]  "GET /examples/app-features.js" "Mozilla/5.0 (X11; Linux x86_64) AppleWebKit/537.36 (KHTML, like Gecko) Cypress/15.8.1 Chrome/138.0.7204.251 Electron/37.6.0 Safari/537.36"
[2026-06-07T13:46:20.033Z]  "GET /examples/app-interactions.js" "Mozilla/5.0 (X11; Linux x86_64) AppleWebKit/537.36 (KHTML, like Gecko) Cypress/15.8.1 Chrome/138.0.7204.251 Electron/37.6.0 Safari/537.36"
[2026-06-07T13:46:20.056Z]  "GET /examples/youtube-upload.js" "Mozilla/5.0 (X11; Linux x86_64) AppleWebKit/537.36 (KHTML, like Gecko) Cypress/15.8.1 Chrome/138.0.7204.251 Electron/37.6.0 Safari/537.36"
[2026-06-07T13:46:20.073Z]  "GET /examples/pipeline.js" "Mozilla/5.0 (X11; Linux x86_64) AppleWebKit/537.36 (KHTML, like Gecko) Cypress/15.8.1 Chrome/138.0.7204.251 Electron/37.6.0 Safari/537.36"
[2026-06-07T13:46:21.443Z]  "GET /examples/index.html" "Mozilla/5.0 (X11; Linux x86_64) AppleWebKit/537.36 (KHTML, like Gecko) Cypress/15.8.1 Chrome/138.0.7204.251 Electron/37.6.0 Safari/537.36"
[2026-06-07T13:46:21.483Z]  "GET /examples/styles.css" "Mozilla/5.0 (X11; Linux x86_64) AppleWebKit/537.36 (KHTML, like Gecko) Cypress/15.8.1 Chrome/138.0.7204.251 Electron/37.6.0 Safari/537.36"
[2026-06-07T13:46:21.486Z]  "GET /dist/audio-recorder-visualization.umd.js" "Mozilla/5.0 (X11; Linux x86_64) AppleWebKit/537.36 (KHTML, like Gecko) Cypress/15.8.1 Chrome/138.0.7204.251 Electron/37.6.0 Safari/537.36"
[2026-06-07T13:46:21.487Z]  "GET /examples/app-core.js" "Mozilla/5.0 (X11; Linux x86_64) AppleWebKit/537.36 (KHTML, like Gecko) Cypress/15.8.1 Chrome/138.0.7204.251 Electron/37.6.0 Safari/537.36"
[2026-06-07T13:46:21.492Z]  "GET /examples/app-features.js" "Mozilla/5.0 (X11; Linux x86_64) AppleWebKit/537.36 (KHTML, like Gecko) Cypress/15.8.1 Chrome/138.0.7204.251 Electron/37.6.0 Safari/537.36"
[2026-06-07T13:46:21.503Z]  "GET /examples/app-interactions.js" "Mozilla/5.0 (X11; Linux x86_64) AppleWebKit/537.36 (KHTML, like Gecko) Cypress/15.8.1 Chrome/138.0.7204.251 Electron/37.6.0 Safari/537.36"
[2026-06-07T13:46:21.505Z]  "GET /examples/youtube-upload.js" "Mozilla/5.0 (X11; Linux x86_64) AppleWebKit/537.36 (KHTML, like Gecko) Cypress/15.8.1 Chrome/138.0.7204.251 Electron/37.6.0 Safari/537.36"
[2026-06-07T13:46:21.524Z]  "GET /examples/pipeline.js" "Mozilla/5.0 (X11; Linux x86_64) AppleWebKit/537.36 (KHTML, like Gecko) Cypress/15.8.1 Chrome/138.0.7204.251 Electron/37.6.0 Safari/537.36"
[2026-06-07T13:46:22.276Z]  "GET /examples/index.html" "Mozilla/5.0 (X11; Linux x86_64) AppleWebKit/537.36 (KHTML, like Gecko) Cypress/15.8.1 Chrome/138.0.7204.251 Electron/37.6.0 Safari/537.36"
[2026-06-07T13:46:22.338Z]  "GET /examples/styles.css" "Mozilla/5.0 (X11; Linux x86_64) AppleWebKit/537.36 (KHTML, like Gecko) Cypress/15.8.1 Chrome/138.0.7204.251 Electron/37.6.0 Safari/537.36"
[2026-06-07T13:46:22.342Z]  "GET /dist/audio-recorder-visualization.umd.js" "Mozilla/5.0 (X11; Linux x86_64) AppleWebKit/537.36 (KHTML, like Gecko) Cypress/15.8.1 Chrome/138.0.7204.251 Electron/37.6.0 Safari/537.36"
[2026-06-07T13:46:22.346Z]  "GET /examples/app-core.js" "Mozilla/5.0 (X11; Linux x86_64) AppleWebKit/537.36 (KHTML, like Gecko) Cypress/15.8.1 Chrome/138.0.7204.251 Electron/37.6.0 Safari/537.36"
[2026-06-07T13:46:22.347Z]  "GET /examples/app-features.js" "Mozilla/5.0 (X11; Linux x86_64) AppleWebKit/537.36 (KHTML, like Gecko) Cypress/15.8.1 Chrome/138.0.7204.251 Electron/37.6.0 Safari/537.36"
[2026-06-07T13:46:22.350Z]  "GET /examples/app-interactions.js" "Mozilla/5.0 (X11; Linux x86_64) AppleWebKit/537.36 (KHTML, like Gecko) Cypress/15.8.1 Chrome/138.0.7204.251 Electron/37.6.0 Safari/537.36"
[2026-06-07T13:46:22.351Z]  "GET /examples/youtube-upload.js" "Mozilla/5.0 (X11; Linux x86_64) AppleWebKit/537.36 (KHTML, like Gecko) Cypress/15.8.1 Chrome/138.0.7204.251 Electron/37.6.0 Safari/537.36"
[2026-06-07T13:46:22.393Z]  "GET /examples/pipeline.js" "Mozilla/5.0 (X11; Linux x86_64) AppleWebKit/537.36 (KHTML, like Gecko) Cypress/15.8.1 Chrome/138.0.7204.251 Electron/37.6.0 Safari/537.36"
[2026-06-07T13:46:22.453Z]  "GET /examples/index.html" "Mozilla/5.0 (X11; Linux x86_64) AppleWebKit/537.36 (KHTML, like Gecko) Cypress/15.8.1 Chrome/138.0.7204.251 Electron/37.6.0 Safari/537.36"
[2026-06-07T13:46:22.556Z]  "GET /examples/styles.css" "Mozilla/5.0 (X11; Linux x86_64) AppleWebKit/537.36 (KHTML, like Gecko) Cypress/15.8.1 Chrome/138.0.7204.251 Electron/37.6.0 Safari/537.36"
[2026-06-07T13:46:22.561Z]  "GET /dist/audio-recorder-visualization.umd.js" "Mozilla/5.0 (X11; Linux x86_64) AppleWebKit/537.36 (KHTML, like Gecko) Cypress/15.8.1 Chrome/138.0.7204.251 Electron/37.6.0 Safari/537.36"
[2026-06-07T13:46:22.589Z]  "GET /examples/app-core.js" "Mozilla/5.0 (X11; Linux x86_64) AppleWebKit/537.36 (KHTML, like Gecko) Cypress/15.8.1 Chrome/138.0.7204.251 Electron/37.6.0 Safari/537.36"
[2026-06-07T13:46:22.592Z]  "GET /examples/app-features.js" "Mozilla/5.0 (X11; Linux x86_64) AppleWebKit/537.36 (KHTML, like Gecko) Cypress/15.8.1 Chrome/138.0.7204.251 Electron/37.6.0 Safari/537.36"
[2026-06-07T13:46:22.592Z]  "GET /examples/app-interactions.js" "Mozilla/5.0 (X11; Linux x86_64) AppleWebKit/537.36 (KHTML, like Gecko) Cypress/15.8.1 Chrome/138.0.7204.251 Electron/37.6.0 Safari/537.36"
[2026-06-07T13:46:22.594Z]  "GET /examples/youtube-upload.js" "Mozilla/5.0 (X11; Linux x86_64) AppleWebKit/537.36 (KHTML, like Gecko) Cypress/15.8.1 Chrome/138.0.7204.251 Electron/37.6.0 Safari/537.36"
[2026-06-07T13:46:22.618Z]  "GET /examples/pipeline.js" "Mozilla/5.0 (X11; Linux x86_64) AppleWebKit/537.36 (KHTML, like Gecko) Cypress/15.8.1 Chrome/138.0.7204.251 Electron/37.6.0 Safari/537.36"
[2026-06-07T13:46:25.235Z]  "GET /examples/index.html" "Mozilla/5.0 (X11; Linux x86_64) AppleWebKit/537.36 (KHTML, like Gecko) Cypress/15.8.1 Chrome/138.0.7204.251 Electron/37.6.0 Safari/537.36"
[2026-06-07T13:46:25.274Z]  "GET /examples/styles.css" "Mozilla/5.0 (X11; Linux x86_64) AppleWebKit/537.36 (KHTML, like Gecko) Cypress/15.8.1 Chrome/138.0.7204.251 Electron/37.6.0 Safari/537.36"
[2026-06-07T13:46:25.275Z]  "GET /dist/audio-recorder-visualization.umd.js" "Mozilla/5.0 (X11; Linux x86_64) AppleWebKit/537.36 (KHTML, like Gecko) Cypress/15.8.1 Chrome/138.0.7204.251 Electron/37.6.0 Safari/537.36"
[2026-06-07T13:46:25.276Z]  "GET /examples/app-core.js" "Mozilla/5.0 (X11; Linux x86_64) AppleWebKit/537.36 (KHTML, like Gecko) Cypress/15.8.1 Chrome/138.0.7204.251 Electron/37.6.0 Safari/537.36"
[2026-06-07T13:46:25.291Z]  "GET /examples/app-features.js" "Mozilla/5.0 (X11; Linux x86_64) AppleWebKit/537.36 (KHTML, like Gecko) Cypress/15.8.1 Chrome/138.0.7204.251 Electron/37.6.0 Safari/537.36"
[2026-06-07T13:46:25.301Z]  "GET /examples/app-interactions.js" "Mozilla/5.0 (X11; Linux x86_64) AppleWebKit/537.36 (KHTML, like Gecko) Cypress/15.8.1 Chrome/138.0.7204.251 Electron/37.6.0 Safari/537.36"
[2026-06-07T13:46:25.302Z]  "GET /examples/youtube-upload.js" "Mozilla/5.0 (X11; Linux x86_64) AppleWebKit/537.36 (KHTML, like Gecko) Cypress/15.8.1 Chrome/138.0.7204.251 Electron/37.6.0 Safari/537.36"
[2026-06-07T13:46:25.318Z]  "GET /examples/pipeline.js" "Mozilla/5.0 (X11; Linux x86_64) AppleWebKit/537.36 (KHTML, like Gecko) Cypress/15.8.1 Chrome/138.0.7204.251 Electron/37.6.0 Safari/537.36"
[2026-06-07T13:46:26.134Z]  "GET /examples/index.html" "Mozilla/5.0 (X11; Linux x86_64) AppleWebKit/537.36 (KHTML, like Gecko) Cypress/15.8.1 Chrome/138.0.7204.251 Electron/37.6.0 Safari/537.36"
[2026-06-07T13:46:26.160Z]  "GET /examples/styles.css" "Mozilla/5.0 (X11; Linux x86_64) AppleWebKit/537.36 (KHTML, like Gecko) Cypress/15.8.1 Chrome/138.0.7204.251 Electron/37.6.0 Safari/537.36"
[2026-06-07T13:46:26.161Z]  "GET /dist/audio-recorder-visualization.umd.js" "Mozilla/5.0 (X11; Linux x86_64) AppleWebKit/537.36 (KHTML, like Gecko) Cypress/15.8.1 Chrome/138.0.7204.251 Electron/37.6.0 Safari/537.36"
[2026-06-07T13:46:26.163Z]  "GET /examples/app-core.js" "Mozilla/5.0 (X11; Linux x86_64) AppleWebKit/537.36 (KHTML, like Gecko) Cypress/15.8.1 Chrome/138.0.7204.251 Electron/37.6.0 Safari/537.36"
[2026-06-07T13:46:26.164Z]  "GET /examples/app-features.js" "Mozilla/5.0 (X11; Linux x86_64) AppleWebKit/537.36 (KHTML, like Gecko) Cypress/15.8.1 Chrome/138.0.7204.251 Electron/37.6.0 Safari/537.36"
[2026-06-07T13:46:26.164Z]  "GET /examples/app-interactions.js" "Mozilla/5.0 (X11; Linux x86_64) AppleWebKit/537.36 (KHTML, like Gecko) Cypress/15.8.1 Chrome/138.0.7204.251 Electron/37.6.0 Safari/537.36"
[2026-06-07T13:46:26.184Z]  "GET /examples/youtube-upload.js" "Mozilla/5.0 (X11; Linux x86_64) AppleWebKit/537.36 (KHTML, like Gecko) Cypress/15.8.1 Chrome/138.0.7204.251 Electron/37.6.0 Safari/537.36"
[2026-06-07T13:46:26.195Z]  "GET /examples/pipeline.js" "Mozilla/5.0 (X11; Linux x86_64) AppleWebKit/537.36 (KHTML, like Gecko) Cypress/15.8.1 Chrome/138.0.7204.251 Electron/37.6.0 Safari/537.36"
[2026-06-07T13:46:26.997Z]  "GET /examples/index.html" "Mozilla/5.0 (X11; Linux x86_64) AppleWebKit/537.36 (KHTML, like Gecko) Cypress/15.8.1 Chrome/138.0.7204.251 Electron/37.6.0 Safari/537.36"
[2026-06-07T13:46:27.025Z]  "GET /examples/styles.css" "Mozilla/5.0 (X11; Linux x86_64) AppleWebKit/537.36 (KHTML, like Gecko) Cypress/15.8.1 Chrome/138.0.7204.251 Electron/37.6.0 Safari/537.36"
[2026-06-07T13:46:27.028Z]  "GET /dist/audio-recorder-visualization.umd.js" "Mozilla/5.0 (X11; Linux x86_64) AppleWebKit/537.36 (KHTML, like Gecko) Cypress/15.8.1 Chrome/138.0.7204.251 Electron/37.6.0 Safari/537.36"
[2026-06-07T13:46:27.029Z]  "GET /examples/app-core.js" "Mozilla/5.0 (X11; Linux x86_64) AppleWebKit/537.36 (KHTML, like Gecko) Cypress/15.8.1 Chrome/138.0.7204.251 Electron/37.6.0 Safari/537.36"
[2026-06-07T13:46:27.033Z]  "GET /examples/app-features.js" "Mozilla/5.0 (X11; Linux x86_64) AppleWebKit/537.36 (KHTML, like Gecko) Cypress/15.8.1 Chrome/138.0.7204.251 Electron/37.6.0 Safari/537.36"
[2026-06-07T13:46:27.036Z]  "GET /examples/app-interactions.js" "Mozilla/5.0 (X11; Linux x86_64) AppleWebKit/537.36 (KHTML, like Gecko) Cypress/15.8.1 Chrome/138.0.7204.251 Electron/37.6.0 Safari/537.36"
[2026-06-07T13:46:27.036Z]  "GET /examples/youtube-upload.js" "Mozilla/5.0 (X11; Linux x86_64) AppleWebKit/537.36 (KHTML, like Gecko) Cypress/15.8.1 Chrome/138.0.7204.251 Electron/37.6.0 Safari/537.36"
[2026-06-07T13:46:27.058Z]  "GET /examples/pipeline.js" "Mozilla/5.0 (X11; Linux x86_64) AppleWebKit/537.36 (KHTML, like Gecko) Cypress/15.8.1 Chrome/138.0.7204.251 Electron/37.6.0 Safari/537.36"
[2026-06-07T13:46:27.796Z]  "GET /examples/index.html" "Mozilla/5.0 (X11; Linux x86_64) AppleWebKit/537.36 (KHTML, like Gecko) Cypress/15.8.1 Chrome/138.0.7204.251 Electron/37.6.0 Safari/537.36"
[2026-06-07T13:46:27.821Z]  "GET /examples/styles.css" "Mozilla/5.0 (X11; Linux x86_64) AppleWebKit/537.36 (KHTML, like Gecko) Cypress/15.8.1 Chrome/138.0.7204.251 Electron/37.6.0 Safari/537.36"
[2026-06-07T13:46:27.822Z]  "GET /dist/audio-recorder-visualization.umd.js" "Mozilla/5.0 (X11; Linux x86_64) AppleWebKit/537.36 (KHTML, like Gecko) Cypress/15.8.1 Chrome/138.0.7204.251 Electron/37.6.0 Safari/537.36"
[2026-06-07T13:46:27.823Z]  "GET /examples/app-core.js" "Mozilla/5.0 (X11; Linux x86_64) AppleWebKit/537.36 (KHTML, like Gecko) Cypress/15.8.1 Chrome/138.0.7204.251 Electron/37.6.0 Safari/537.36"
[2026-06-07T13:46:27.825Z]  "GET /examples/app-features.js" "Mozilla/5.0 (X11; Linux x86_64) AppleWebKit/537.36 (KHTML, like Gecko) Cypress/15.8.1 Chrome/138.0.7204.251 Electron/37.6.0 Safari/537.36"
[2026-06-07T13:46:27.826Z]  "GET /examples/app-interactions.js" "Mozilla/5.0 (X11; Linux x86_64) AppleWebKit/537.36 (KHTML, like Gecko) Cypress/15.8.1 Chrome/138.0.7204.251 Electron/37.6.0 Safari/537.36"
[2026-06-07T13:46:27.827Z]  "GET /examples/youtube-upload.js" "Mozilla/5.0 (X11; Linux x86_64) AppleWebKit/537.36 (KHTML, like Gecko) Cypress/15.8.1 Chrome/138.0.7204.251 Electron/37.6.0 Safari/537.36"
[2026-06-07T13:46:27.847Z]  "GET /examples/pipeline.js" "Mozilla/5.0 (X11; Linux x86_64) AppleWebKit/537.36 (KHTML, like Gecko) Cypress/15.8.1 Chrome/138.0.7204.251 Electron/37.6.0 Safari/537.36"
[2026-06-07T13:46:29.338Z]  "GET /examples/index.html" "Mozilla/5.0 (X11; Linux x86_64) AppleWebKit/537.36 (KHTML, like Gecko) Cypress/15.8.1 Chrome/138.0.7204.251 Electron/37.6.0 Safari/537.36"
[2026-06-07T13:46:29.368Z]  "GET /examples/styles.css" "Mozilla/5.0 (X11; Linux x86_64) AppleWebKit/537.36 (KHTML, like Gecko) Cypress/15.8.1 Chrome/138.0.7204.251 Electron/37.6.0 Safari/537.36"
[2026-06-07T13:46:29.369Z]  "GET /dist/audio-recorder-visualization.umd.js" "Mozilla/5.0 (X11; Linux x86_64) AppleWebKit/537.36 (KHTML, like Gecko) Cypress/15.8.1 Chrome/138.0.7204.251 Electron/37.6.0 Safari/537.36"
[2026-06-07T13:46:29.370Z]  "GET /examples/app-core.js" "Mozilla/5.0 (X11; Linux x86_64) AppleWebKit/537.36 (KHTML, like Gecko) Cypress/15.8.1 Chrome/138.0.7204.251 Electron/37.6.0 Safari/537.36"
[2026-06-07T13:46:29.371Z]  "GET /examples/app-features.js" "Mozilla/5.0 (X11; Linux x86_64) AppleWebKit/537.36 (KHTML, like Gecko) Cypress/15.8.1 Chrome/138.0.7204.251 Electron/37.6.0 Safari/537.36"
[2026-06-07T13:46:29.372Z]  "GET /examples/app-interactions.js" "Mozilla/5.0 (X11; Linux x86_64) AppleWebKit/537.36 (KHTML, like Gecko) Cypress/15.8.1 Chrome/138.0.7204.251 Electron/37.6.0 Safari/537.36"
[2026-06-07T13:46:29.398Z]  "GET /examples/youtube-upload.js" "Mozilla/5.0 (X11; Linux x86_64) AppleWebKit/537.36 (KHTML, like Gecko) Cypress/15.8.1 Chrome/138.0.7204.251 Electron/37.6.0 Safari/537.36"
[2026-06-07T13:46:29.417Z]  "GET /examples/pipeline.js" "Mozilla/5.0 (X11; Linux x86_64) AppleWebKit/537.36 (KHTML, like Gecko) Cypress/15.8.1 Chrome/138.0.7204.251 Electron/37.6.0 Safari/537.36"
[2026-06-07T13:46:30.139Z]  "GET /examples/index.html" "Mozilla/5.0 (X11; Linux x86_64) AppleWebKit/537.36 (KHTML, like Gecko) Cypress/15.8.1 Chrome/138.0.7204.251 Electron/37.6.0 Safari/537.36"
[2026-06-07T13:46:30.162Z]  "GET /examples/styles.css" "Mozilla/5.0 (X11; Linux x86_64) AppleWebKit/537.36 (KHTML, like Gecko) Cypress/15.8.1 Chrome/138.0.7204.251 Electron/37.6.0 Safari/537.36"
[2026-06-07T13:46:30.164Z]  "GET /dist/audio-recorder-visualization.umd.js" "Mozilla/5.0 (X11; Linux x86_64) AppleWebKit/537.36 (KHTML, like Gecko) Cypress/15.8.1 Chrome/138.0.7204.251 Electron/37.6.0 Safari/537.36"
[2026-06-07T13:46:30.166Z]  "GET /examples/app-core.js" "Mozilla/5.0 (X11; Linux x86_64) AppleWebKit/537.36 (KHTML, like Gecko) Cypress/15.8.1 Chrome/138.0.7204.251 Electron/37.6.0 Safari/537.36"
[2026-06-07T13:46:30.167Z]  "GET /examples/app-features.js" "Mozilla/5.0 (X11; Linux x86_64) AppleWebKit/537.36 (KHTML, like Gecko) Cypress/15.8.1 Chrome/138.0.7204.251 Electron/37.6.0 Safari/537.36"
[2026-06-07T13:46:30.168Z]  "GET /examples/app-interactions.js" "Mozilla/5.0 (X11; Linux x86_64) AppleWebKit/537.36 (KHTML, like Gecko) Cypress/15.8.1 Chrome/138.0.7204.251 Electron/37.6.0 Safari/537.36"
[2026-06-07T13:46:30.169Z]  "GET /examples/youtube-upload.js" "Mozilla/5.0 (X11; Linux x86_64) AppleWebKit/537.36 (KHTML, like Gecko) Cypress/15.8.1 Chrome/138.0.7204.251 Electron/37.6.0 Safari/537.36"
[2026-06-07T13:46:30.192Z]  "GET /examples/pipeline.js" "Mozilla/5.0 (X11; Linux x86_64) AppleWebKit/537.36 (KHTML, like Gecko) Cypress/15.8.1 Chrome/138.0.7204.251 Electron/37.6.0 Safari/537.36"
[2026-06-07T13:46:30.254Z]  "GET /examples/index.html" "Mozilla/5.0 (X11; Linux x86_64) AppleWebKit/537.36 (KHTML, like Gecko) Cypress/15.8.1 Chrome/138.0.7204.251 Electron/37.6.0 Safari/537.36"
[2026-06-07T13:46:30.305Z]  "GET /examples/styles.css" "Mozilla/5.0 (X11; Linux x86_64) AppleWebKit/537.36 (KHTML, like Gecko) Cypress/15.8.1 Chrome/138.0.7204.251 Electron/37.6.0 Safari/537.36"
[2026-06-07T13:46:30.308Z]  "GET /dist/audio-recorder-visualization.umd.js" "Mozilla/5.0 (X11; Linux x86_64) AppleWebKit/537.36 (KHTML, like Gecko) Cypress/15.8.1 Chrome/138.0.7204.251 Electron/37.6.0 Safari/537.36"
[2026-06-07T13:46:30.313Z]  "GET /examples/app-core.js" "Mozilla/5.0 (X11; Linux x86_64) AppleWebKit/537.36 (KHTML, like Gecko) Cypress/15.8.1 Chrome/138.0.7204.251 Electron/37.6.0 Safari/537.36"
[2026-06-07T13:46:30.314Z]  "GET /examples/app-features.js" "Mozilla/5.0 (X11; Linux x86_64) AppleWebKit/537.36 (KHTML, like Gecko) Cypress/15.8.1 Chrome/138.0.7204.251 Electron/37.6.0 Safari/537.36"
[2026-06-07T13:46:30.322Z]  "GET /examples/app-interactions.js" "Mozilla/5.0 (X11; Linux x86_64) AppleWebKit/537.36 (KHTML, like Gecko) Cypress/15.8.1 Chrome/138.0.7204.251 Electron/37.6.0 Safari/537.36"
[2026-06-07T13:46:30.323Z]  "GET /examples/youtube-upload.js" "Mozilla/5.0 (X11; Linux x86_64) AppleWebKit/537.36 (KHTML, like Gecko) Cypress/15.8.1 Chrome/138.0.7204.251 Electron/37.6.0 Safari/537.36"
[2026-06-07T13:46:30.335Z]  "GET /examples/pipeline.js" "Mozilla/5.0 (X11; Linux x86_64) AppleWebKit/537.36 (KHTML, like Gecko) Cypress/15.8.1 Chrome/138.0.7204.251 Electron/37.6.0 Safari/537.36"
[2026-06-07T13:46:33.300Z]  "GET /examples/index.html" "Mozilla/5.0 (X11; Linux x86_64) AppleWebKit/537.36 (KHTML, like Gecko) Cypress/15.8.1 Chrome/138.0.7204.251 Electron/37.6.0 Safari/537.36"
[2026-06-07T13:46:33.327Z]  "GET /examples/styles.css" "Mozilla/5.0 (X11; Linux x86_64) AppleWebKit/537.36 (KHTML, like Gecko) Cypress/15.8.1 Chrome/138.0.7204.251 Electron/37.6.0 Safari/537.36"
[2026-06-07T13:46:33.328Z]  "GET /dist/audio-recorder-visualization.umd.js" "Mozilla/5.0 (X11; Linux x86_64) AppleWebKit/537.36 (KHTML, like Gecko) Cypress/15.8.1 Chrome/138.0.7204.251 Electron/37.6.0 Safari/537.36"
[2026-06-07T13:46:33.329Z]  "GET /examples/app-core.js" "Mozilla/5.0 (X11; Linux x86_64) AppleWebKit/537.36 (KHTML, like Gecko) Cypress/15.8.1 Chrome/138.0.7204.251 Electron/37.6.0 Safari/537.36"
[2026-06-07T13:46:33.331Z]  "GET /examples/app-features.js" "Mozilla/5.0 (X11; Linux x86_64) AppleWebKit/537.36 (KHTML, like Gecko) Cypress/15.8.1 Chrome/138.0.7204.251 Electron/37.6.0 Safari/537.36"
[2026-06-07T13:46:33.341Z]  "GET /examples/app-interactions.js" "Mozilla/5.0 (X11; Linux x86_64) AppleWebKit/537.36 (KHTML, like Gecko) Cypress/15.8.1 Chrome/138.0.7204.251 Electron/37.6.0 Safari/537.36"
[2026-06-07T13:46:33.343Z]  "GET /examples/youtube-upload.js" "Mozilla/5.0 (X11; Linux x86_64) AppleWebKit/537.36 (KHTML, like Gecko) Cypress/15.8.1 Chrome/138.0.7204.251 Electron/37.6.0 Safari/537.36"
[2026-06-07T13:46:33.352Z]  "GET /examples/pipeline.js" "Mozilla/5.0 (X11; Linux x86_64) AppleWebKit/537.36 (KHTML, like Gecko) Cypress/15.8.1 Chrome/138.0.7204.251 Electron/37.6.0 Safari/537.36"
[2026-06-07T13:46:36.539Z]  "GET /examples/index.html" "Mozilla/5.0 (X11; Linux x86_64) AppleWebKit/537.36 (KHTML, like Gecko) Cypress/15.8.1 Chrome/138.0.7204.251 Electron/37.6.0 Safari/537.36"
[2026-06-07T13:46:36.567Z]  "GET /examples/styles.css" "Mozilla/5.0 (X11; Linux x86_64) AppleWebKit/537.36 (KHTML, like Gecko) Cypress/15.8.1 Chrome/138.0.7204.251 Electron/37.6.0 Safari/537.36"
[2026-06-07T13:46:36.569Z]  "GET /dist/audio-recorder-visualization.umd.js" "Mozilla/5.0 (X11; Linux x86_64) AppleWebKit/537.36 (KHTML, like Gecko) Cypress/15.8.1 Chrome/138.0.7204.251 Electron/37.6.0 Safari/537.36"
[2026-06-07T13:46:36.572Z]  "GET /examples/app-core.js" "Mozilla/5.0 (X11; Linux x86_64) AppleWebKit/537.36 (KHTML, like Gecko) Cypress/15.8.1 Chrome/138.0.7204.251 Electron/37.6.0 Safari/537.36"
[2026-06-07T13:46:36.573Z]  "GET /examples/app-features.js" "Mozilla/5.0 (X11; Linux x86_64) AppleWebKit/537.36 (KHTML, like Gecko) Cypress/15.8.1 Chrome/138.0.7204.251 Electron/37.6.0 Safari/537.36"
[2026-06-07T13:46:36.587Z]  "GET /examples/app-interactions.js" "Mozilla/5.0 (X11; Linux x86_64) AppleWebKit/537.36 (KHTML, like Gecko) Cypress/15.8.1 Chrome/138.0.7204.251 Electron/37.6.0 Safari/537.36"
[2026-06-07T13:46:36.588Z]  "GET /examples/youtube-upload.js" "Mozilla/5.0 (X11; Linux x86_64) AppleWebKit/537.36 (KHTML, like Gecko) Cypress/15.8.1 Chrome/138.0.7204.251 Electron/37.6.0 Safari/537.36"
[2026-06-07T13:46:36.597Z]  "GET /examples/pipeline.js" "Mozilla/5.0 (X11; Linux x86_64) AppleWebKit/537.36 (KHTML, like Gecko) Cypress/15.8.1 Chrome/138.0.7204.251 Electron/37.6.0 Safari/537.36"
[2026-06-07T13:46:38.338Z]  "GET /examples/index.html" "Mozilla/5.0 (X11; Linux x86_64) AppleWebKit/537.36 (KHTML, like Gecko) Cypress/15.8.1 Chrome/138.0.7204.251 Electron/37.6.0 Safari/537.36"
[2026-06-07T13:46:38.372Z]  "GET /examples/styles.css" "Mozilla/5.0 (X11; Linux x86_64) AppleWebKit/537.36 (KHTML, like Gecko) Cypress/15.8.1 Chrome/138.0.7204.251 Electron/37.6.0 Safari/537.36"
[2026-06-07T13:46:38.374Z]  "GET /dist/audio-recorder-visualization.umd.js" "Mozilla/5.0 (X11; Linux x86_64) AppleWebKit/537.36 (KHTML, like Gecko) Cypress/15.8.1 Chrome/138.0.7204.251 Electron/37.6.0 Safari/537.36"
[2026-06-07T13:46:38.374Z]  "GET /examples/app-core.js" "Mozilla/5.0 (X11; Linux x86_64) AppleWebKit/537.36 (KHTML, like Gecko) Cypress/15.8.1 Chrome/138.0.7204.251 Electron/37.6.0 Safari/537.36"
[2026-06-07T13:46:38.375Z]  "GET /examples/app-features.js" "Mozilla/5.0 (X11; Linux x86_64) AppleWebKit/537.36 (KHTML, like Gecko) Cypress/15.8.1 Chrome/138.0.7204.251 Electron/37.6.0 Safari/537.36"
[2026-06-07T13:46:38.378Z]  "GET /examples/app-interactions.js" "Mozilla/5.0 (X11; Linux x86_64) AppleWebKit/537.36 (KHTML, like Gecko) Cypress/15.8.1 Chrome/138.0.7204.251 Electron/37.6.0 Safari/537.36"
[2026-06-07T13:46:38.389Z]  "GET /examples/youtube-upload.js" "Mozilla/5.0 (X11; Linux x86_64) AppleWebKit/537.36 (KHTML, like Gecko) Cypress/15.8.1 Chrome/138.0.7204.251 Electron/37.6.0 Safari/537.36"
[2026-06-07T13:46:38.399Z]  "GET /examples/pipeline.js" "Mozilla/5.0 (X11; Linux x86_64) AppleWebKit/537.36 (KHTML, like Gecko) Cypress/15.8.1 Chrome/138.0.7204.251 Electron/37.6.0 Safari/537.36"
[2026-06-07T13:46:39.517Z]  "GET /examples/index.html" "Mozilla/5.0 (X11; Linux x86_64) AppleWebKit/537.36 (KHTML, like Gecko) Cypress/15.8.1 Chrome/138.0.7204.251 Electron/37.6.0 Safari/537.36"
[2026-06-07T13:46:39.549Z]  "GET /examples/styles.css" "Mozilla/5.0 (X11; Linux x86_64) AppleWebKit/537.36 (KHTML, like Gecko) Cypress/15.8.1 Chrome/138.0.7204.251 Electron/37.6.0 Safari/537.36"
[2026-06-07T13:46:39.551Z]  "GET /dist/audio-recorder-visualization.umd.js" "Mozilla/5.0 (X11; Linux x86_64) AppleWebKit/537.36 (KHTML, like Gecko) Cypress/15.8.1 Chrome/138.0.7204.251 Electron/37.6.0 Safari/537.36"
[2026-06-07T13:46:39.555Z]  "GET /examples/app-core.js" "Mozilla/5.0 (X11; Linux x86_64) AppleWebKit/537.36 (KHTML, like Gecko) Cypress/15.8.1 Chrome/138.0.7204.251 Electron/37.6.0 Safari/537.36"
[2026-06-07T13:46:39.555Z]  "GET /examples/app-features.js" "Mozilla/5.0 (X11; Linux x86_64) AppleWebKit/537.36 (KHTML, like Gecko) Cypress/15.8.1 Chrome/138.0.7204.251 Electron/37.6.0 Safari/537.36"
[2026-06-07T13:46:39.559Z]  "GET /examples/app-interactions.js" "Mozilla/5.0 (X11; Linux x86_64) AppleWebKit/537.36 (KHTML, like Gecko) Cypress/15.8.1 Chrome/138.0.7204.251 Electron/37.6.0 Safari/537.36"
[2026-06-07T13:46:39.560Z]  "GET /examples/youtube-upload.js" "Mozilla/5.0 (X11; Linux x86_64) AppleWebKit/537.36 (KHTML, like Gecko) Cypress/15.8.1 Chrome/138.0.7204.251 Electron/37.6.0 Safari/537.36"
[2026-06-07T13:46:39.594Z]  "GET /examples/pipeline.js" "Mozilla/5.0 (X11; Linux x86_64) AppleWebKit/537.36 (KHTML, like Gecko) Cypress/15.8.1 Chrome/138.0.7204.251 Electron/37.6.0 Safari/537.36"
[2026-06-07T13:46:40.163Z]  "GET /examples/index.html" "Mozilla/5.0 (X11; Linux x86_64) AppleWebKit/537.36 (KHTML, like Gecko) Cypress/15.8.1 Chrome/138.0.7204.251 Electron/37.6.0 Safari/537.36"
[2026-06-07T13:46:40.185Z]  "GET /examples/styles.css" "Mozilla/5.0 (X11; Linux x86_64) AppleWebKit/537.36 (KHTML, like Gecko) Cypress/15.8.1 Chrome/138.0.7204.251 Electron/37.6.0 Safari/537.36"
[2026-06-07T13:46:40.188Z]  "GET /dist/audio-recorder-visualization.umd.js" "Mozilla/5.0 (X11; Linux x86_64) AppleWebKit/537.36 (KHTML, like Gecko) Cypress/15.8.1 Chrome/138.0.7204.251 Electron/37.6.0 Safari/537.36"
[2026-06-07T13:46:40.189Z]  "GET /examples/app-core.js" "Mozilla/5.0 (X11; Linux x86_64) AppleWebKit/537.36 (KHTML, like Gecko) Cypress/15.8.1 Chrome/138.0.7204.251 Electron/37.6.0 Safari/537.36"
[2026-06-07T13:46:40.192Z]  "GET /examples/app-features.js" "Mozilla/5.0 (X11; Linux x86_64) AppleWebKit/537.36 (KHTML, like Gecko) Cypress/15.8.1 Chrome/138.0.7204.251 Electron/37.6.0 Safari/537.36"
[2026-06-07T13:46:40.200Z]  "GET /examples/app-interactions.js" "Mozilla/5.0 (X11; Linux x86_64) AppleWebKit/537.36 (KHTML, like Gecko) Cypress/15.8.1 Chrome/138.0.7204.251 Electron/37.6.0 Safari/537.36"
[2026-06-07T13:46:40.201Z]  "GET /examples/youtube-upload.js" "Mozilla/5.0 (X11; Linux x86_64) AppleWebKit/537.36 (KHTML, like Gecko) Cypress/15.8.1 Chrome/138.0.7204.251 Electron/37.6.0 Safari/537.36"
[2026-06-07T13:46:40.221Z]  "GET /examples/pipeline.js" "Mozilla/5.0 (X11; Linux x86_64) AppleWebKit/537.36 (KHTML, like Gecko) Cypress/15.8.1 Chrome/138.0.7204.251 Electron/37.6.0 Safari/537.36"
[2026-06-07T13:46:41.727Z]  "GET /examples/index.html" "Mozilla/5.0 (X11; Linux x86_64) AppleWebKit/537.36 (KHTML, like Gecko) Cypress/15.8.1 Chrome/138.0.7204.251 Electron/37.6.0 Safari/537.36"
[2026-06-07T13:46:41.765Z]  "GET /examples/styles.css" "Mozilla/5.0 (X11; Linux x86_64) AppleWebKit/537.36 (KHTML, like Gecko) Cypress/15.8.1 Chrome/138.0.7204.251 Electron/37.6.0 Safari/537.36"
[2026-06-07T13:46:41.767Z]  "GET /dist/audio-recorder-visualization.umd.js" "Mozilla/5.0 (X11; Linux x86_64) AppleWebKit/537.36 (KHTML, like Gecko) Cypress/15.8.1 Chrome/138.0.7204.251 Electron/37.6.0 Safari/537.36"
[2026-06-07T13:46:41.768Z]  "GET /examples/app-core.js" "Mozilla/5.0 (X11; Linux x86_64) AppleWebKit/537.36 (KHTML, like Gecko) Cypress/15.8.1 Chrome/138.0.7204.251 Electron/37.6.0 Safari/537.36"
[2026-06-07T13:46:41.769Z]  "GET /examples/app-features.js" "Mozilla/5.0 (X11; Linux x86_64) AppleWebKit/537.36 (KHTML, like Gecko) Cypress/15.8.1 Chrome/138.0.7204.251 Electron/37.6.0 Safari/537.36"
[2026-06-07T13:46:41.773Z]  "GET /examples/app-interactions.js" "Mozilla/5.0 (X11; Linux x86_64) AppleWebKit/537.36 (KHTML, like Gecko) Cypress/15.8.1 Chrome/138.0.7204.251 Electron/37.6.0 Safari/537.36"
[2026-06-07T13:46:41.774Z]  "GET /examples/youtube-upload.js" "Mozilla/5.0 (X11; Linux x86_64) AppleWebKit/537.36 (KHTML, like Gecko) Cypress/15.8.1 Chrome/138.0.7204.251 Electron/37.6.0 Safari/537.36"
[2026-06-07T13:46:41.802Z]  "GET /examples/pipeline.js" "Mozilla/5.0 (X11; Linux x86_64) AppleWebKit/537.36 (KHTML, like Gecko) Cypress/15.8.1 Chrome/138.0.7204.251 Electron/37.6.0 Safari/537.36"
[2026-06-07T13:46:42.366Z]  "GET /examples/index.html" "Mozilla/5.0 (X11; Linux x86_64) AppleWebKit/537.36 (KHTML, like Gecko) Cypress/15.8.1 Chrome/138.0.7204.251 Electron/37.6.0 Safari/537.36"
[2026-06-07T13:46:42.388Z]  "GET /examples/styles.css" "Mozilla/5.0 (X11; Linux x86_64) AppleWebKit/537.36 (KHTML, like Gecko) Cypress/15.8.1 Chrome/138.0.7204.251 Electron/37.6.0 Safari/537.36"
[2026-06-07T13:46:42.389Z]  "GET /dist/audio-recorder-visualization.umd.js" "Mozilla/5.0 (X11; Linux x86_64) AppleWebKit/537.36 (KHTML, like Gecko) Cypress/15.8.1 Chrome/138.0.7204.251 Electron/37.6.0 Safari/537.36"
[2026-06-07T13:46:42.390Z]  "GET /examples/app-core.js" "Mozilla/5.0 (X11; Linux x86_64) AppleWebKit/537.36 (KHTML, like Gecko) Cypress/15.8.1 Chrome/138.0.7204.251 Electron/37.6.0 Safari/537.36"
[2026-06-07T13:46:42.391Z]  "GET /examples/app-features.js" "Mozilla/5.0 (X11; Linux x86_64) AppleWebKit/537.36 (KHTML, like Gecko) Cypress/15.8.1 Chrome/138.0.7204.251 Electron/37.6.0 Safari/537.36"
[2026-06-07T13:46:42.401Z]  "GET /examples/app-interactions.js" "Mozilla/5.0 (X11; Linux x86_64) AppleWebKit/537.36 (KHTML, like Gecko) Cypress/15.8.1 Chrome/138.0.7204.251 Electron/37.6.0 Safari/537.36"
[2026-06-07T13:46:42.402Z]  "GET /examples/youtube-upload.js" "Mozilla/5.0 (X11; Linux x86_64) AppleWebKit/537.36 (KHTML, like Gecko) Cypress/15.8.1 Chrome/138.0.7204.251 Electron/37.6.0 Safari/537.36"
[2026-06-07T13:46:42.422Z]  "GET /examples/pipeline.js" "Mozilla/5.0 (X11; Linux x86_64) AppleWebKit/537.36 (KHTML, like Gecko) Cypress/15.8.1 Chrome/138.0.7204.251 Electron/37.6.0 Safari/537.36"
[2026-06-07T13:46:43.472Z]  "GET /examples/index.html" "Mozilla/5.0 (X11; Linux x86_64) AppleWebKit/537.36 (KHTML, like Gecko) Cypress/15.8.1 Chrome/138.0.7204.251 Electron/37.6.0 Safari/537.36"
[2026-06-07T13:46:43.503Z]  "GET /examples/styles.css" "Mozilla/5.0 (X11; Linux x86_64) AppleWebKit/537.36 (KHTML, like Gecko) Cypress/15.8.1 Chrome/138.0.7204.251 Electron/37.6.0 Safari/537.36"
[2026-06-07T13:46:43.504Z]  "GET /dist/audio-recorder-visualization.umd.js" "Mozilla/5.0 (X11; Linux x86_64) AppleWebKit/537.36 (KHTML, like Gecko) Cypress/15.8.1 Chrome/138.0.7204.251 Electron/37.6.0 Safari/537.36"
[2026-06-07T13:46:43.504Z]  "GET /examples/app-core.js" "Mozilla/5.0 (X11; Linux x86_64) AppleWebKit/537.36 (KHTML, like Gecko) Cypress/15.8.1 Chrome/138.0.7204.251 Electron/37.6.0 Safari/537.36"
[2026-06-07T13:46:43.506Z]  "GET /examples/app-features.js" "Mozilla/5.0 (X11; Linux x86_64) AppleWebKit/537.36 (KHTML, like Gecko) Cypress/15.8.1 Chrome/138.0.7204.251 Electron/37.6.0 Safari/537.36"
[2026-06-07T13:46:43.506Z]  "GET /examples/app-interactions.js" "Mozilla/5.0 (X11; Linux x86_64) AppleWebKit/537.36 (KHTML, like Gecko) Cypress/15.8.1 Chrome/138.0.7204.251 Electron/37.6.0 Safari/537.36"
[2026-06-07T13:46:43.509Z]  "GET /examples/youtube-upload.js" "Mozilla/5.0 (X11; Linux x86_64) AppleWebKit/537.36 (KHTML, like Gecko) Cypress/15.8.1 Chrome/138.0.7204.251 Electron/37.6.0 Safari/537.36"
[2026-06-07T13:46:43.535Z]  "GET /examples/pipeline.js" "Mozilla/5.0 (X11; Linux x86_64) AppleWebKit/537.36 (KHTML, like Gecko) Cypress/15.8.1 Chrome/138.0.7204.251 Electron/37.6.0 Safari/537.36"
[2026-06-07T13:46:44.132Z]  "GET /examples/index.html" "Mozilla/5.0 (X11; Linux x86_64) AppleWebKit/537.36 (KHTML, like Gecko) Cypress/15.8.1 Chrome/138.0.7204.251 Electron/37.6.0 Safari/537.36"
[2026-06-07T13:46:44.152Z]  "GET /examples/styles.css" "Mozilla/5.0 (X11; Linux x86_64) AppleWebKit/537.36 (KHTML, like Gecko) Cypress/15.8.1 Chrome/138.0.7204.251 Electron/37.6.0 Safari/537.36"
[2026-06-07T13:46:44.153Z]  "GET /dist/audio-recorder-visualization.umd.js" "Mozilla/5.0 (X11; Linux x86_64) AppleWebKit/537.36 (KHTML, like Gecko) Cypress/15.8.1 Chrome/138.0.7204.251 Electron/37.6.0 Safari/537.36"
[2026-06-07T13:46:44.154Z]  "GET /examples/app-core.js" "Mozilla/5.0 (X11; Linux x86_64) AppleWebKit/537.36 (KHTML, like Gecko) Cypress/15.8.1 Chrome/138.0.7204.251 Electron/37.6.0 Safari/537.36"
[2026-06-07T13:46:44.155Z]  "GET /examples/app-features.js" "Mozilla/5.0 (X11; Linux x86_64) AppleWebKit/537.36 (KHTML, like Gecko) Cypress/15.8.1 Chrome/138.0.7204.251 Electron/37.6.0 Safari/537.36"
[2026-06-07T13:46:44.155Z]  "GET /examples/app-interactions.js" "Mozilla/5.0 (X11; Linux x86_64) AppleWebKit/537.36 (KHTML, like Gecko) Cypress/15.8.1 Chrome/138.0.7204.251 Electron/37.6.0 Safari/537.36"
[2026-06-07T13:46:44.171Z]  "GET /examples/youtube-upload.js" "Mozilla/5.0 (X11; Linux x86_64) AppleWebKit/537.36 (KHTML, like Gecko) Cypress/15.8.1 Chrome/138.0.7204.251 Electron/37.6.0 Safari/537.36"
[2026-06-07T13:46:44.178Z]  "GET /examples/pipeline.js" "Mozilla/5.0 (X11; Linux x86_64) AppleWebKit/537.36 (KHTML, like Gecko) Cypress/15.8.1 Chrome/138.0.7204.251 Electron/37.6.0 Safari/537.36"
[2026-06-07T13:46:45.028Z]  "GET /examples/index.html" "Mozilla/5.0 (X11; Linux x86_64) AppleWebKit/537.36 (KHTML, like Gecko) Cypress/15.8.1 Chrome/138.0.7204.251 Electron/37.6.0 Safari/537.36"
[2026-06-07T13:46:45.045Z]  "GET /examples/styles.css" "Mozilla/5.0 (X11; Linux x86_64) AppleWebKit/537.36 (KHTML, like Gecko) Cypress/15.8.1 Chrome/138.0.7204.251 Electron/37.6.0 Safari/537.36"
[2026-06-07T13:46:45.046Z]  "GET /dist/audio-recorder-visualization.umd.js" "Mozilla/5.0 (X11; Linux x86_64) AppleWebKit/537.36 (KHTML, like Gecko) Cypress/15.8.1 Chrome/138.0.7204.251 Electron/37.6.0 Safari/537.36"
[2026-06-07T13:46:45.047Z]  "GET /examples/app-core.js" "Mozilla/5.0 (X11; Linux x86_64) AppleWebKit/537.36 (KHTML, like Gecko) Cypress/15.8.1 Chrome/138.0.7204.251 Electron/37.6.0 Safari/537.36"
[2026-06-07T13:46:45.048Z]  "GET /examples/app-features.js" "Mozilla/5.0 (X11; Linux x86_64) AppleWebKit/537.36 (KHTML, like Gecko) Cypress/15.8.1 Chrome/138.0.7204.251 Electron/37.6.0 Safari/537.36"
[2026-06-07T13:46:45.050Z]  "GET /examples/app-interactions.js" "Mozilla/5.0 (X11; Linux x86_64) AppleWebKit/537.36 (KHTML, like Gecko) Cypress/15.8.1 Chrome/138.0.7204.251 Electron/37.6.0 Safari/537.36"
[2026-06-07T13:46:45.050Z]  "GET /examples/youtube-upload.js" "Mozilla/5.0 (X11; Linux x86_64) AppleWebKit/537.36 (KHTML, like Gecko) Cypress/15.8.1 Chrome/138.0.7204.251 Electron/37.6.0 Safari/537.36"
[2026-06-07T13:46:45.070Z]  "GET /examples/pipeline.js" "Mozilla/5.0 (X11; Linux x86_64) AppleWebKit/537.36 (KHTML, like Gecko) Cypress/15.8.1 Chrome/138.0.7204.251 Electron/37.6.0 Safari/537.36"
[2026-06-07T13:46:45.891Z]  "GET /examples/index.html" "Mozilla/5.0 (X11; Linux x86_64) AppleWebKit/537.36 (KHTML, like Gecko) Cypress/15.8.1 Chrome/138.0.7204.251 Electron/37.6.0 Safari/537.36"
[2026-06-07T13:46:45.917Z]  "GET /examples/styles.css" "Mozilla/5.0 (X11; Linux x86_64) AppleWebKit/537.36 (KHTML, like Gecko) Cypress/15.8.1 Chrome/138.0.7204.251 Electron/37.6.0 Safari/537.36"
[2026-06-07T13:46:45.919Z]  "GET /dist/audio-recorder-visualization.umd.js" "Mozilla/5.0 (X11; Linux x86_64) AppleWebKit/537.36 (KHTML, like Gecko) Cypress/15.8.1 Chrome/138.0.7204.251 Electron/37.6.0 Safari/537.36"
[2026-06-07T13:46:45.920Z]  "GET /examples/app-core.js" "Mozilla/5.0 (X11; Linux x86_64) AppleWebKit/537.36 (KHTML, like Gecko) Cypress/15.8.1 Chrome/138.0.7204.251 Electron/37.6.0 Safari/537.36"
[2026-06-07T13:46:45.920Z]  "GET /examples/app-features.js" "Mozilla/5.0 (X11; Linux x86_64) AppleWebKit/537.36 (KHTML, like Gecko) Cypress/15.8.1 Chrome/138.0.7204.251 Electron/37.6.0 Safari/537.36"
[2026-06-07T13:46:45.921Z]  "GET /examples/app-interactions.js" "Mozilla/5.0 (X11; Linux x86_64) AppleWebKit/537.36 (KHTML, like Gecko) Cypress/15.8.1 Chrome/138.0.7204.251 Electron/37.6.0 Safari/537.36"
[2026-06-07T13:46:45.922Z]  "GET /examples/youtube-upload.js" "Mozilla/5.0 (X11; Linux x86_64) AppleWebKit/537.36 (KHTML, like Gecko) Cypress/15.8.1 Chrome/138.0.7204.251 Electron/37.6.0 Safari/537.36"
[2026-06-07T13:46:45.943Z]  "GET /examples/pipeline.js" "Mozilla/5.0 (X11; Linux x86_64) AppleWebKit/537.36 (KHTML, like Gecko) Cypress/15.8.1 Chrome/138.0.7204.251 Electron/37.6.0 Safari/537.36"
[2026-06-07T13:46:47.077Z]  "GET /examples/index.html" "Mozilla/5.0 (X11; Linux x86_64) AppleWebKit/537.36 (KHTML, like Gecko) Cypress/15.8.1 Chrome/138.0.7204.251 Electron/37.6.0 Safari/537.36"
[2026-06-07T13:46:47.110Z]  "GET /examples/styles.css" "Mozilla/5.0 (X11; Linux x86_64) AppleWebKit/537.36 (KHTML, like Gecko) Cypress/15.8.1 Chrome/138.0.7204.251 Electron/37.6.0 Safari/537.36"
[2026-06-07T13:46:47.112Z]  "GET /dist/audio-recorder-visualization.umd.js" "Mozilla/5.0 (X11; Linux x86_64) AppleWebKit/537.36 (KHTML, like Gecko) Cypress/15.8.1 Chrome/138.0.7204.251 Electron/37.6.0 Safari/537.36"
[2026-06-07T13:46:47.113Z]  "GET /examples/app-core.js" "Mozilla/5.0 (X11; Linux x86_64) AppleWebKit/537.36 (KHTML, like Gecko) Cypress/15.8.1 Chrome/138.0.7204.251 Electron/37.6.0 Safari/537.36"
[2026-06-07T13:46:47.115Z]  "GET /examples/app-features.js" "Mozilla/5.0 (X11; Linux x86_64) AppleWebKit/537.36 (KHTML, like Gecko) Cypress/15.8.1 Chrome/138.0.7204.251 Electron/37.6.0 Safari/537.36"
[2026-06-07T13:46:47.116Z]  "GET /examples/app-interactions.js" "Mozilla/5.0 (X11; Linux x86_64) AppleWebKit/537.36 (KHTML, like Gecko) Cypress/15.8.1 Chrome/138.0.7204.251 Electron/37.6.0 Safari/537.36"
[2026-06-07T13:46:47.118Z]  "GET /examples/youtube-upload.js" "Mozilla/5.0 (X11; Linux x86_64) AppleWebKit/537.36 (KHTML, like Gecko) Cypress/15.8.1 Chrome/138.0.7204.251 Electron/37.6.0 Safari/537.36"
[2026-06-07T13:46:47.151Z]  "GET /examples/pipeline.js" "Mozilla/5.0 (X11; Linux x86_64) AppleWebKit/537.36 (KHTML, like Gecko) Cypress/15.8.1 Chrome/138.0.7204.251 Electron/37.6.0 Safari/537.36"
[2026-06-07T13:46:50.055Z]  "GET /examples/index.html" "Mozilla/5.0 (X11; Linux x86_64) AppleWebKit/537.36 (KHTML, like Gecko) Cypress/15.8.1 Chrome/138.0.7204.251 Electron/37.6.0 Safari/537.36"
[2026-06-07T13:46:50.085Z]  "GET /examples/styles.css" "Mozilla/5.0 (X11; Linux x86_64) AppleWebKit/537.36 (KHTML, like Gecko) Cypress/15.8.1 Chrome/138.0.7204.251 Electron/37.6.0 Safari/537.36"
[2026-06-07T13:46:50.087Z]  "GET /dist/audio-recorder-visualization.umd.js" "Mozilla/5.0 (X11; Linux x86_64) AppleWebKit/537.36 (KHTML, like Gecko) Cypress/15.8.1 Chrome/138.0.7204.251 Electron/37.6.0 Safari/537.36"
[2026-06-07T13:46:50.088Z]  "GET /examples/app-core.js" "Mozilla/5.0 (X11; Linux x86_64) AppleWebKit/537.36 (KHTML, like Gecko) Cypress/15.8.1 Chrome/138.0.7204.251 Electron/37.6.0 Safari/537.36"
[2026-06-07T13:46:50.088Z]  "GET /examples/app-features.js" "Mozilla/5.0 (X11; Linux x86_64) AppleWebKit/537.36 (KHTML, like Gecko) Cypress/15.8.1 Chrome/138.0.7204.251 Electron/37.6.0 Safari/537.36"
[2026-06-07T13:46:50.089Z]  "GET /examples/app-interactions.js" "Mozilla/5.0 (X11; Linux x86_64) AppleWebKit/537.36 (KHTML, like Gecko) Cypress/15.8.1 Chrome/138.0.7204.251 Electron/37.6.0 Safari/537.36"
[2026-06-07T13:46:50.090Z]  "GET /examples/youtube-upload.js" "Mozilla/5.0 (X11; Linux x86_64) AppleWebKit/537.36 (KHTML, like Gecko) Cypress/15.8.1 Chrome/138.0.7204.251 Electron/37.6.0 Safari/537.36"
[2026-06-07T13:46:50.114Z]  "GET /examples/pipeline.js" "Mozilla/5.0 (X11; Linux x86_64) AppleWebKit/537.36 (KHTML, like Gecko) Cypress/15.8.1 Chrome/138.0.7204.251 Electron/37.6.0 Safari/537.36"
[2026-06-07T13:46:50.787Z]  "GET /examples/index.html" "Mozilla/5.0 (X11; Linux x86_64) AppleWebKit/537.36 (KHTML, like Gecko) Cypress/15.8.1 Chrome/138.0.7204.251 Electron/37.6.0 Safari/537.36"
[2026-06-07T13:46:50.816Z]  "GET /examples/styles.css" "Mozilla/5.0 (X11; Linux x86_64) AppleWebKit/537.36 (KHTML, like Gecko) Cypress/15.8.1 Chrome/138.0.7204.251 Electron/37.6.0 Safari/537.36"
[2026-06-07T13:46:50.817Z]  "GET /dist/audio-recorder-visualization.umd.js" "Mozilla/5.0 (X11; Linux x86_64) AppleWebKit/537.36 (KHTML, like Gecko) Cypress/15.8.1 Chrome/138.0.7204.251 Electron/37.6.0 Safari/537.36"
[2026-06-07T13:46:50.819Z]  "GET /examples/app-core.js" "Mozilla/5.0 (X11; Linux x86_64) AppleWebKit/537.36 (KHTML, like Gecko) Cypress/15.8.1 Chrome/138.0.7204.251 Electron/37.6.0 Safari/537.36"
[2026-06-07T13:46:50.825Z]  "GET /examples/app-features.js" "Mozilla/5.0 (X11; Linux x86_64) AppleWebKit/537.36 (KHTML, like Gecko) Cypress/15.8.1 Chrome/138.0.7204.251 Electron/37.6.0 Safari/537.36"
[2026-06-07T13:46:50.825Z]  "GET /examples/app-interactions.js" "Mozilla/5.0 (X11; Linux x86_64) AppleWebKit/537.36 (KHTML, like Gecko) Cypress/15.8.1 Chrome/138.0.7204.251 Electron/37.6.0 Safari/537.36"
[2026-06-07T13:46:50.825Z]  "GET /examples/youtube-upload.js" "Mozilla/5.0 (X11; Linux x86_64) AppleWebKit/537.36 (KHTML, like Gecko) Cypress/15.8.1 Chrome/138.0.7204.251 Electron/37.6.0 Safari/537.36"
[2026-06-07T13:46:50.866Z]  "GET /examples/pipeline.js" "Mozilla/5.0 (X11; Linux x86_64) AppleWebKit/537.36 (KHTML, like Gecko) Cypress/15.8.1 Chrome/138.0.7204.251 Electron/37.6.0 Safari/537.36"
[2026-06-07T13:46:54.399Z]  "GET /examples/index.html" "Mozilla/5.0 (X11; Linux x86_64) AppleWebKit/537.36 (KHTML, like Gecko) Cypress/15.8.1 Chrome/138.0.7204.251 Electron/37.6.0 Safari/537.36"
[2026-06-07T13:46:54.426Z]  "GET /examples/styles.css" "Mozilla/5.0 (X11; Linux x86_64) AppleWebKit/537.36 (KHTML, like Gecko) Cypress/15.8.1 Chrome/138.0.7204.251 Electron/37.6.0 Safari/537.36"
[2026-06-07T13:46:54.427Z]  "GET /dist/audio-recorder-visualization.umd.js" "Mozilla/5.0 (X11; Linux x86_64) AppleWebKit/537.36 (KHTML, like Gecko) Cypress/15.8.1 Chrome/138.0.7204.251 Electron/37.6.0 Safari/537.36"
[2026-06-07T13:46:54.428Z]  "GET /examples/app-core.js" "Mozilla/5.0 (X11; Linux x86_64) AppleWebKit/537.36 (KHTML, like Gecko) Cypress/15.8.1 Chrome/138.0.7204.251 Electron/37.6.0 Safari/537.36"
[2026-06-07T13:46:54.428Z]  "GET /examples/app-features.js" "Mozilla/5.0 (X11; Linux x86_64) AppleWebKit/537.36 (KHTML, like Gecko) Cypress/15.8.1 Chrome/138.0.7204.251 Electron/37.6.0 Safari/537.36"
[2026-06-07T13:46:54.429Z]  "GET /examples/app-interactions.js" "Mozilla/5.0 (X11; Linux x86_64) AppleWebKit/537.36 (KHTML, like Gecko) Cypress/15.8.1 Chrome/138.0.7204.251 Electron/37.6.0 Safari/537.36"
[2026-06-07T13:46:54.429Z]  "GET /examples/youtube-upload.js" "Mozilla/5.0 (X11; Linux x86_64) AppleWebKit/537.36 (KHTML, like Gecko) Cypress/15.8.1 Chrome/138.0.7204.251 Electron/37.6.0 Safari/537.36"
[2026-06-07T13:46:54.451Z]  "GET /examples/pipeline.js" "Mozilla/5.0 (X11; Linux x86_64) AppleWebKit/537.36 (KHTML, like Gecko) Cypress/15.8.1 Chrome/138.0.7204.251 Electron/37.6.0 Safari/537.36"
[2026-06-07T13:46:55.260Z]  "GET /examples/index.html" "Mozilla/5.0 (X11; Linux x86_64) AppleWebKit/537.36 (KHTML, like Gecko) Cypress/15.8.1 Chrome/138.0.7204.251 Electron/37.6.0 Safari/537.36"
[2026-06-07T13:46:55.293Z]  "GET /examples/styles.css" "Mozilla/5.0 (X11; Linux x86_64) AppleWebKit/537.36 (KHTML, like Gecko) Cypress/15.8.1 Chrome/138.0.7204.251 Electron/37.6.0 Safari/537.36"
[2026-06-07T13:46:55.294Z]  "GET /dist/audio-recorder-visualization.umd.js" "Mozilla/5.0 (X11; Linux x86_64) AppleWebKit/537.36 (KHTML, like Gecko) Cypress/15.8.1 Chrome/138.0.7204.251 Electron/37.6.0 Safari/537.36"
[2026-06-07T13:46:55.295Z]  "GET /examples/app-core.js" "Mozilla/5.0 (X11; Linux x86_64) AppleWebKit/537.36 (KHTML, like Gecko) Cypress/15.8.1 Chrome/138.0.7204.251 Electron/37.6.0 Safari/537.36"
[2026-06-07T13:46:55.295Z]  "GET /examples/app-features.js" "Mozilla/5.0 (X11; Linux x86_64) AppleWebKit/537.36 (KHTML, like Gecko) Cypress/15.8.1 Chrome/138.0.7204.251 Electron/37.6.0 Safari/537.36"
[2026-06-07T13:46:55.297Z]  "GET /examples/app-interactions.js" "Mozilla/5.0 (X11; Linux x86_64) AppleWebKit/537.36 (KHTML, like Gecko) Cypress/15.8.1 Chrome/138.0.7204.251 Electron/37.6.0 Safari/537.36"
[2026-06-07T13:46:55.298Z]  "GET /examples/youtube-upload.js" "Mozilla/5.0 (X11; Linux x86_64) AppleWebKit/537.36 (KHTML, like Gecko) Cypress/15.8.1 Chrome/138.0.7204.251 Electron/37.6.0 Safari/537.36"
[2026-06-07T13:46:55.322Z]  "GET /examples/pipeline.js" "Mozilla/5.0 (X11; Linux x86_64) AppleWebKit/537.36 (KHTML, like Gecko) Cypress/15.8.1 Chrome/138.0.7204.251 Electron/37.6.0 Safari/537.36"
[2026-06-07T13:46:56.081Z]  "GET /examples/index.html" "Mozilla/5.0 (X11; Linux x86_64) AppleWebKit/537.36 (KHTML, like Gecko) Cypress/15.8.1 Chrome/138.0.7204.251 Electron/37.6.0 Safari/537.36"
[2026-06-07T13:46:56.120Z]  "GET /examples/styles.css" "Mozilla/5.0 (X11; Linux x86_64) AppleWebKit/537.36 (KHTML, like Gecko) Cypress/15.8.1 Chrome/138.0.7204.251 Electron/37.6.0 Safari/537.36"
[2026-06-07T13:46:56.122Z]  "GET /dist/audio-recorder-visualization.umd.js" "Mozilla/5.0 (X11; Linux x86_64) AppleWebKit/537.36 (KHTML, like Gecko) Cypress/15.8.1 Chrome/138.0.7204.251 Electron/37.6.0 Safari/537.36"
[2026-06-07T13:46:56.122Z]  "GET /examples/app-core.js" "Mozilla/5.0 (X11; Linux x86_64) AppleWebKit/537.36 (KHTML, like Gecko) Cypress/15.8.1 Chrome/138.0.7204.251 Electron/37.6.0 Safari/537.36"
[2026-06-07T13:46:56.124Z]  "GET /examples/app-features.js" "Mozilla/5.0 (X11; Linux x86_64) AppleWebKit/537.36 (KHTML, like Gecko) Cypress/15.8.1 Chrome/138.0.7204.251 Electron/37.6.0 Safari/537.36"
[2026-06-07T13:46:56.125Z]  "GET /examples/app-interactions.js" "Mozilla/5.0 (X11; Linux x86_64) AppleWebKit/537.36 (KHTML, like Gecko) Cypress/15.8.1 Chrome/138.0.7204.251 Electron/37.6.0 Safari/537.36"
[2026-06-07T13:46:56.126Z]  "GET /examples/youtube-upload.js" "Mozilla/5.0 (X11; Linux x86_64) AppleWebKit/537.36 (KHTML, like Gecko) Cypress/15.8.1 Chrome/138.0.7204.251 Electron/37.6.0 Safari/537.36"
[2026-06-07T13:46:56.159Z]  "GET /examples/pipeline.js" "Mozilla/5.0 (X11; Linux x86_64) AppleWebKit/537.36 (KHTML, like Gecko) Cypress/15.8.1 Chrome/138.0.7204.251 Electron/37.6.0 Safari/537.36"
[2026-06-07T13:46:57.291Z]  "GET /examples/index.html" "Mozilla/5.0 (X11; Linux x86_64) AppleWebKit/537.36 (KHTML, like Gecko) Cypress/15.8.1 Chrome/138.0.7204.251 Electron/37.6.0 Safari/537.36"
[2026-06-07T13:46:57.324Z]  "GET /examples/styles.css" "Mozilla/5.0 (X11; Linux x86_64) AppleWebKit/537.36 (KHTML, like Gecko) Cypress/15.8.1 Chrome/138.0.7204.251 Electron/37.6.0 Safari/537.36"
[2026-06-07T13:46:57.325Z]  "GET /dist/audio-recorder-visualization.umd.js" "Mozilla/5.0 (X11; Linux x86_64) AppleWebKit/537.36 (KHTML, like Gecko) Cypress/15.8.1 Chrome/138.0.7204.251 Electron/37.6.0 Safari/537.36"
[2026-06-07T13:46:57.327Z]  "GET /examples/app-core.js" "Mozilla/5.0 (X11; Linux x86_64) AppleWebKit/537.36 (KHTML, like Gecko) Cypress/15.8.1 Chrome/138.0.7204.251 Electron/37.6.0 Safari/537.36"
[2026-06-07T13:46:57.327Z]  "GET /examples/app-features.js" "Mozilla/5.0 (X11; Linux x86_64) AppleWebKit/537.36 (KHTML, like Gecko) Cypress/15.8.1 Chrome/138.0.7204.251 Electron/37.6.0 Safari/537.36"
[2026-06-07T13:46:57.328Z]  "GET /examples/app-interactions.js" "Mozilla/5.0 (X11; Linux x86_64) AppleWebKit/537.36 (KHTML, like Gecko) Cypress/15.8.1 Chrome/138.0.7204.251 Electron/37.6.0 Safari/537.36"
[2026-06-07T13:46:57.328Z]  "GET /examples/youtube-upload.js" "Mozilla/5.0 (X11; Linux x86_64) AppleWebKit/537.36 (KHTML, like Gecko) Cypress/15.8.1 Chrome/138.0.7204.251 Electron/37.6.0 Safari/537.36"
[2026-06-07T13:46:57.347Z]  "GET /examples/pipeline.js" "Mozilla/5.0 (X11; Linux x86_64) AppleWebKit/537.36 (KHTML, like Gecko) Cypress/15.8.1 Chrome/138.0.7204.251 Electron/37.6.0 Safari/537.36"
[2026-06-07T13:46:58.184Z]  "GET /examples/index.html" "Mozilla/5.0 (X11; Linux x86_64) AppleWebKit/537.36 (KHTML, like Gecko) Cypress/15.8.1 Chrome/138.0.7204.251 Electron/37.6.0 Safari/537.36"
[2026-06-07T13:46:58.217Z]  "GET /examples/styles.css" "Mozilla/5.0 (X11; Linux x86_64) AppleWebKit/537.36 (KHTML, like Gecko) Cypress/15.8.1 Chrome/138.0.7204.251 Electron/37.6.0 Safari/537.36"
[2026-06-07T13:46:58.218Z]  "GET /dist/audio-recorder-visualization.umd.js" "Mozilla/5.0 (X11; Linux x86_64) AppleWebKit/537.36 (KHTML, like Gecko) Cypress/15.8.1 Chrome/138.0.7204.251 Electron/37.6.0 Safari/537.36"
[2026-06-07T13:46:58.219Z]  "GET /examples/app-core.js" "Mozilla/5.0 (X11; Linux x86_64) AppleWebKit/537.36 (KHTML, like Gecko) Cypress/15.8.1 Chrome/138.0.7204.251 Electron/37.6.0 Safari/537.36"
[2026-06-07T13:46:58.220Z]  "GET /examples/app-features.js" "Mozilla/5.0 (X11; Linux x86_64) AppleWebKit/537.36 (KHTML, like Gecko) Cypress/15.8.1 Chrome/138.0.7204.251 Electron/37.6.0 Safari/537.36"
[2026-06-07T13:46:58.221Z]  "GET /examples/app-interactions.js" "Mozilla/5.0 (X11; Linux x86_64) AppleWebKit/537.36 (KHTML, like Gecko) Cypress/15.8.1 Chrome/138.0.7204.251 Electron/37.6.0 Safari/537.36"
[2026-06-07T13:46:58.225Z]  "GET /examples/youtube-upload.js" "Mozilla/5.0 (X11; Linux x86_64) AppleWebKit/537.36 (KHTML, like Gecko) Cypress/15.8.1 Chrome/138.0.7204.251 Electron/37.6.0 Safari/537.36"
[2026-06-07T13:46:58.257Z]  "GET /examples/pipeline.js" "Mozilla/5.0 (X11; Linux x86_64) AppleWebKit/537.36 (KHTML, like Gecko) Cypress/15.8.1 Chrome/138.0.7204.251 Electron/37.6.0 Safari/537.36"
[2026-06-07T13:46:59.587Z]  "GET /examples/index.html" "Mozilla/5.0 (X11; Linux x86_64) AppleWebKit/537.36 (KHTML, like Gecko) Cypress/15.8.1 Chrome/138.0.7204.251 Electron/37.6.0 Safari/537.36"
[2026-06-07T13:46:59.621Z]  "GET /examples/styles.css" "Mozilla/5.0 (X11; Linux x86_64) AppleWebKit/537.36 (KHTML, like Gecko) Cypress/15.8.1 Chrome/138.0.7204.251 Electron/37.6.0 Safari/537.36"
[2026-06-07T13:46:59.622Z]  "GET /dist/audio-recorder-visualization.umd.js" "Mozilla/5.0 (X11; Linux x86_64) AppleWebKit/537.36 (KHTML, like Gecko) Cypress/15.8.1 Chrome/138.0.7204.251 Electron/37.6.0 Safari/537.36"
[2026-06-07T13:46:59.622Z]  "GET /examples/app-core.js" "Mozilla/5.0 (X11; Linux x86_64) AppleWebKit/537.36 (KHTML, like Gecko) Cypress/15.8.1 Chrome/138.0.7204.251 Electron/37.6.0 Safari/537.36"
[2026-06-07T13:46:59.627Z]  "GET /examples/app-features.js" "Mozilla/5.0 (X11; Linux x86_64) AppleWebKit/537.36 (KHTML, like Gecko) Cypress/15.8.1 Chrome/138.0.7204.251 Electron/37.6.0 Safari/537.36"
[2026-06-07T13:46:59.638Z]  "GET /examples/app-interactions.js" "Mozilla/5.0 (X11; Linux x86_64) AppleWebKit/537.36 (KHTML, like Gecko) Cypress/15.8.1 Chrome/138.0.7204.251 Electron/37.6.0 Safari/537.36"
[2026-06-07T13:46:59.641Z]  "GET /examples/youtube-upload.js" "Mozilla/5.0 (X11; Linux x86_64) AppleWebKit/537.36 (KHTML, like Gecko) Cypress/15.8.1 Chrome/138.0.7204.251 Electron/37.6.0 Safari/537.36"
[2026-06-07T13:46:59.645Z]  "GET /examples/pipeline.js" "Mozilla/5.0 (X11; Linux x86_64) AppleWebKit/537.36 (KHTML, like Gecko) Cypress/15.8.1 Chrome/138.0.7204.251 Electron/37.6.0 Safari/537.36"
[2026-06-07T13:47:01.086Z]  "GET /examples/index.html" "Mozilla/5.0 (X11; Linux x86_64) AppleWebKit/537.36 (KHTML, like Gecko) Cypress/15.8.1 Chrome/138.0.7204.251 Electron/37.6.0 Safari/537.36"
[2026-06-07T13:47:01.120Z]  "GET /examples/styles.css" "Mozilla/5.0 (X11; Linux x86_64) AppleWebKit/537.36 (KHTML, like Gecko) Cypress/15.8.1 Chrome/138.0.7204.251 Electron/37.6.0 Safari/537.36"
[2026-06-07T13:47:01.125Z]  "GET /dist/audio-recorder-visualization.umd.js" "Mozilla/5.0 (X11; Linux x86_64) AppleWebKit/537.36 (KHTML, like Gecko) Cypress/15.8.1 Chrome/138.0.7204.251 Electron/37.6.0 Safari/537.36"
[2026-06-07T13:47:01.126Z]  "GET /examples/app-core.js" "Mozilla/5.0 (X11; Linux x86_64) AppleWebKit/537.36 (KHTML, like Gecko) Cypress/15.8.1 Chrome/138.0.7204.251 Electron/37.6.0 Safari/537.36"
[2026-06-07T13:47:01.131Z]  "GET /examples/app-features.js" "Mozilla/5.0 (X11; Linux x86_64) AppleWebKit/537.36 (KHTML, like Gecko) Cypress/15.8.1 Chrome/138.0.7204.251 Electron/37.6.0 Safari/537.36"
[2026-06-07T13:47:01.142Z]  "GET /examples/app-interactions.js" "Mozilla/5.0 (X11; Linux x86_64) AppleWebKit/537.36 (KHTML, like Gecko) Cypress/15.8.1 Chrome/138.0.7204.251 Electron/37.6.0 Safari/537.36"
[2026-06-07T13:47:01.143Z]  "GET /examples/youtube-upload.js" "Mozilla/5.0 (X11; Linux x86_64) AppleWebKit/537.36 (KHTML, like Gecko) Cypress/15.8.1 Chrome/138.0.7204.251 Electron/37.6.0 Safari/537.36"
[2026-06-07T13:47:01.157Z]  "GET /examples/pipeline.js" "Mozilla/5.0 (X11; Linux x86_64) AppleWebKit/537.36 (KHTML, like Gecko) Cypress/15.8.1 Chrome/138.0.7204.251 Electron/37.6.0 Safari/537.36"
[2026-06-07T13:47:01.955Z]  "GET /examples/index.html" "Mozilla/5.0 (X11; Linux x86_64) AppleWebKit/537.36 (KHTML, like Gecko) Cypress/15.8.1 Chrome/138.0.7204.251 Electron/37.6.0 Safari/537.36"
[2026-06-07T13:47:02.009Z]  "GET /examples/styles.css" "Mozilla/5.0 (X11; Linux x86_64) AppleWebKit/537.36 (KHTML, like Gecko) Cypress/15.8.1 Chrome/138.0.7204.251 Electron/37.6.0 Safari/537.36"
[2026-06-07T13:47:02.012Z]  "GET /dist/audio-recorder-visualization.umd.js" "Mozilla/5.0 (X11; Linux x86_64) AppleWebKit/537.36 (KHTML, like Gecko) Cypress/15.8.1 Chrome/138.0.7204.251 Electron/37.6.0 Safari/537.36"
[2026-06-07T13:47:02.013Z]  "GET /examples/app-core.js" "Mozilla/5.0 (X11; Linux x86_64) AppleWebKit/537.36 (KHTML, like Gecko) Cypress/15.8.1 Chrome/138.0.7204.251 Electron/37.6.0 Safari/537.36"
[2026-06-07T13:47:02.015Z]  "GET /examples/app-features.js" "Mozilla/5.0 (X11; Linux x86_64) AppleWebKit/537.36 (KHTML, like Gecko) Cypress/15.8.1 Chrome/138.0.7204.251 Electron/37.6.0 Safari/537.36"
[2026-06-07T13:47:02.015Z]  "GET /examples/app-interactions.js" "Mozilla/5.0 (X11; Linux x86_64) AppleWebKit/537.36 (KHTML, like Gecko) Cypress/15.8.1 Chrome/138.0.7204.251 Electron/37.6.0 Safari/537.36"
[2026-06-07T13:47:02.016Z]  "GET /examples/youtube-upload.js" "Mozilla/5.0 (X11; Linux x86_64) AppleWebKit/537.36 (KHTML, like Gecko) Cypress/15.8.1 Chrome/138.0.7204.251 Electron/37.6.0 Safari/537.36"
[2026-06-07T13:47:02.075Z]  "GET /examples/pipeline.js" "Mozilla/5.0 (X11; Linux x86_64) AppleWebKit/537.36 (KHTML, like Gecko) Cypress/15.8.1 Chrome/138.0.7204.251 Electron/37.6.0 Safari/537.36"
[2026-06-07T13:47:03.033Z]  "GET /examples/index.html" "Mozilla/5.0 (X11; Linux x86_64) AppleWebKit/537.36 (KHTML, like Gecko) Cypress/15.8.1 Chrome/138.0.7204.251 Electron/37.6.0 Safari/537.36"
[2026-06-07T13:47:03.070Z]  "GET /examples/styles.css" "Mozilla/5.0 (X11; Linux x86_64) AppleWebKit/537.36 (KHTML, like Gecko) Cypress/15.8.1 Chrome/138.0.7204.251 Electron/37.6.0 Safari/537.36"
[2026-06-07T13:47:03.073Z]  "GET /dist/audio-recorder-visualization.umd.js" "Mozilla/5.0 (X11; Linux x86_64) AppleWebKit/537.36 (KHTML, like Gecko) Cypress/15.8.1 Chrome/138.0.7204.251 Electron/37.6.0 Safari/537.36"
[2026-06-07T13:47:03.074Z]  "GET /examples/app-core.js" "Mozilla/5.0 (X11; Linux x86_64) AppleWebKit/537.36 (KHTML, like Gecko) Cypress/15.8.1 Chrome/138.0.7204.251 Electron/37.6.0 Safari/537.36"
[2026-06-07T13:47:03.078Z]  "GET /examples/app-features.js" "Mozilla/5.0 (X11; Linux x86_64) AppleWebKit/537.36 (KHTML, like Gecko) Cypress/15.8.1 Chrome/138.0.7204.251 Electron/37.6.0 Safari/537.36"
[2026-06-07T13:47:03.094Z]  "GET /examples/app-interactions.js" "Mozilla/5.0 (X11; Linux x86_64) AppleWebKit/537.36 (KHTML, like Gecko) Cypress/15.8.1 Chrome/138.0.7204.251 Electron/37.6.0 Safari/537.36"
[2026-06-07T13:47:03.097Z]  "GET /examples/youtube-upload.js" "Mozilla/5.0 (X11; Linux x86_64) AppleWebKit/537.36 (KHTML, like Gecko) Cypress/15.8.1 Chrome/138.0.7204.251 Electron/37.6.0 Safari/537.36"
[2026-06-07T13:47:03.120Z]  "GET /examples/pipeline.js" "Mozilla/5.0 (X11; Linux x86_64) AppleWebKit/537.36 (KHTML, like Gecko) Cypress/15.8.1 Chrome/138.0.7204.251 Electron/37.6.0 Safari/537.36"
[2026-06-07T13:47:06.792Z]  "GET /examples/index.html" "Mozilla/5.0 (X11; Linux x86_64) AppleWebKit/537.36 (KHTML, like Gecko) Cypress/15.8.1 Chrome/138.0.7204.251 Electron/37.6.0 Safari/537.36"
[2026-06-07T13:47:06.816Z]  "GET /examples/styles.css" "Mozilla/5.0 (X11; Linux x86_64) AppleWebKit/537.36 (KHTML, like Gecko) Cypress/15.8.1 Chrome/138.0.7204.251 Electron/37.6.0 Safari/537.36"
[2026-06-07T13:47:06.818Z]  "GET /dist/audio-recorder-visualization.umd.js" "Mozilla/5.0 (X11; Linux x86_64) AppleWebKit/537.36 (KHTML, like Gecko) Cypress/15.8.1 Chrome/138.0.7204.251 Electron/37.6.0 Safari/537.36"
[2026-06-07T13:47:06.819Z]  "GET /examples/app-core.js" "Mozilla/5.0 (X11; Linux x86_64) AppleWebKit/537.36 (KHTML, like Gecko) Cypress/15.8.1 Chrome/138.0.7204.251 Electron/37.6.0 Safari/537.36"
[2026-06-07T13:47:06.819Z]  "GET /examples/app-features.js" "Mozilla/5.0 (X11; Linux x86_64) AppleWebKit/537.36 (KHTML, like Gecko) Cypress/15.8.1 Chrome/138.0.7204.251 Electron/37.6.0 Safari/537.36"
[2026-06-07T13:47:06.820Z]  "GET /examples/app-interactions.js" "Mozilla/5.0 (X11; Linux x86_64) AppleWebKit/537.36 (KHTML, like Gecko) Cypress/15.8.1 Chrome/138.0.7204.251 Electron/37.6.0 Safari/537.36"
[2026-06-07T13:47:06.821Z]  "GET /examples/youtube-upload.js" "Mozilla/5.0 (X11; Linux x86_64) AppleWebKit/537.36 (KHTML, like Gecko) Cypress/15.8.1 Chrome/138.0.7204.251 Electron/37.6.0 Safari/537.36"
[2026-06-07T13:47:06.838Z]  "GET /examples/pipeline.js" "Mozilla/5.0 (X11; Linux x86_64) AppleWebKit/537.36 (KHTML, like Gecko) Cypress/15.8.1 Chrome/138.0.7204.251 Electron/37.6.0 Safari/537.36"
[2026-06-07T13:47:10.352Z]  "GET /examples/index.html" "Mozilla/5.0 (X11; Linux x86_64) AppleWebKit/537.36 (KHTML, like Gecko) Cypress/15.8.1 Chrome/138.0.7204.251 Electron/37.6.0 Safari/537.36"
[2026-06-07T13:47:10.385Z]  "GET /examples/styles.css" "Mozilla/5.0 (X11; Linux x86_64) AppleWebKit/537.36 (KHTML, like Gecko) Cypress/15.8.1 Chrome/138.0.7204.251 Electron/37.6.0 Safari/537.36"
[2026-06-07T13:47:10.387Z]  "GET /dist/audio-recorder-visualization.umd.js" "Mozilla/5.0 (X11; Linux x86_64) AppleWebKit/537.36 (KHTML, like Gecko) Cypress/15.8.1 Chrome/138.0.7204.251 Electron/37.6.0 Safari/537.36"
[2026-06-07T13:47:10.389Z]  "GET /examples/app-core.js" "Mozilla/5.0 (X11; Linux x86_64) AppleWebKit/537.36 (KHTML, like Gecko) Cypress/15.8.1 Chrome/138.0.7204.251 Electron/37.6.0 Safari/537.36"
[2026-06-07T13:47:10.389Z]  "GET /examples/app-features.js" "Mozilla/5.0 (X11; Linux x86_64) AppleWebKit/537.36 (KHTML, like Gecko) Cypress/15.8.1 Chrome/138.0.7204.251 Electron/37.6.0 Safari/537.36"
[2026-06-07T13:47:10.390Z]  "GET /examples/app-interactions.js" "Mozilla/5.0 (X11; Linux x86_64) AppleWebKit/537.36 (KHTML, like Gecko) Cypress/15.8.1 Chrome/138.0.7204.251 Electron/37.6.0 Safari/537.36"
[2026-06-07T13:47:10.391Z]  "GET /examples/youtube-upload.js" "Mozilla/5.0 (X11; Linux x86_64) AppleWebKit/537.36 (KHTML, like Gecko) Cypress/15.8.1 Chrome/138.0.7204.251 Electron/37.6.0 Safari/537.36"
[2026-06-07T13:47:10.419Z]  "GET /examples/pipeline.js" "Mozilla/5.0 (X11; Linux x86_64) AppleWebKit/537.36 (KHTML, like Gecko) Cypress/15.8.1 Chrome/138.0.7204.251 Electron/37.6.0 Safari/537.36"
http-server stopped.
