Starting up http-server, serving .

http-server version: 14.1.1

http-server settings:
CORS: disabled
Cache: -1 seconds
Connection Timeout: 120 seconds
Directory Listings: visible
AutoIndex: visible
Serve GZIP Files: false
Serve Brotli Files: false
Default File Extension: none

Available on:
  http://127.0.0.1:8080
  http://172.17.0.8:8080
Hit CTRL-C to stop the server

[2026-06-26T15:57:49.197Z]  "GET /examples/index.html" "Mozilla/5.0 (X11; Linux x86_64) AppleWebKit/537.36 (KHTML, like Gecko) Cypress/15.8.1 Chrome/138.0.7204.251 Electron/37.6.0 Safari/537.36"
(node:5716) [DEP0066] DeprecationWarning: OutgoingMessage.prototype._headers is deprecated
(Use `node --trace-deprecation ...` to show where the warning was created)
[2026-06-26T15:57:49.329Z]  "GET /examples/styles.css" "Mozilla/5.0 (X11; Linux x86_64) AppleWebKit/537.36 (KHTML, like Gecko) Cypress/15.8.1 Chrome/138.0.7204.251 Electron/37.6.0 Safari/537.36"
[2026-06-26T15:57:49.345Z]  "GET /examples/app-core.js" "Mozilla/5.0 (X11; Linux x86_64) AppleWebKit/537.36 (KHTML, like Gecko) Cypress/15.8.1 Chrome/138.0.7204.251 Electron/37.6.0 Safari/537.36"
[2026-06-26T15:57:49.359Z]  "GET /dist/audio-recorder-visualization.umd.js" "Mozilla/5.0 (X11; Linux x86_64) AppleWebKit/537.36 (KHTML, like Gecko) Cypress/15.8.1 Chrome/138.0.7204.251 Electron/37.6.0 Safari/537.36"
[2026-06-26T15:57:49.378Z]  "GET /examples/app-features.js" "Mozilla/5.0 (X11; Linux x86_64) AppleWebKit/537.36 (KHTML, like Gecko) Cypress/15.8.1 Chrome/138.0.7204.251 Electron/37.6.0 Safari/537.36"
[2026-06-26T15:57:49.379Z]  "GET /examples/app-interactions.js" "Mozilla/5.0 (X11; Linux x86_64) AppleWebKit/537.36 (KHTML, like Gecko) Cypress/15.8.1 Chrome/138.0.7204.251 Electron/37.6.0 Safari/537.36"
[2026-06-26T15:57:49.380Z]  "GET /examples/youtube-upload.js" "Mozilla/5.0 (X11; Linux x86_64) AppleWebKit/537.36 (KHTML, like Gecko) Cypress/15.8.1 Chrome/138.0.7204.251 Electron/37.6.0 Safari/537.36"
[2026-06-26T15:57:49.411Z]  "GET /examples/pipeline.js" "Mozilla/5.0 (X11; Linux x86_64) AppleWebKit/537.36 (KHTML, like Gecko) Cypress/15.8.1 Chrome/138.0.7204.251 Electron/37.6.0 Safari/537.36"
[2026-06-26T15:57:50.965Z]  "GET /examples/index.html" "Mozilla/5.0 (X11; Linux x86_64) AppleWebKit/537.36 (KHTML, like Gecko) Cypress/15.8.1 Chrome/138.0.7204.251 Electron/37.6.0 Safari/537.36"
[2026-06-26T15:57:51.017Z]  "GET /examples/styles.css" "Mozilla/5.0 (X11; Linux x86_64) AppleWebKit/537.36 (KHTML, like Gecko) Cypress/15.8.1 Chrome/138.0.7204.251 Electron/37.6.0 Safari/537.36"
[2026-06-26T15:57:51.021Z]  "GET /dist/audio-recorder-visualization.umd.js" "Mozilla/5.0 (X11; Linux x86_64) AppleWebKit/537.36 (KHTML, like Gecko) Cypress/15.8.1 Chrome/138.0.7204.251 Electron/37.6.0 Safari/537.36"
[2026-06-26T15:57:51.023Z]  "GET /examples/app-core.js" "Mozilla/5.0 (X11; Linux x86_64) AppleWebKit/537.36 (KHTML, like Gecko) Cypress/15.8.1 Chrome/138.0.7204.251 Electron/37.6.0 Safari/537.36"
[2026-06-26T15:57:51.026Z]  "GET /examples/app-features.js" "Mozilla/5.0 (X11; Linux x86_64) AppleWebKit/537.36 (KHTML, like Gecko) Cypress/15.8.1 Chrome/138.0.7204.251 Electron/37.6.0 Safari/537.36"
[2026-06-26T15:57:51.037Z]  "GET /examples/app-interactions.js" "Mozilla/5.0 (X11; Linux x86_64) AppleWebKit/537.36 (KHTML, like Gecko) Cypress/15.8.1 Chrome/138.0.7204.251 Electron/37.6.0 Safari/537.36"
[2026-06-26T15:57:51.049Z]  "GET /examples/youtube-upload.js" "Mozilla/5.0 (X11; Linux x86_64) AppleWebKit/537.36 (KHTML, like Gecko) Cypress/15.8.1 Chrome/138.0.7204.251 Electron/37.6.0 Safari/537.36"
[2026-06-26T15:57:51.082Z]  "GET /examples/pipeline.js" "Mozilla/5.0 (X11; Linux x86_64) AppleWebKit/537.36 (KHTML, like Gecko) Cypress/15.8.1 Chrome/138.0.7204.251 Electron/37.6.0 Safari/537.36"
[2026-06-26T15:57:52.069Z]  "GET /examples/index.html" "Mozilla/5.0 (X11; Linux x86_64) AppleWebKit/537.36 (KHTML, like Gecko) Cypress/15.8.1 Chrome/138.0.7204.251 Electron/37.6.0 Safari/537.36"
[2026-06-26T15:57:52.145Z]  "GET /examples/styles.css" "Mozilla/5.0 (X11; Linux x86_64) AppleWebKit/537.36 (KHTML, like Gecko) Cypress/15.8.1 Chrome/138.0.7204.251 Electron/37.6.0 Safari/537.36"
[2026-06-26T15:57:52.148Z]  "GET /dist/audio-recorder-visualization.umd.js" "Mozilla/5.0 (X11; Linux x86_64) AppleWebKit/537.36 (KHTML, like Gecko) Cypress/15.8.1 Chrome/138.0.7204.251 Electron/37.6.0 Safari/537.36"
[2026-06-26T15:57:52.154Z]  "GET /examples/app-core.js" "Mozilla/5.0 (X11; Linux x86_64) AppleWebKit/537.36 (KHTML, like Gecko) Cypress/15.8.1 Chrome/138.0.7204.251 Electron/37.6.0 Safari/537.36"
[2026-06-26T15:57:52.155Z]  "GET /examples/app-features.js" "Mozilla/5.0 (X11; Linux x86_64) AppleWebKit/537.36 (KHTML, like Gecko) Cypress/15.8.1 Chrome/138.0.7204.251 Electron/37.6.0 Safari/537.36"
[2026-06-26T15:57:52.161Z]  "GET /examples/app-interactions.js" "Mozilla/5.0 (X11; Linux x86_64) AppleWebKit/537.36 (KHTML, like Gecko) Cypress/15.8.1 Chrome/138.0.7204.251 Electron/37.6.0 Safari/537.36"
[2026-06-26T15:57:52.162Z]  "GET /examples/youtube-upload.js" "Mozilla/5.0 (X11; Linux x86_64) AppleWebKit/537.36 (KHTML, like Gecko) Cypress/15.8.1 Chrome/138.0.7204.251 Electron/37.6.0 Safari/537.36"
[2026-06-26T15:57:52.215Z]  "GET /examples/pipeline.js" "Mozilla/5.0 (X11; Linux x86_64) AppleWebKit/537.36 (KHTML, like Gecko) Cypress/15.8.1 Chrome/138.0.7204.251 Electron/37.6.0 Safari/537.36"
[2026-06-26T15:58:03.949Z]  "GET /examples/index.html" "Mozilla/5.0 (X11; Linux x86_64) AppleWebKit/537.36 (KHTML, like Gecko) Cypress/15.8.1 Chrome/138.0.7204.251 Electron/37.6.0 Safari/537.36"
[2026-06-26T15:58:04.058Z]  "GET /examples/styles.css" "Mozilla/5.0 (X11; Linux x86_64) AppleWebKit/537.36 (KHTML, like Gecko) Cypress/15.8.1 Chrome/138.0.7204.251 Electron/37.6.0 Safari/537.36"
[2026-06-26T15:58:04.067Z]  "GET /dist/audio-recorder-visualization.umd.js" "Mozilla/5.0 (X11; Linux x86_64) AppleWebKit/537.36 (KHTML, like Gecko) Cypress/15.8.1 Chrome/138.0.7204.251 Electron/37.6.0 Safari/537.36"
[2026-06-26T15:58:04.109Z]  "GET /examples/app-core.js" "Mozilla/5.0 (X11; Linux x86_64) AppleWebKit/537.36 (KHTML, like Gecko) Cypress/15.8.1 Chrome/138.0.7204.251 Electron/37.6.0 Safari/537.36"
[2026-06-26T15:58:04.112Z]  "GET /examples/app-interactions.js" "Mozilla/5.0 (X11; Linux x86_64) AppleWebKit/537.36 (KHTML, like Gecko) Cypress/15.8.1 Chrome/138.0.7204.251 Electron/37.6.0 Safari/537.36"
[2026-06-26T15:58:04.114Z]  "GET /examples/app-features.js" "Mozilla/5.0 (X11; Linux x86_64) AppleWebKit/537.36 (KHTML, like Gecko) Cypress/15.8.1 Chrome/138.0.7204.251 Electron/37.6.0 Safari/537.36"
[2026-06-26T15:58:04.117Z]  "GET /examples/pipeline.js" "Mozilla/5.0 (X11; Linux x86_64) AppleWebKit/537.36 (KHTML, like Gecko) Cypress/15.8.1 Chrome/138.0.7204.251 Electron/37.6.0 Safari/537.36"
[2026-06-26T15:58:04.148Z]  "GET /examples/youtube-upload.js" "Mozilla/5.0 (X11; Linux x86_64) AppleWebKit/537.36 (KHTML, like Gecko) Cypress/15.8.1 Chrome/138.0.7204.251 Electron/37.6.0 Safari/537.36"
[2026-06-26T15:58:05.228Z]  "GET /examples/index.html" "Mozilla/5.0 (X11; Linux x86_64) AppleWebKit/537.36 (KHTML, like Gecko) Cypress/15.8.1 Chrome/138.0.7204.251 Electron/37.6.0 Safari/537.36"
[2026-06-26T15:58:05.330Z]  "GET /examples/styles.css" "Mozilla/5.0 (X11; Linux x86_64) AppleWebKit/537.36 (KHTML, like Gecko) Cypress/15.8.1 Chrome/138.0.7204.251 Electron/37.6.0 Safari/537.36"
[2026-06-26T15:58:05.342Z]  "GET /dist/audio-recorder-visualization.umd.js" "Mozilla/5.0 (X11; Linux x86_64) AppleWebKit/537.36 (KHTML, like Gecko) Cypress/15.8.1 Chrome/138.0.7204.251 Electron/37.6.0 Safari/537.36"
[2026-06-26T15:58:05.344Z]  "GET /examples/app-core.js" "Mozilla/5.0 (X11; Linux x86_64) AppleWebKit/537.36 (KHTML, like Gecko) Cypress/15.8.1 Chrome/138.0.7204.251 Electron/37.6.0 Safari/537.36"
[2026-06-26T15:58:05.354Z]  "GET /examples/app-features.js" "Mozilla/5.0 (X11; Linux x86_64) AppleWebKit/537.36 (KHTML, like Gecko) Cypress/15.8.1 Chrome/138.0.7204.251 Electron/37.6.0 Safari/537.36"
[2026-06-26T15:58:05.361Z]  "GET /examples/app-interactions.js" "Mozilla/5.0 (X11; Linux x86_64) AppleWebKit/537.36 (KHTML, like Gecko) Cypress/15.8.1 Chrome/138.0.7204.251 Electron/37.6.0 Safari/537.36"
[2026-06-26T15:58:05.417Z]  "GET /examples/youtube-upload.js" "Mozilla/5.0 (X11; Linux x86_64) AppleWebKit/537.36 (KHTML, like Gecko) Cypress/15.8.1 Chrome/138.0.7204.251 Electron/37.6.0 Safari/537.36"
[2026-06-26T15:58:05.512Z]  "GET /examples/pipeline.js" "Mozilla/5.0 (X11; Linux x86_64) AppleWebKit/537.36 (KHTML, like Gecko) Cypress/15.8.1 Chrome/138.0.7204.251 Electron/37.6.0 Safari/537.36"
[2026-06-26T15:58:08.635Z]  "GET /examples/index.html" "Mozilla/5.0 (X11; Linux x86_64) AppleWebKit/537.36 (KHTML, like Gecko) Cypress/15.8.1 Chrome/138.0.7204.251 Electron/37.6.0 Safari/537.36"
[2026-06-26T15:58:08.718Z]  "GET /examples/styles.css" "Mozilla/5.0 (X11; Linux x86_64) AppleWebKit/537.36 (KHTML, like Gecko) Cypress/15.8.1 Chrome/138.0.7204.251 Electron/37.6.0 Safari/537.36"
[2026-06-26T15:58:08.721Z]  "GET /dist/audio-recorder-visualization.umd.js" "Mozilla/5.0 (X11; Linux x86_64) AppleWebKit/537.36 (KHTML, like Gecko) Cypress/15.8.1 Chrome/138.0.7204.251 Electron/37.6.0 Safari/537.36"
[2026-06-26T15:58:08.724Z]  "GET /examples/app-core.js" "Mozilla/5.0 (X11; Linux x86_64) AppleWebKit/537.36 (KHTML, like Gecko) Cypress/15.8.1 Chrome/138.0.7204.251 Electron/37.6.0 Safari/537.36"
[2026-06-26T15:58:08.726Z]  "GET /examples/app-features.js" "Mozilla/5.0 (X11; Linux x86_64) AppleWebKit/537.36 (KHTML, like Gecko) Cypress/15.8.1 Chrome/138.0.7204.251 Electron/37.6.0 Safari/537.36"
[2026-06-26T15:58:08.728Z]  "GET /examples/app-interactions.js" "Mozilla/5.0 (X11; Linux x86_64) AppleWebKit/537.36 (KHTML, like Gecko) Cypress/15.8.1 Chrome/138.0.7204.251 Electron/37.6.0 Safari/537.36"
[2026-06-26T15:58:08.730Z]  "GET /examples/youtube-upload.js" "Mozilla/5.0 (X11; Linux x86_64) AppleWebKit/537.36 (KHTML, like Gecko) Cypress/15.8.1 Chrome/138.0.7204.251 Electron/37.6.0 Safari/537.36"
[2026-06-26T15:58:08.766Z]  "GET /examples/pipeline.js" "Mozilla/5.0 (X11; Linux x86_64) AppleWebKit/537.36 (KHTML, like Gecko) Cypress/15.8.1 Chrome/138.0.7204.251 Electron/37.6.0 Safari/537.36"
[2026-06-26T15:58:09.588Z]  "GET /examples/index.html" "Mozilla/5.0 (X11; Linux x86_64) AppleWebKit/537.36 (KHTML, like Gecko) Cypress/15.8.1 Chrome/138.0.7204.251 Electron/37.6.0 Safari/537.36"
[2026-06-26T15:58:09.618Z]  "GET /examples/styles.css" "Mozilla/5.0 (X11; Linux x86_64) AppleWebKit/537.36 (KHTML, like Gecko) Cypress/15.8.1 Chrome/138.0.7204.251 Electron/37.6.0 Safari/537.36"
[2026-06-26T15:58:09.621Z]  "GET /dist/audio-recorder-visualization.umd.js" "Mozilla/5.0 (X11; Linux x86_64) AppleWebKit/537.36 (KHTML, like Gecko) Cypress/15.8.1 Chrome/138.0.7204.251 Electron/37.6.0 Safari/537.36"
[2026-06-26T15:58:09.622Z]  "GET /examples/app-core.js" "Mozilla/5.0 (X11; Linux x86_64) AppleWebKit/537.36 (KHTML, like Gecko) Cypress/15.8.1 Chrome/138.0.7204.251 Electron/37.6.0 Safari/537.36"
[2026-06-26T15:58:09.624Z]  "GET /examples/app-features.js" "Mozilla/5.0 (X11; Linux x86_64) AppleWebKit/537.36 (KHTML, like Gecko) Cypress/15.8.1 Chrome/138.0.7204.251 Electron/37.6.0 Safari/537.36"
[2026-06-26T15:58:09.630Z]  "GET /examples/app-interactions.js" "Mozilla/5.0 (X11; Linux x86_64) AppleWebKit/537.36 (KHTML, like Gecko) Cypress/15.8.1 Chrome/138.0.7204.251 Electron/37.6.0 Safari/537.36"
[2026-06-26T15:58:09.631Z]  "GET /examples/youtube-upload.js" "Mozilla/5.0 (X11; Linux x86_64) AppleWebKit/537.36 (KHTML, like Gecko) Cypress/15.8.1 Chrome/138.0.7204.251 Electron/37.6.0 Safari/537.36"
[2026-06-26T15:58:09.674Z]  "GET /examples/pipeline.js" "Mozilla/5.0 (X11; Linux x86_64) AppleWebKit/537.36 (KHTML, like Gecko) Cypress/15.8.1 Chrome/138.0.7204.251 Electron/37.6.0 Safari/537.36"
[2026-06-26T15:58:10.936Z]  "GET /examples/index.html" "Mozilla/5.0 (X11; Linux x86_64) AppleWebKit/537.36 (KHTML, like Gecko) Cypress/15.8.1 Chrome/138.0.7204.251 Electron/37.6.0 Safari/537.36"
[2026-06-26T15:58:10.986Z]  "GET /examples/styles.css" "Mozilla/5.0 (X11; Linux x86_64) AppleWebKit/537.36 (KHTML, like Gecko) Cypress/15.8.1 Chrome/138.0.7204.251 Electron/37.6.0 Safari/537.36"
[2026-06-26T15:58:10.988Z]  "GET /dist/audio-recorder-visualization.umd.js" "Mozilla/5.0 (X11; Linux x86_64) AppleWebKit/537.36 (KHTML, like Gecko) Cypress/15.8.1 Chrome/138.0.7204.251 Electron/37.6.0 Safari/537.36"
[2026-06-26T15:58:10.996Z]  "GET /examples/app-core.js" "Mozilla/5.0 (X11; Linux x86_64) AppleWebKit/537.36 (KHTML, like Gecko) Cypress/15.8.1 Chrome/138.0.7204.251 Electron/37.6.0 Safari/537.36"
[2026-06-26T15:58:10.998Z]  "GET /examples/app-features.js" "Mozilla/5.0 (X11; Linux x86_64) AppleWebKit/537.36 (KHTML, like Gecko) Cypress/15.8.1 Chrome/138.0.7204.251 Electron/37.6.0 Safari/537.36"
[2026-06-26T15:58:11.019Z]  "GET /examples/app-interactions.js" "Mozilla/5.0 (X11; Linux x86_64) AppleWebKit/537.36 (KHTML, like Gecko) Cypress/15.8.1 Chrome/138.0.7204.251 Electron/37.6.0 Safari/537.36"
[2026-06-26T15:58:11.022Z]  "GET /examples/youtube-upload.js" "Mozilla/5.0 (X11; Linux x86_64) AppleWebKit/537.36 (KHTML, like Gecko) Cypress/15.8.1 Chrome/138.0.7204.251 Electron/37.6.0 Safari/537.36"
[2026-06-26T15:58:11.053Z]  "GET /examples/pipeline.js" "Mozilla/5.0 (X11; Linux x86_64) AppleWebKit/537.36 (KHTML, like Gecko) Cypress/15.8.1 Chrome/138.0.7204.251 Electron/37.6.0 Safari/537.36"
[2026-06-26T15:58:12.267Z]  "GET /examples/index.html" "Mozilla/5.0 (X11; Linux x86_64) AppleWebKit/537.36 (KHTML, like Gecko) Cypress/15.8.1 Chrome/138.0.7204.251 Electron/37.6.0 Safari/537.36"
[2026-06-26T15:58:12.333Z]  "GET /examples/styles.css" "Mozilla/5.0 (X11; Linux x86_64) AppleWebKit/537.36 (KHTML, like Gecko) Cypress/15.8.1 Chrome/138.0.7204.251 Electron/37.6.0 Safari/537.36"
[2026-06-26T15:58:12.337Z]  "GET /dist/audio-recorder-visualization.umd.js" "Mozilla/5.0 (X11; Linux x86_64) AppleWebKit/537.36 (KHTML, like Gecko) Cypress/15.8.1 Chrome/138.0.7204.251 Electron/37.6.0 Safari/537.36"
[2026-06-26T15:58:12.338Z]  "GET /examples/app-core.js" "Mozilla/5.0 (X11; Linux x86_64) AppleWebKit/537.36 (KHTML, like Gecko) Cypress/15.8.1 Chrome/138.0.7204.251 Electron/37.6.0 Safari/537.36"
[2026-06-26T15:58:12.343Z]  "GET /examples/app-features.js" "Mozilla/5.0 (X11; Linux x86_64) AppleWebKit/537.36 (KHTML, like Gecko) Cypress/15.8.1 Chrome/138.0.7204.251 Electron/37.6.0 Safari/537.36"
[2026-06-26T15:58:12.343Z]  "GET /examples/app-interactions.js" "Mozilla/5.0 (X11; Linux x86_64) AppleWebKit/537.36 (KHTML, like Gecko) Cypress/15.8.1 Chrome/138.0.7204.251 Electron/37.6.0 Safari/537.36"
[2026-06-26T15:58:12.387Z]  "GET /examples/youtube-upload.js" "Mozilla/5.0 (X11; Linux x86_64) AppleWebKit/537.36 (KHTML, like Gecko) Cypress/15.8.1 Chrome/138.0.7204.251 Electron/37.6.0 Safari/537.36"
[2026-06-26T15:58:12.433Z]  "GET /examples/pipeline.js" "Mozilla/5.0 (X11; Linux x86_64) AppleWebKit/537.36 (KHTML, like Gecko) Cypress/15.8.1 Chrome/138.0.7204.251 Electron/37.6.0 Safari/537.36"
[2026-06-26T15:58:23.629Z]  "GET /examples/index.html" "Mozilla/5.0 (X11; Linux x86_64) AppleWebKit/537.36 (KHTML, like Gecko) Cypress/15.8.1 Chrome/138.0.7204.251 Electron/37.6.0 Safari/537.36"
[2026-06-26T15:58:23.686Z]  "GET /examples/styles.css" "Mozilla/5.0 (X11; Linux x86_64) AppleWebKit/537.36 (KHTML, like Gecko) Cypress/15.8.1 Chrome/138.0.7204.251 Electron/37.6.0 Safari/537.36"
[2026-06-26T15:58:23.692Z]  "GET /dist/audio-recorder-visualization.umd.js" "Mozilla/5.0 (X11; Linux x86_64) AppleWebKit/537.36 (KHTML, like Gecko) Cypress/15.8.1 Chrome/138.0.7204.251 Electron/37.6.0 Safari/537.36"
[2026-06-26T15:58:23.708Z]  "GET /examples/app-interactions.js" "Mozilla/5.0 (X11; Linux x86_64) AppleWebKit/537.36 (KHTML, like Gecko) Cypress/15.8.1 Chrome/138.0.7204.251 Electron/37.6.0 Safari/537.36"
[2026-06-26T15:58:23.713Z]  "GET /examples/app-core.js" "Mozilla/5.0 (X11; Linux x86_64) AppleWebKit/537.36 (KHTML, like Gecko) Cypress/15.8.1 Chrome/138.0.7204.251 Electron/37.6.0 Safari/537.36"
[2026-06-26T15:58:23.713Z]  "GET /examples/app-features.js" "Mozilla/5.0 (X11; Linux x86_64) AppleWebKit/537.36 (KHTML, like Gecko) Cypress/15.8.1 Chrome/138.0.7204.251 Electron/37.6.0 Safari/537.36"
[2026-06-26T15:58:23.715Z]  "GET /examples/youtube-upload.js" "Mozilla/5.0 (X11; Linux x86_64) AppleWebKit/537.36 (KHTML, like Gecko) Cypress/15.8.1 Chrome/138.0.7204.251 Electron/37.6.0 Safari/537.36"
[2026-06-26T15:58:23.721Z]  "GET /examples/pipeline.js" "Mozilla/5.0 (X11; Linux x86_64) AppleWebKit/537.36 (KHTML, like Gecko) Cypress/15.8.1 Chrome/138.0.7204.251 Electron/37.6.0 Safari/537.36"
[2026-06-26T15:58:24.530Z]  "GET /examples/index.html" "Mozilla/5.0 (X11; Linux x86_64) AppleWebKit/537.36 (KHTML, like Gecko) Cypress/15.8.1 Chrome/138.0.7204.251 Electron/37.6.0 Safari/537.36"
[2026-06-26T15:58:24.597Z]  "GET /examples/styles.css" "Mozilla/5.0 (X11; Linux x86_64) AppleWebKit/537.36 (KHTML, like Gecko) Cypress/15.8.1 Chrome/138.0.7204.251 Electron/37.6.0 Safari/537.36"
[2026-06-26T15:58:24.598Z]  "GET /dist/audio-recorder-visualization.umd.js" "Mozilla/5.0 (X11; Linux x86_64) AppleWebKit/537.36 (KHTML, like Gecko) Cypress/15.8.1 Chrome/138.0.7204.251 Electron/37.6.0 Safari/537.36"
[2026-06-26T15:58:24.599Z]  "GET /examples/app-core.js" "Mozilla/5.0 (X11; Linux x86_64) AppleWebKit/537.36 (KHTML, like Gecko) Cypress/15.8.1 Chrome/138.0.7204.251 Electron/37.6.0 Safari/537.36"
[2026-06-26T15:58:24.607Z]  "GET /examples/app-features.js" "Mozilla/5.0 (X11; Linux x86_64) AppleWebKit/537.36 (KHTML, like Gecko) Cypress/15.8.1 Chrome/138.0.7204.251 Electron/37.6.0 Safari/537.36"
[2026-06-26T15:58:24.608Z]  "GET /examples/app-interactions.js" "Mozilla/5.0 (X11; Linux x86_64) AppleWebKit/537.36 (KHTML, like Gecko) Cypress/15.8.1 Chrome/138.0.7204.251 Electron/37.6.0 Safari/537.36"
[2026-06-26T15:58:24.621Z]  "GET /examples/youtube-upload.js" "Mozilla/5.0 (X11; Linux x86_64) AppleWebKit/537.36 (KHTML, like Gecko) Cypress/15.8.1 Chrome/138.0.7204.251 Electron/37.6.0 Safari/537.36"
[2026-06-26T15:58:24.635Z]  "GET /examples/pipeline.js" "Mozilla/5.0 (X11; Linux x86_64) AppleWebKit/537.36 (KHTML, like Gecko) Cypress/15.8.1 Chrome/138.0.7204.251 Electron/37.6.0 Safari/537.36"
[2026-06-26T15:58:25.583Z]  "GET /examples/index.html" "Mozilla/5.0 (X11; Linux x86_64) AppleWebKit/537.36 (KHTML, like Gecko) Cypress/15.8.1 Chrome/138.0.7204.251 Electron/37.6.0 Safari/537.36"
[2026-06-26T15:58:25.630Z]  "GET /examples/styles.css" "Mozilla/5.0 (X11; Linux x86_64) AppleWebKit/537.36 (KHTML, like Gecko) Cypress/15.8.1 Chrome/138.0.7204.251 Electron/37.6.0 Safari/537.36"
[2026-06-26T15:58:25.632Z]  "GET /dist/audio-recorder-visualization.umd.js" "Mozilla/5.0 (X11; Linux x86_64) AppleWebKit/537.36 (KHTML, like Gecko) Cypress/15.8.1 Chrome/138.0.7204.251 Electron/37.6.0 Safari/537.36"
[2026-06-26T15:58:25.636Z]  "GET /examples/app-core.js" "Mozilla/5.0 (X11; Linux x86_64) AppleWebKit/537.36 (KHTML, like Gecko) Cypress/15.8.1 Chrome/138.0.7204.251 Electron/37.6.0 Safari/537.36"
[2026-06-26T15:58:25.637Z]  "GET /examples/app-features.js" "Mozilla/5.0 (X11; Linux x86_64) AppleWebKit/537.36 (KHTML, like Gecko) Cypress/15.8.1 Chrome/138.0.7204.251 Electron/37.6.0 Safari/537.36"
[2026-06-26T15:58:25.638Z]  "GET /examples/app-interactions.js" "Mozilla/5.0 (X11; Linux x86_64) AppleWebKit/537.36 (KHTML, like Gecko) Cypress/15.8.1 Chrome/138.0.7204.251 Electron/37.6.0 Safari/537.36"
[2026-06-26T15:58:25.638Z]  "GET /examples/youtube-upload.js" "Mozilla/5.0 (X11; Linux x86_64) AppleWebKit/537.36 (KHTML, like Gecko) Cypress/15.8.1 Chrome/138.0.7204.251 Electron/37.6.0 Safari/537.36"
[2026-06-26T15:58:25.687Z]  "GET /examples/pipeline.js" "Mozilla/5.0 (X11; Linux x86_64) AppleWebKit/537.36 (KHTML, like Gecko) Cypress/15.8.1 Chrome/138.0.7204.251 Electron/37.6.0 Safari/537.36"
[2026-06-26T15:58:26.476Z]  "GET /examples/index.html" "Mozilla/5.0 (X11; Linux x86_64) AppleWebKit/537.36 (KHTML, like Gecko) Cypress/15.8.1 Chrome/138.0.7204.251 Electron/37.6.0 Safari/537.36"
[2026-06-26T15:58:26.559Z]  "GET /examples/styles.css" "Mozilla/5.0 (X11; Linux x86_64) AppleWebKit/537.36 (KHTML, like Gecko) Cypress/15.8.1 Chrome/138.0.7204.251 Electron/37.6.0 Safari/537.36"
[2026-06-26T15:58:26.571Z]  "GET /dist/audio-recorder-visualization.umd.js" "Mozilla/5.0 (X11; Linux x86_64) AppleWebKit/537.36 (KHTML, like Gecko) Cypress/15.8.1 Chrome/138.0.7204.251 Electron/37.6.0 Safari/537.36"
[2026-06-26T15:58:26.572Z]  "GET /examples/app-core.js" "Mozilla/5.0 (X11; Linux x86_64) AppleWebKit/537.36 (KHTML, like Gecko) Cypress/15.8.1 Chrome/138.0.7204.251 Electron/37.6.0 Safari/537.36"
[2026-06-26T15:58:26.575Z]  "GET /examples/app-features.js" "Mozilla/5.0 (X11; Linux x86_64) AppleWebKit/537.36 (KHTML, like Gecko) Cypress/15.8.1 Chrome/138.0.7204.251 Electron/37.6.0 Safari/537.36"
[2026-06-26T15:58:26.585Z]  "GET /examples/app-interactions.js" "Mozilla/5.0 (X11; Linux x86_64) AppleWebKit/537.36 (KHTML, like Gecko) Cypress/15.8.1 Chrome/138.0.7204.251 Electron/37.6.0 Safari/537.36"
[2026-06-26T15:58:26.592Z]  "GET /examples/youtube-upload.js" "Mozilla/5.0 (X11; Linux x86_64) AppleWebKit/537.36 (KHTML, like Gecko) Cypress/15.8.1 Chrome/138.0.7204.251 Electron/37.6.0 Safari/537.36"
[2026-06-26T15:58:26.637Z]  "GET /examples/pipeline.js" "Mozilla/5.0 (X11; Linux x86_64) AppleWebKit/537.36 (KHTML, like Gecko) Cypress/15.8.1 Chrome/138.0.7204.251 Electron/37.6.0 Safari/537.36"
[2026-06-26T15:58:27.712Z]  "GET /examples/index.html" "Mozilla/5.0 (X11; Linux x86_64) AppleWebKit/537.36 (KHTML, like Gecko) Cypress/15.8.1 Chrome/138.0.7204.251 Electron/37.6.0 Safari/537.36"
[2026-06-26T15:58:27.777Z]  "GET /examples/styles.css" "Mozilla/5.0 (X11; Linux x86_64) AppleWebKit/537.36 (KHTML, like Gecko) Cypress/15.8.1 Chrome/138.0.7204.251 Electron/37.6.0 Safari/537.36"
[2026-06-26T15:58:27.783Z]  "GET /dist/audio-recorder-visualization.umd.js" "Mozilla/5.0 (X11; Linux x86_64) AppleWebKit/537.36 (KHTML, like Gecko) Cypress/15.8.1 Chrome/138.0.7204.251 Electron/37.6.0 Safari/537.36"
[2026-06-26T15:58:27.785Z]  "GET /examples/app-core.js" "Mozilla/5.0 (X11; Linux x86_64) AppleWebKit/537.36 (KHTML, like Gecko) Cypress/15.8.1 Chrome/138.0.7204.251 Electron/37.6.0 Safari/537.36"
[2026-06-26T15:58:27.787Z]  "GET /examples/app-features.js" "Mozilla/5.0 (X11; Linux x86_64) AppleWebKit/537.36 (KHTML, like Gecko) Cypress/15.8.1 Chrome/138.0.7204.251 Electron/37.6.0 Safari/537.36"
[2026-06-26T15:58:27.803Z]  "GET /examples/app-interactions.js" "Mozilla/5.0 (X11; Linux x86_64) AppleWebKit/537.36 (KHTML, like Gecko) Cypress/15.8.1 Chrome/138.0.7204.251 Electron/37.6.0 Safari/537.36"
[2026-06-26T15:58:27.816Z]  "GET /examples/youtube-upload.js" "Mozilla/5.0 (X11; Linux x86_64) AppleWebKit/537.36 (KHTML, like Gecko) Cypress/15.8.1 Chrome/138.0.7204.251 Electron/37.6.0 Safari/537.36"
[2026-06-26T15:58:27.835Z]  "GET /examples/pipeline.js" "Mozilla/5.0 (X11; Linux x86_64) AppleWebKit/537.36 (KHTML, like Gecko) Cypress/15.8.1 Chrome/138.0.7204.251 Electron/37.6.0 Safari/537.36"
[2026-06-26T15:58:28.676Z]  "GET /examples/index.html" "Mozilla/5.0 (X11; Linux x86_64) AppleWebKit/537.36 (KHTML, like Gecko) Cypress/15.8.1 Chrome/138.0.7204.251 Electron/37.6.0 Safari/537.36"
[2026-06-26T15:58:28.708Z]  "GET /examples/styles.css" "Mozilla/5.0 (X11; Linux x86_64) AppleWebKit/537.36 (KHTML, like Gecko) Cypress/15.8.1 Chrome/138.0.7204.251 Electron/37.6.0 Safari/537.36"
[2026-06-26T15:58:28.720Z]  "GET /dist/audio-recorder-visualization.umd.js" "Mozilla/5.0 (X11; Linux x86_64) AppleWebKit/537.36 (KHTML, like Gecko) Cypress/15.8.1 Chrome/138.0.7204.251 Electron/37.6.0 Safari/537.36"
[2026-06-26T15:58:28.722Z]  "GET /examples/app-core.js" "Mozilla/5.0 (X11; Linux x86_64) AppleWebKit/537.36 (KHTML, like Gecko) Cypress/15.8.1 Chrome/138.0.7204.251 Electron/37.6.0 Safari/537.36"
[2026-06-26T15:58:28.723Z]  "GET /examples/app-features.js" "Mozilla/5.0 (X11; Linux x86_64) AppleWebKit/537.36 (KHTML, like Gecko) Cypress/15.8.1 Chrome/138.0.7204.251 Electron/37.6.0 Safari/537.36"
[2026-06-26T15:58:28.724Z]  "GET /examples/app-interactions.js" "Mozilla/5.0 (X11; Linux x86_64) AppleWebKit/537.36 (KHTML, like Gecko) Cypress/15.8.1 Chrome/138.0.7204.251 Electron/37.6.0 Safari/537.36"
[2026-06-26T15:58:28.729Z]  "GET /examples/youtube-upload.js" "Mozilla/5.0 (X11; Linux x86_64) AppleWebKit/537.36 (KHTML, like Gecko) Cypress/15.8.1 Chrome/138.0.7204.251 Electron/37.6.0 Safari/537.36"
[2026-06-26T15:58:28.762Z]  "GET /examples/pipeline.js" "Mozilla/5.0 (X11; Linux x86_64) AppleWebKit/537.36 (KHTML, like Gecko) Cypress/15.8.1 Chrome/138.0.7204.251 Electron/37.6.0 Safari/537.36"
[2026-06-26T15:58:31.231Z]  "GET /examples/index.html" "Mozilla/5.0 (X11; Linux x86_64) AppleWebKit/537.36 (KHTML, like Gecko) Cypress/15.8.1 Chrome/138.0.7204.251 Electron/37.6.0 Safari/537.36"
[2026-06-26T15:58:31.328Z]  "GET /examples/styles.css" "Mozilla/5.0 (X11; Linux x86_64) AppleWebKit/537.36 (KHTML, like Gecko) Cypress/15.8.1 Chrome/138.0.7204.251 Electron/37.6.0 Safari/537.36"
[2026-06-26T15:58:31.341Z]  "GET /dist/audio-recorder-visualization.umd.js" "Mozilla/5.0 (X11; Linux x86_64) AppleWebKit/537.36 (KHTML, like Gecko) Cypress/15.8.1 Chrome/138.0.7204.251 Electron/37.6.0 Safari/537.36"
[2026-06-26T15:58:31.342Z]  "GET /examples/app-core.js" "Mozilla/5.0 (X11; Linux x86_64) AppleWebKit/537.36 (KHTML, like Gecko) Cypress/15.8.1 Chrome/138.0.7204.251 Electron/37.6.0 Safari/537.36"
[2026-06-26T15:58:31.349Z]  "GET /examples/app-features.js" "Mozilla/5.0 (X11; Linux x86_64) AppleWebKit/537.36 (KHTML, like Gecko) Cypress/15.8.1 Chrome/138.0.7204.251 Electron/37.6.0 Safari/537.36"
[2026-06-26T15:58:31.358Z]  "GET /examples/app-interactions.js" "Mozilla/5.0 (X11; Linux x86_64) AppleWebKit/537.36 (KHTML, like Gecko) Cypress/15.8.1 Chrome/138.0.7204.251 Electron/37.6.0 Safari/537.36"
[2026-06-26T15:58:31.359Z]  "GET /examples/youtube-upload.js" "Mozilla/5.0 (X11; Linux x86_64) AppleWebKit/537.36 (KHTML, like Gecko) Cypress/15.8.1 Chrome/138.0.7204.251 Electron/37.6.0 Safari/537.36"
[2026-06-26T15:58:31.371Z]  "GET /examples/pipeline.js" "Mozilla/5.0 (X11; Linux x86_64) AppleWebKit/537.36 (KHTML, like Gecko) Cypress/15.8.1 Chrome/138.0.7204.251 Electron/37.6.0 Safari/537.36"
[2026-06-26T15:58:32.370Z]  "GET /examples/index.html" "Mozilla/5.0 (X11; Linux x86_64) AppleWebKit/537.36 (KHTML, like Gecko) Cypress/15.8.1 Chrome/138.0.7204.251 Electron/37.6.0 Safari/537.36"
[2026-06-26T15:58:32.413Z]  "GET /examples/styles.css" "Mozilla/5.0 (X11; Linux x86_64) AppleWebKit/537.36 (KHTML, like Gecko) Cypress/15.8.1 Chrome/138.0.7204.251 Electron/37.6.0 Safari/537.36"
[2026-06-26T15:58:32.416Z]  "GET /dist/audio-recorder-visualization.umd.js" "Mozilla/5.0 (X11; Linux x86_64) AppleWebKit/537.36 (KHTML, like Gecko) Cypress/15.8.1 Chrome/138.0.7204.251 Electron/37.6.0 Safari/537.36"
[2026-06-26T15:58:32.418Z]  "GET /examples/app-core.js" "Mozilla/5.0 (X11; Linux x86_64) AppleWebKit/537.36 (KHTML, like Gecko) Cypress/15.8.1 Chrome/138.0.7204.251 Electron/37.6.0 Safari/537.36"
[2026-06-26T15:58:32.421Z]  "GET /examples/app-features.js" "Mozilla/5.0 (X11; Linux x86_64) AppleWebKit/537.36 (KHTML, like Gecko) Cypress/15.8.1 Chrome/138.0.7204.251 Electron/37.6.0 Safari/537.36"
[2026-06-26T15:58:32.421Z]  "GET /examples/app-interactions.js" "Mozilla/5.0 (X11; Linux x86_64) AppleWebKit/537.36 (KHTML, like Gecko) Cypress/15.8.1 Chrome/138.0.7204.251 Electron/37.6.0 Safari/537.36"
[2026-06-26T15:58:32.423Z]  "GET /examples/youtube-upload.js" "Mozilla/5.0 (X11; Linux x86_64) AppleWebKit/537.36 (KHTML, like Gecko) Cypress/15.8.1 Chrome/138.0.7204.251 Electron/37.6.0 Safari/537.36"
[2026-06-26T15:58:32.474Z]  "GET /examples/pipeline.js" "Mozilla/5.0 (X11; Linux x86_64) AppleWebKit/537.36 (KHTML, like Gecko) Cypress/15.8.1 Chrome/138.0.7204.251 Electron/37.6.0 Safari/537.36"
[2026-06-26T15:58:34.341Z]  "GET /examples/index.html" "Mozilla/5.0 (X11; Linux x86_64) AppleWebKit/537.36 (KHTML, like Gecko) Cypress/15.8.1 Chrome/138.0.7204.251 Electron/37.6.0 Safari/537.36"
[2026-06-26T15:58:34.474Z]  "GET /examples/styles.css" "Mozilla/5.0 (X11; Linux x86_64) AppleWebKit/537.36 (KHTML, like Gecko) Cypress/15.8.1 Chrome/138.0.7204.251 Electron/37.6.0 Safari/537.36"
[2026-06-26T15:58:34.478Z]  "GET /dist/audio-recorder-visualization.umd.js" "Mozilla/5.0 (X11; Linux x86_64) AppleWebKit/537.36 (KHTML, like Gecko) Cypress/15.8.1 Chrome/138.0.7204.251 Electron/37.6.0 Safari/537.36"
[2026-06-26T15:58:34.489Z]  "GET /examples/app-core.js" "Mozilla/5.0 (X11; Linux x86_64) AppleWebKit/537.36 (KHTML, like Gecko) Cypress/15.8.1 Chrome/138.0.7204.251 Electron/37.6.0 Safari/537.36"
[2026-06-26T15:58:34.495Z]  "GET /examples/app-features.js" "Mozilla/5.0 (X11; Linux x86_64) AppleWebKit/537.36 (KHTML, like Gecko) Cypress/15.8.1 Chrome/138.0.7204.251 Electron/37.6.0 Safari/537.36"
[2026-06-26T15:58:34.499Z]  "GET /examples/app-interactions.js" "Mozilla/5.0 (X11; Linux x86_64) AppleWebKit/537.36 (KHTML, like Gecko) Cypress/15.8.1 Chrome/138.0.7204.251 Electron/37.6.0 Safari/537.36"
[2026-06-26T15:58:34.502Z]  "GET /examples/youtube-upload.js" "Mozilla/5.0 (X11; Linux x86_64) AppleWebKit/537.36 (KHTML, like Gecko) Cypress/15.8.1 Chrome/138.0.7204.251 Electron/37.6.0 Safari/537.36"
[2026-06-26T15:58:34.580Z]  "GET /examples/pipeline.js" "Mozilla/5.0 (X11; Linux x86_64) AppleWebKit/537.36 (KHTML, like Gecko) Cypress/15.8.1 Chrome/138.0.7204.251 Electron/37.6.0 Safari/537.36"
[2026-06-26T15:58:35.708Z]  "GET /examples/index.html" "Mozilla/5.0 (X11; Linux x86_64) AppleWebKit/537.36 (KHTML, like Gecko) Cypress/15.8.1 Chrome/138.0.7204.251 Electron/37.6.0 Safari/537.36"
[2026-06-26T15:58:35.761Z]  "GET /examples/styles.css" "Mozilla/5.0 (X11; Linux x86_64) AppleWebKit/537.36 (KHTML, like Gecko) Cypress/15.8.1 Chrome/138.0.7204.251 Electron/37.6.0 Safari/537.36"
[2026-06-26T15:58:35.763Z]  "GET /dist/audio-recorder-visualization.umd.js" "Mozilla/5.0 (X11; Linux x86_64) AppleWebKit/537.36 (KHTML, like Gecko) Cypress/15.8.1 Chrome/138.0.7204.251 Electron/37.6.0 Safari/537.36"
[2026-06-26T15:58:35.765Z]  "GET /examples/app-core.js" "Mozilla/5.0 (X11; Linux x86_64) AppleWebKit/537.36 (KHTML, like Gecko) Cypress/15.8.1 Chrome/138.0.7204.251 Electron/37.6.0 Safari/537.36"
[2026-06-26T15:58:35.768Z]  "GET /examples/app-features.js" "Mozilla/5.0 (X11; Linux x86_64) AppleWebKit/537.36 (KHTML, like Gecko) Cypress/15.8.1 Chrome/138.0.7204.251 Electron/37.6.0 Safari/537.36"
[2026-06-26T15:58:35.769Z]  "GET /examples/app-interactions.js" "Mozilla/5.0 (X11; Linux x86_64) AppleWebKit/537.36 (KHTML, like Gecko) Cypress/15.8.1 Chrome/138.0.7204.251 Electron/37.6.0 Safari/537.36"
[2026-06-26T15:58:35.769Z]  "GET /examples/youtube-upload.js" "Mozilla/5.0 (X11; Linux x86_64) AppleWebKit/537.36 (KHTML, like Gecko) Cypress/15.8.1 Chrome/138.0.7204.251 Electron/37.6.0 Safari/537.36"
[2026-06-26T15:58:35.797Z]  "GET /examples/pipeline.js" "Mozilla/5.0 (X11; Linux x86_64) AppleWebKit/537.36 (KHTML, like Gecko) Cypress/15.8.1 Chrome/138.0.7204.251 Electron/37.6.0 Safari/537.36"
[2026-06-26T15:58:36.859Z]  "GET /examples/index.html" "Mozilla/5.0 (X11; Linux x86_64) AppleWebKit/537.36 (KHTML, like Gecko) Cypress/15.8.1 Chrome/138.0.7204.251 Electron/37.6.0 Safari/537.36"
[2026-06-26T15:58:36.948Z]  "GET /examples/styles.css" "Mozilla/5.0 (X11; Linux x86_64) AppleWebKit/537.36 (KHTML, like Gecko) Cypress/15.8.1 Chrome/138.0.7204.251 Electron/37.6.0 Safari/537.36"
[2026-06-26T15:58:36.968Z]  "GET /dist/audio-recorder-visualization.umd.js" "Mozilla/5.0 (X11; Linux x86_64) AppleWebKit/537.36 (KHTML, like Gecko) Cypress/15.8.1 Chrome/138.0.7204.251 Electron/37.6.0 Safari/537.36"
[2026-06-26T15:58:36.970Z]  "GET /examples/app-core.js" "Mozilla/5.0 (X11; Linux x86_64) AppleWebKit/537.36 (KHTML, like Gecko) Cypress/15.8.1 Chrome/138.0.7204.251 Electron/37.6.0 Safari/537.36"
[2026-06-26T15:58:36.972Z]  "GET /examples/app-features.js" "Mozilla/5.0 (X11; Linux x86_64) AppleWebKit/537.36 (KHTML, like Gecko) Cypress/15.8.1 Chrome/138.0.7204.251 Electron/37.6.0 Safari/537.36"
[2026-06-26T15:58:36.975Z]  "GET /examples/app-interactions.js" "Mozilla/5.0 (X11; Linux x86_64) AppleWebKit/537.36 (KHTML, like Gecko) Cypress/15.8.1 Chrome/138.0.7204.251 Electron/37.6.0 Safari/537.36"
[2026-06-26T15:58:36.976Z]  "GET /examples/youtube-upload.js" "Mozilla/5.0 (X11; Linux x86_64) AppleWebKit/537.36 (KHTML, like Gecko) Cypress/15.8.1 Chrome/138.0.7204.251 Electron/37.6.0 Safari/537.36"
[2026-06-26T15:58:37.062Z]  "GET /examples/pipeline.js" "Mozilla/5.0 (X11; Linux x86_64) AppleWebKit/537.36 (KHTML, like Gecko) Cypress/15.8.1 Chrome/138.0.7204.251 Electron/37.6.0 Safari/537.36"
[2026-06-26T15:58:38.007Z]  "GET /examples/index.html" "Mozilla/5.0 (X11; Linux x86_64) AppleWebKit/537.36 (KHTML, like Gecko) Cypress/15.8.1 Chrome/138.0.7204.251 Electron/37.6.0 Safari/537.36"
[2026-06-26T15:58:38.096Z]  "GET /examples/styles.css" "Mozilla/5.0 (X11; Linux x86_64) AppleWebKit/537.36 (KHTML, like Gecko) Cypress/15.8.1 Chrome/138.0.7204.251 Electron/37.6.0 Safari/537.36"
[2026-06-26T15:58:38.101Z]  "GET /dist/audio-recorder-visualization.umd.js" "Mozilla/5.0 (X11; Linux x86_64) AppleWebKit/537.36 (KHTML, like Gecko) Cypress/15.8.1 Chrome/138.0.7204.251 Electron/37.6.0 Safari/537.36"
[2026-06-26T15:58:38.102Z]  "GET /examples/app-core.js" "Mozilla/5.0 (X11; Linux x86_64) AppleWebKit/537.36 (KHTML, like Gecko) Cypress/15.8.1 Chrome/138.0.7204.251 Electron/37.6.0 Safari/537.36"
[2026-06-26T15:58:38.106Z]  "GET /examples/app-features.js" "Mozilla/5.0 (X11; Linux x86_64) AppleWebKit/537.36 (KHTML, like Gecko) Cypress/15.8.1 Chrome/138.0.7204.251 Electron/37.6.0 Safari/537.36"
[2026-06-26T15:58:38.106Z]  "GET /examples/app-interactions.js" "Mozilla/5.0 (X11; Linux x86_64) AppleWebKit/537.36 (KHTML, like Gecko) Cypress/15.8.1 Chrome/138.0.7204.251 Electron/37.6.0 Safari/537.36"
[2026-06-26T15:58:38.106Z]  "GET /examples/youtube-upload.js" "Mozilla/5.0 (X11; Linux x86_64) AppleWebKit/537.36 (KHTML, like Gecko) Cypress/15.8.1 Chrome/138.0.7204.251 Electron/37.6.0 Safari/537.36"
[2026-06-26T15:58:38.152Z]  "GET /examples/pipeline.js" "Mozilla/5.0 (X11; Linux x86_64) AppleWebKit/537.36 (KHTML, like Gecko) Cypress/15.8.1 Chrome/138.0.7204.251 Electron/37.6.0 Safari/537.36"
[2026-06-26T15:58:40.232Z]  "GET /examples/index.html" "Mozilla/5.0 (X11; Linux x86_64) AppleWebKit/537.36 (KHTML, like Gecko) Cypress/15.8.1 Chrome/138.0.7204.251 Electron/37.6.0 Safari/537.36"
[2026-06-26T15:58:40.325Z]  "GET /examples/styles.css" "Mozilla/5.0 (X11; Linux x86_64) AppleWebKit/537.36 (KHTML, like Gecko) Cypress/15.8.1 Chrome/138.0.7204.251 Electron/37.6.0 Safari/537.36"
[2026-06-26T15:58:40.327Z]  "GET /dist/audio-recorder-visualization.umd.js" "Mozilla/5.0 (X11; Linux x86_64) AppleWebKit/537.36 (KHTML, like Gecko) Cypress/15.8.1 Chrome/138.0.7204.251 Electron/37.6.0 Safari/537.36"
[2026-06-26T15:58:40.332Z]  "GET /examples/app-core.js" "Mozilla/5.0 (X11; Linux x86_64) AppleWebKit/537.36 (KHTML, like Gecko) Cypress/15.8.1 Chrome/138.0.7204.251 Electron/37.6.0 Safari/537.36"
[2026-06-26T15:58:40.333Z]  "GET /examples/app-features.js" "Mozilla/5.0 (X11; Linux x86_64) AppleWebKit/537.36 (KHTML, like Gecko) Cypress/15.8.1 Chrome/138.0.7204.251 Electron/37.6.0 Safari/537.36"
[2026-06-26T15:58:40.335Z]  "GET /examples/app-interactions.js" "Mozilla/5.0 (X11; Linux x86_64) AppleWebKit/537.36 (KHTML, like Gecko) Cypress/15.8.1 Chrome/138.0.7204.251 Electron/37.6.0 Safari/537.36"
[2026-06-26T15:58:40.339Z]  "GET /examples/youtube-upload.js" "Mozilla/5.0 (X11; Linux x86_64) AppleWebKit/537.36 (KHTML, like Gecko) Cypress/15.8.1 Chrome/138.0.7204.251 Electron/37.6.0 Safari/537.36"
[2026-06-26T15:58:40.383Z]  "GET /examples/pipeline.js" "Mozilla/5.0 (X11; Linux x86_64) AppleWebKit/537.36 (KHTML, like Gecko) Cypress/15.8.1 Chrome/138.0.7204.251 Electron/37.6.0 Safari/537.36"
[2026-06-26T15:58:41.934Z]  "GET /examples/index.html" "Mozilla/5.0 (X11; Linux x86_64) AppleWebKit/537.36 (KHTML, like Gecko) Cypress/15.8.1 Chrome/138.0.7204.251 Electron/37.6.0 Safari/537.36"
[2026-06-26T15:58:42.007Z]  "GET /examples/styles.css" "Mozilla/5.0 (X11; Linux x86_64) AppleWebKit/537.36 (KHTML, like Gecko) Cypress/15.8.1 Chrome/138.0.7204.251 Electron/37.6.0 Safari/537.36"
[2026-06-26T15:58:42.018Z]  "GET /dist/audio-recorder-visualization.umd.js" "Mozilla/5.0 (X11; Linux x86_64) AppleWebKit/537.36 (KHTML, like Gecko) Cypress/15.8.1 Chrome/138.0.7204.251 Electron/37.6.0 Safari/537.36"
[2026-06-26T15:58:42.019Z]  "GET /examples/app-core.js" "Mozilla/5.0 (X11; Linux x86_64) AppleWebKit/537.36 (KHTML, like Gecko) Cypress/15.8.1 Chrome/138.0.7204.251 Electron/37.6.0 Safari/537.36"
[2026-06-26T15:58:42.022Z]  "GET /examples/app-features.js" "Mozilla/5.0 (X11; Linux x86_64) AppleWebKit/537.36 (KHTML, like Gecko) Cypress/15.8.1 Chrome/138.0.7204.251 Electron/37.6.0 Safari/537.36"
[2026-06-26T15:58:42.024Z]  "GET /examples/app-interactions.js" "Mozilla/5.0 (X11; Linux x86_64) AppleWebKit/537.36 (KHTML, like Gecko) Cypress/15.8.1 Chrome/138.0.7204.251 Electron/37.6.0 Safari/537.36"
[2026-06-26T15:58:42.027Z]  "GET /examples/youtube-upload.js" "Mozilla/5.0 (X11; Linux x86_64) AppleWebKit/537.36 (KHTML, like Gecko) Cypress/15.8.1 Chrome/138.0.7204.251 Electron/37.6.0 Safari/537.36"
[2026-06-26T15:58:42.083Z]  "GET /examples/pipeline.js" "Mozilla/5.0 (X11; Linux x86_64) AppleWebKit/537.36 (KHTML, like Gecko) Cypress/15.8.1 Chrome/138.0.7204.251 Electron/37.6.0 Safari/537.36"
[2026-06-26T15:58:43.834Z]  "GET /examples/index.html" "Mozilla/5.0 (X11; Linux x86_64) AppleWebKit/537.36 (KHTML, like Gecko) Cypress/15.8.1 Chrome/138.0.7204.251 Electron/37.6.0 Safari/537.36"
[2026-06-26T15:58:43.931Z]  "GET /examples/styles.css" "Mozilla/5.0 (X11; Linux x86_64) AppleWebKit/537.36 (KHTML, like Gecko) Cypress/15.8.1 Chrome/138.0.7204.251 Electron/37.6.0 Safari/537.36"
[2026-06-26T15:58:43.936Z]  "GET /dist/audio-recorder-visualization.umd.js" "Mozilla/5.0 (X11; Linux x86_64) AppleWebKit/537.36 (KHTML, like Gecko) Cypress/15.8.1 Chrome/138.0.7204.251 Electron/37.6.0 Safari/537.36"
[2026-06-26T15:58:43.942Z]  "GET /examples/app-core.js" "Mozilla/5.0 (X11; Linux x86_64) AppleWebKit/537.36 (KHTML, like Gecko) Cypress/15.8.1 Chrome/138.0.7204.251 Electron/37.6.0 Safari/537.36"
[2026-06-26T15:58:43.960Z]  "GET /examples/app-features.js" "Mozilla/5.0 (X11; Linux x86_64) AppleWebKit/537.36 (KHTML, like Gecko) Cypress/15.8.1 Chrome/138.0.7204.251 Electron/37.6.0 Safari/537.36"
[2026-06-26T15:58:43.985Z]  "GET /examples/app-interactions.js" "Mozilla/5.0 (X11; Linux x86_64) AppleWebKit/537.36 (KHTML, like Gecko) Cypress/15.8.1 Chrome/138.0.7204.251 Electron/37.6.0 Safari/537.36"
[2026-06-26T15:58:43.987Z]  "GET /examples/youtube-upload.js" "Mozilla/5.0 (X11; Linux x86_64) AppleWebKit/537.36 (KHTML, like Gecko) Cypress/15.8.1 Chrome/138.0.7204.251 Electron/37.6.0 Safari/537.36"
[2026-06-26T15:58:44.007Z]  "GET /examples/pipeline.js" "Mozilla/5.0 (X11; Linux x86_64) AppleWebKit/537.36 (KHTML, like Gecko) Cypress/15.8.1 Chrome/138.0.7204.251 Electron/37.6.0 Safari/537.36"
[2026-06-26T15:58:45.350Z]  "GET /examples/index.html" "Mozilla/5.0 (X11; Linux x86_64) AppleWebKit/537.36 (KHTML, like Gecko) Cypress/15.8.1 Chrome/138.0.7204.251 Electron/37.6.0 Safari/537.36"
[2026-06-26T15:58:45.472Z]  "GET /examples/styles.css" "Mozilla/5.0 (X11; Linux x86_64) AppleWebKit/537.36 (KHTML, like Gecko) Cypress/15.8.1 Chrome/138.0.7204.251 Electron/37.6.0 Safari/537.36"
[2026-06-26T15:58:45.479Z]  "GET /dist/audio-recorder-visualization.umd.js" "Mozilla/5.0 (X11; Linux x86_64) AppleWebKit/537.36 (KHTML, like Gecko) Cypress/15.8.1 Chrome/138.0.7204.251 Electron/37.6.0 Safari/537.36"
[2026-06-26T15:58:45.482Z]  "GET /examples/app-core.js" "Mozilla/5.0 (X11; Linux x86_64) AppleWebKit/537.36 (KHTML, like Gecko) Cypress/15.8.1 Chrome/138.0.7204.251 Electron/37.6.0 Safari/537.36"
[2026-06-26T15:58:45.485Z]  "GET /examples/app-features.js" "Mozilla/5.0 (X11; Linux x86_64) AppleWebKit/537.36 (KHTML, like Gecko) Cypress/15.8.1 Chrome/138.0.7204.251 Electron/37.6.0 Safari/537.36"
[2026-06-26T15:58:45.493Z]  "GET /examples/app-interactions.js" "Mozilla/5.0 (X11; Linux x86_64) AppleWebKit/537.36 (KHTML, like Gecko) Cypress/15.8.1 Chrome/138.0.7204.251 Electron/37.6.0 Safari/537.36"
[2026-06-26T15:58:45.522Z]  "GET /examples/youtube-upload.js" "Mozilla/5.0 (X11; Linux x86_64) AppleWebKit/537.36 (KHTML, like Gecko) Cypress/15.8.1 Chrome/138.0.7204.251 Electron/37.6.0 Safari/537.36"
[2026-06-26T15:58:45.576Z]  "GET /examples/pipeline.js" "Mozilla/5.0 (X11; Linux x86_64) AppleWebKit/537.36 (KHTML, like Gecko) Cypress/15.8.1 Chrome/138.0.7204.251 Electron/37.6.0 Safari/537.36"
[2026-06-26T15:58:46.599Z]  "GET /examples/index.html" "Mozilla/5.0 (X11; Linux x86_64) AppleWebKit/537.36 (KHTML, like Gecko) Cypress/15.8.1 Chrome/138.0.7204.251 Electron/37.6.0 Safari/537.36"
[2026-06-26T15:58:46.674Z]  "GET /examples/styles.css" "Mozilla/5.0 (X11; Linux x86_64) AppleWebKit/537.36 (KHTML, like Gecko) Cypress/15.8.1 Chrome/138.0.7204.251 Electron/37.6.0 Safari/537.36"
[2026-06-26T15:58:46.683Z]  "GET /dist/audio-recorder-visualization.umd.js" "Mozilla/5.0 (X11; Linux x86_64) AppleWebKit/537.36 (KHTML, like Gecko) Cypress/15.8.1 Chrome/138.0.7204.251 Electron/37.6.0 Safari/537.36"
[2026-06-26T15:58:46.685Z]  "GET /examples/app-core.js" "Mozilla/5.0 (X11; Linux x86_64) AppleWebKit/537.36 (KHTML, like Gecko) Cypress/15.8.1 Chrome/138.0.7204.251 Electron/37.6.0 Safari/537.36"
[2026-06-26T15:58:46.687Z]  "GET /examples/app-features.js" "Mozilla/5.0 (X11; Linux x86_64) AppleWebKit/537.36 (KHTML, like Gecko) Cypress/15.8.1 Chrome/138.0.7204.251 Electron/37.6.0 Safari/537.36"
[2026-06-26T15:58:46.690Z]  "GET /examples/app-interactions.js" "Mozilla/5.0 (X11; Linux x86_64) AppleWebKit/537.36 (KHTML, like Gecko) Cypress/15.8.1 Chrome/138.0.7204.251 Electron/37.6.0 Safari/537.36"
[2026-06-26T15:58:46.737Z]  "GET /examples/youtube-upload.js" "Mozilla/5.0 (X11; Linux x86_64) AppleWebKit/537.36 (KHTML, like Gecko) Cypress/15.8.1 Chrome/138.0.7204.251 Electron/37.6.0 Safari/537.36"
[2026-06-26T15:58:46.777Z]  "GET /examples/pipeline.js" "Mozilla/5.0 (X11; Linux x86_64) AppleWebKit/537.36 (KHTML, like Gecko) Cypress/15.8.1 Chrome/138.0.7204.251 Electron/37.6.0 Safari/537.36"
[2026-06-26T15:58:46.969Z]  "GET /examples/index.html" "Mozilla/5.0 (X11; Linux x86_64) AppleWebKit/537.36 (KHTML, like Gecko) Cypress/15.8.1 Chrome/138.0.7204.251 Electron/37.6.0 Safari/537.36"
[2026-06-26T15:58:47.067Z]  "GET /examples/styles.css" "Mozilla/5.0 (X11; Linux x86_64) AppleWebKit/537.36 (KHTML, like Gecko) Cypress/15.8.1 Chrome/138.0.7204.251 Electron/37.6.0 Safari/537.36"
[2026-06-26T15:58:47.071Z]  "GET /dist/audio-recorder-visualization.umd.js" "Mozilla/5.0 (X11; Linux x86_64) AppleWebKit/537.36 (KHTML, like Gecko) Cypress/15.8.1 Chrome/138.0.7204.251 Electron/37.6.0 Safari/537.36"
[2026-06-26T15:58:47.073Z]  "GET /examples/app-core.js" "Mozilla/5.0 (X11; Linux x86_64) AppleWebKit/537.36 (KHTML, like Gecko) Cypress/15.8.1 Chrome/138.0.7204.251 Electron/37.6.0 Safari/537.36"
[2026-06-26T15:58:47.105Z]  "GET /examples/app-features.js" "Mozilla/5.0 (X11; Linux x86_64) AppleWebKit/537.36 (KHTML, like Gecko) Cypress/15.8.1 Chrome/138.0.7204.251 Electron/37.6.0 Safari/537.36"
[2026-06-26T15:58:47.132Z]  "GET /examples/app-interactions.js" "Mozilla/5.0 (X11; Linux x86_64) AppleWebKit/537.36 (KHTML, like Gecko) Cypress/15.8.1 Chrome/138.0.7204.251 Electron/37.6.0 Safari/537.36"
[2026-06-26T15:58:47.133Z]  "GET /examples/youtube-upload.js" "Mozilla/5.0 (X11; Linux x86_64) AppleWebKit/537.36 (KHTML, like Gecko) Cypress/15.8.1 Chrome/138.0.7204.251 Electron/37.6.0 Safari/537.36"
[2026-06-26T15:58:47.167Z]  "GET /examples/pipeline.js" "Mozilla/5.0 (X11; Linux x86_64) AppleWebKit/537.36 (KHTML, like Gecko) Cypress/15.8.1 Chrome/138.0.7204.251 Electron/37.6.0 Safari/537.36"
[2026-06-26T15:58:50.634Z]  "GET /examples/index.html" "Mozilla/5.0 (X11; Linux x86_64) AppleWebKit/537.36 (KHTML, like Gecko) Cypress/15.8.1 Chrome/138.0.7204.251 Electron/37.6.0 Safari/537.36"
[2026-06-26T15:58:50.732Z]  "GET /examples/styles.css" "Mozilla/5.0 (X11; Linux x86_64) AppleWebKit/537.36 (KHTML, like Gecko) Cypress/15.8.1 Chrome/138.0.7204.251 Electron/37.6.0 Safari/537.36"
[2026-06-26T15:58:50.746Z]  "GET /dist/audio-recorder-visualization.umd.js" "Mozilla/5.0 (X11; Linux x86_64) AppleWebKit/537.36 (KHTML, like Gecko) Cypress/15.8.1 Chrome/138.0.7204.251 Electron/37.6.0 Safari/537.36"
[2026-06-26T15:58:50.746Z]  "GET /examples/app-core.js" "Mozilla/5.0 (X11; Linux x86_64) AppleWebKit/537.36 (KHTML, like Gecko) Cypress/15.8.1 Chrome/138.0.7204.251 Electron/37.6.0 Safari/537.36"
[2026-06-26T15:58:50.752Z]  "GET /examples/app-features.js" "Mozilla/5.0 (X11; Linux x86_64) AppleWebKit/537.36 (KHTML, like Gecko) Cypress/15.8.1 Chrome/138.0.7204.251 Electron/37.6.0 Safari/537.36"
[2026-06-26T15:58:50.752Z]  "GET /examples/app-interactions.js" "Mozilla/5.0 (X11; Linux x86_64) AppleWebKit/537.36 (KHTML, like Gecko) Cypress/15.8.1 Chrome/138.0.7204.251 Electron/37.6.0 Safari/537.36"
[2026-06-26T15:58:50.752Z]  "GET /examples/youtube-upload.js" "Mozilla/5.0 (X11; Linux x86_64) AppleWebKit/537.36 (KHTML, like Gecko) Cypress/15.8.1 Chrome/138.0.7204.251 Electron/37.6.0 Safari/537.36"
[2026-06-26T15:58:50.814Z]  "GET /examples/pipeline.js" "Mozilla/5.0 (X11; Linux x86_64) AppleWebKit/537.36 (KHTML, like Gecko) Cypress/15.8.1 Chrome/138.0.7204.251 Electron/37.6.0 Safari/537.36"
[2026-06-26T15:58:52.335Z]  "GET /examples/index.html" "Mozilla/5.0 (X11; Linux x86_64) AppleWebKit/537.36 (KHTML, like Gecko) Cypress/15.8.1 Chrome/138.0.7204.251 Electron/37.6.0 Safari/537.36"
[2026-06-26T15:58:52.436Z]  "GET /examples/styles.css" "Mozilla/5.0 (X11; Linux x86_64) AppleWebKit/537.36 (KHTML, like Gecko) Cypress/15.8.1 Chrome/138.0.7204.251 Electron/37.6.0 Safari/537.36"
[2026-06-26T15:58:52.458Z]  "GET /dist/audio-recorder-visualization.umd.js" "Mozilla/5.0 (X11; Linux x86_64) AppleWebKit/537.36 (KHTML, like Gecko) Cypress/15.8.1 Chrome/138.0.7204.251 Electron/37.6.0 Safari/537.36"
[2026-06-26T15:58:52.462Z]  "GET /examples/app-core.js" "Mozilla/5.0 (X11; Linux x86_64) AppleWebKit/537.36 (KHTML, like Gecko) Cypress/15.8.1 Chrome/138.0.7204.251 Electron/37.6.0 Safari/537.36"
[2026-06-26T15:58:52.465Z]  "GET /examples/app-features.js" "Mozilla/5.0 (X11; Linux x86_64) AppleWebKit/537.36 (KHTML, like Gecko) Cypress/15.8.1 Chrome/138.0.7204.251 Electron/37.6.0 Safari/537.36"
[2026-06-26T15:58:52.471Z]  "GET /examples/app-interactions.js" "Mozilla/5.0 (X11; Linux x86_64) AppleWebKit/537.36 (KHTML, like Gecko) Cypress/15.8.1 Chrome/138.0.7204.251 Electron/37.6.0 Safari/537.36"
[2026-06-26T15:58:52.475Z]  "GET /examples/youtube-upload.js" "Mozilla/5.0 (X11; Linux x86_64) AppleWebKit/537.36 (KHTML, like Gecko) Cypress/15.8.1 Chrome/138.0.7204.251 Electron/37.6.0 Safari/537.36"
[2026-06-26T15:58:52.547Z]  "GET /examples/pipeline.js" "Mozilla/5.0 (X11; Linux x86_64) AppleWebKit/537.36 (KHTML, like Gecko) Cypress/15.8.1 Chrome/138.0.7204.251 Electron/37.6.0 Safari/537.36"
[2026-06-26T15:58:53.602Z]  "GET /examples/index.html" "Mozilla/5.0 (X11; Linux x86_64) AppleWebKit/537.36 (KHTML, like Gecko) Cypress/15.8.1 Chrome/138.0.7204.251 Electron/37.6.0 Safari/537.36"
[2026-06-26T15:58:53.673Z]  "GET /examples/styles.css" "Mozilla/5.0 (X11; Linux x86_64) AppleWebKit/537.36 (KHTML, like Gecko) Cypress/15.8.1 Chrome/138.0.7204.251 Electron/37.6.0 Safari/537.36"
[2026-06-26T15:58:53.674Z]  "GET /dist/audio-recorder-visualization.umd.js" "Mozilla/5.0 (X11; Linux x86_64) AppleWebKit/537.36 (KHTML, like Gecko) Cypress/15.8.1 Chrome/138.0.7204.251 Electron/37.6.0 Safari/537.36"
[2026-06-26T15:58:53.676Z]  "GET /examples/app-core.js" "Mozilla/5.0 (X11; Linux x86_64) AppleWebKit/537.36 (KHTML, like Gecko) Cypress/15.8.1 Chrome/138.0.7204.251 Electron/37.6.0 Safari/537.36"
[2026-06-26T15:58:53.682Z]  "GET /examples/app-features.js" "Mozilla/5.0 (X11; Linux x86_64) AppleWebKit/537.36 (KHTML, like Gecko) Cypress/15.8.1 Chrome/138.0.7204.251 Electron/37.6.0 Safari/537.36"
[2026-06-26T15:58:53.686Z]  "GET /examples/app-interactions.js" "Mozilla/5.0 (X11; Linux x86_64) AppleWebKit/537.36 (KHTML, like Gecko) Cypress/15.8.1 Chrome/138.0.7204.251 Electron/37.6.0 Safari/537.36"
[2026-06-26T15:58:53.704Z]  "GET /examples/youtube-upload.js" "Mozilla/5.0 (X11; Linux x86_64) AppleWebKit/537.36 (KHTML, like Gecko) Cypress/15.8.1 Chrome/138.0.7204.251 Electron/37.6.0 Safari/537.36"
[2026-06-26T15:58:53.776Z]  "GET /examples/pipeline.js" "Mozilla/5.0 (X11; Linux x86_64) AppleWebKit/537.36 (KHTML, like Gecko) Cypress/15.8.1 Chrome/138.0.7204.251 Electron/37.6.0 Safari/537.36"
[2026-06-26T15:58:54.022Z]  "GET /examples/index.html" "Mozilla/5.0 (X11; Linux x86_64) AppleWebKit/537.36 (KHTML, like Gecko) Cypress/15.8.1 Chrome/138.0.7204.251 Electron/37.6.0 Safari/537.36"
[2026-06-26T15:58:54.145Z]  "GET /examples/styles.css" "Mozilla/5.0 (X11; Linux x86_64) AppleWebKit/537.36 (KHTML, like Gecko) Cypress/15.8.1 Chrome/138.0.7204.251 Electron/37.6.0 Safari/537.36"
[2026-06-26T15:58:54.166Z]  "GET /dist/audio-recorder-visualization.umd.js" "Mozilla/5.0 (X11; Linux x86_64) AppleWebKit/537.36 (KHTML, like Gecko) Cypress/15.8.1 Chrome/138.0.7204.251 Electron/37.6.0 Safari/537.36"
[2026-06-26T15:58:54.180Z]  "GET /examples/app-core.js" "Mozilla/5.0 (X11; Linux x86_64) AppleWebKit/537.36 (KHTML, like Gecko) Cypress/15.8.1 Chrome/138.0.7204.251 Electron/37.6.0 Safari/537.36"
[2026-06-26T15:58:54.195Z]  "GET /examples/app-features.js" "Mozilla/5.0 (X11; Linux x86_64) AppleWebKit/537.36 (KHTML, like Gecko) Cypress/15.8.1 Chrome/138.0.7204.251 Electron/37.6.0 Safari/537.36"
[2026-06-26T15:58:54.196Z]  "GET /examples/app-interactions.js" "Mozilla/5.0 (X11; Linux x86_64) AppleWebKit/537.36 (KHTML, like Gecko) Cypress/15.8.1 Chrome/138.0.7204.251 Electron/37.6.0 Safari/537.36"
[2026-06-26T15:58:54.198Z]  "GET /examples/youtube-upload.js" "Mozilla/5.0 (X11; Linux x86_64) AppleWebKit/537.36 (KHTML, like Gecko) Cypress/15.8.1 Chrome/138.0.7204.251 Electron/37.6.0 Safari/537.36"
[2026-06-26T15:58:54.209Z]  "GET /examples/pipeline.js" "Mozilla/5.0 (X11; Linux x86_64) AppleWebKit/537.36 (KHTML, like Gecko) Cypress/15.8.1 Chrome/138.0.7204.251 Electron/37.6.0 Safari/537.36"
[2026-06-26T15:59:01.028Z]  "GET /examples/index.html" "Mozilla/5.0 (X11; Linux x86_64) AppleWebKit/537.36 (KHTML, like Gecko) Cypress/15.8.1 Chrome/138.0.7204.251 Electron/37.6.0 Safari/537.36"
[2026-06-26T15:59:01.139Z]  "GET /examples/styles.css" "Mozilla/5.0 (X11; Linux x86_64) AppleWebKit/537.36 (KHTML, like Gecko) Cypress/15.8.1 Chrome/138.0.7204.251 Electron/37.6.0 Safari/537.36"
[2026-06-26T15:59:01.151Z]  "GET /dist/audio-recorder-visualization.umd.js" "Mozilla/5.0 (X11; Linux x86_64) AppleWebKit/537.36 (KHTML, like Gecko) Cypress/15.8.1 Chrome/138.0.7204.251 Electron/37.6.0 Safari/537.36"
[2026-06-26T15:59:01.189Z]  "GET /examples/app-features.js" "Mozilla/5.0 (X11; Linux x86_64) AppleWebKit/537.36 (KHTML, like Gecko) Cypress/15.8.1 Chrome/138.0.7204.251 Electron/37.6.0 Safari/537.36"
[2026-06-26T15:59:01.195Z]  "GET /examples/app-core.js" "Mozilla/5.0 (X11; Linux x86_64) AppleWebKit/537.36 (KHTML, like Gecko) Cypress/15.8.1 Chrome/138.0.7204.251 Electron/37.6.0 Safari/537.36"
[2026-06-26T15:59:01.198Z]  "GET /examples/app-interactions.js" "Mozilla/5.0 (X11; Linux x86_64) AppleWebKit/537.36 (KHTML, like Gecko) Cypress/15.8.1 Chrome/138.0.7204.251 Electron/37.6.0 Safari/537.36"
[2026-06-26T15:59:01.214Z]  "GET /examples/pipeline.js" "Mozilla/5.0 (X11; Linux x86_64) AppleWebKit/537.36 (KHTML, like Gecko) Cypress/15.8.1 Chrome/138.0.7204.251 Electron/37.6.0 Safari/537.36"
[2026-06-26T15:59:01.217Z]  "GET /examples/youtube-upload.js" "Mozilla/5.0 (X11; Linux x86_64) AppleWebKit/537.36 (KHTML, like Gecko) Cypress/15.8.1 Chrome/138.0.7204.251 Electron/37.6.0 Safari/537.36"
[2026-06-26T15:59:02.582Z]  "GET /examples/index.html" "Mozilla/5.0 (X11; Linux x86_64) AppleWebKit/537.36 (KHTML, like Gecko) Cypress/15.8.1 Chrome/138.0.7204.251 Electron/37.6.0 Safari/537.36"
[2026-06-26T15:59:02.696Z]  "GET /examples/styles.css" "Mozilla/5.0 (X11; Linux x86_64) AppleWebKit/537.36 (KHTML, like Gecko) Cypress/15.8.1 Chrome/138.0.7204.251 Electron/37.6.0 Safari/537.36"
[2026-06-26T15:59:02.714Z]  "GET /dist/audio-recorder-visualization.umd.js" "Mozilla/5.0 (X11; Linux x86_64) AppleWebKit/537.36 (KHTML, like Gecko) Cypress/15.8.1 Chrome/138.0.7204.251 Electron/37.6.0 Safari/537.36"
[2026-06-26T15:59:02.723Z]  "GET /examples/app-core.js" "Mozilla/5.0 (X11; Linux x86_64) AppleWebKit/537.36 (KHTML, like Gecko) Cypress/15.8.1 Chrome/138.0.7204.251 Electron/37.6.0 Safari/537.36"
[2026-06-26T15:59:02.836Z]  "GET /examples/app-features.js" "Mozilla/5.0 (X11; Linux x86_64) AppleWebKit/537.36 (KHTML, like Gecko) Cypress/15.8.1 Chrome/138.0.7204.251 Electron/37.6.0 Safari/537.36"
[2026-06-26T15:59:02.840Z]  "GET /examples/app-interactions.js" "Mozilla/5.0 (X11; Linux x86_64) AppleWebKit/537.36 (KHTML, like Gecko) Cypress/15.8.1 Chrome/138.0.7204.251 Electron/37.6.0 Safari/537.36"
[2026-06-26T15:59:02.846Z]  "GET /examples/youtube-upload.js" "Mozilla/5.0 (X11; Linux x86_64) AppleWebKit/537.36 (KHTML, like Gecko) Cypress/15.8.1 Chrome/138.0.7204.251 Electron/37.6.0 Safari/537.36"
[2026-06-26T15:59:03.187Z]  "GET /examples/pipeline.js" "Mozilla/5.0 (X11; Linux x86_64) AppleWebKit/537.36 (KHTML, like Gecko) Cypress/15.8.1 Chrome/138.0.7204.251 Electron/37.6.0 Safari/537.36"
[2026-06-26T15:59:04.315Z]  "GET /examples/index.html" "Mozilla/5.0 (X11; Linux x86_64) AppleWebKit/537.36 (KHTML, like Gecko) Cypress/15.8.1 Chrome/138.0.7204.251 Electron/37.6.0 Safari/537.36"
[2026-06-26T15:59:04.405Z]  "GET /examples/styles.css" "Mozilla/5.0 (X11; Linux x86_64) AppleWebKit/537.36 (KHTML, like Gecko) Cypress/15.8.1 Chrome/138.0.7204.251 Electron/37.6.0 Safari/537.36"
[2026-06-26T15:59:04.412Z]  "GET /dist/audio-recorder-visualization.umd.js" "Mozilla/5.0 (X11; Linux x86_64) AppleWebKit/537.36 (KHTML, like Gecko) Cypress/15.8.1 Chrome/138.0.7204.251 Electron/37.6.0 Safari/537.36"
[2026-06-26T15:59:04.415Z]  "GET /examples/app-core.js" "Mozilla/5.0 (X11; Linux x86_64) AppleWebKit/537.36 (KHTML, like Gecko) Cypress/15.8.1 Chrome/138.0.7204.251 Electron/37.6.0 Safari/537.36"
[2026-06-26T15:59:04.417Z]  "GET /examples/app-features.js" "Mozilla/5.0 (X11; Linux x86_64) AppleWebKit/537.36 (KHTML, like Gecko) Cypress/15.8.1 Chrome/138.0.7204.251 Electron/37.6.0 Safari/537.36"
[2026-06-26T15:59:04.433Z]  "GET /examples/app-interactions.js" "Mozilla/5.0 (X11; Linux x86_64) AppleWebKit/537.36 (KHTML, like Gecko) Cypress/15.8.1 Chrome/138.0.7204.251 Electron/37.6.0 Safari/537.36"
[2026-06-26T15:59:04.478Z]  "GET /examples/youtube-upload.js" "Mozilla/5.0 (X11; Linux x86_64) AppleWebKit/537.36 (KHTML, like Gecko) Cypress/15.8.1 Chrome/138.0.7204.251 Electron/37.6.0 Safari/537.36"
[2026-06-26T15:59:04.524Z]  "GET /examples/pipeline.js" "Mozilla/5.0 (X11; Linux x86_64) AppleWebKit/537.36 (KHTML, like Gecko) Cypress/15.8.1 Chrome/138.0.7204.251 Electron/37.6.0 Safari/537.36"
[2026-06-26T15:59:04.714Z]  "GET /examples/index.html" "Mozilla/5.0 (X11; Linux x86_64) AppleWebKit/537.36 (KHTML, like Gecko) Cypress/15.8.1 Chrome/138.0.7204.251 Electron/37.6.0 Safari/537.36"
[2026-06-26T15:59:04.916Z]  "GET /examples/styles.css" "Mozilla/5.0 (X11; Linux x86_64) AppleWebKit/537.36 (KHTML, like Gecko) Cypress/15.8.1 Chrome/138.0.7204.251 Electron/37.6.0 Safari/537.36"
[2026-06-26T15:59:04.917Z]  "GET /dist/audio-recorder-visualization.umd.js" "Mozilla/5.0 (X11; Linux x86_64) AppleWebKit/537.36 (KHTML, like Gecko) Cypress/15.8.1 Chrome/138.0.7204.251 Electron/37.6.0 Safari/537.36"
[2026-06-26T15:59:04.927Z]  "GET /examples/app-core.js" "Mozilla/5.0 (X11; Linux x86_64) AppleWebKit/537.36 (KHTML, like Gecko) Cypress/15.8.1 Chrome/138.0.7204.251 Electron/37.6.0 Safari/537.36"
[2026-06-26T15:59:04.928Z]  "GET /examples/app-features.js" "Mozilla/5.0 (X11; Linux x86_64) AppleWebKit/537.36 (KHTML, like Gecko) Cypress/15.8.1 Chrome/138.0.7204.251 Electron/37.6.0 Safari/537.36"
[2026-06-26T15:59:04.934Z]  "GET /examples/app-interactions.js" "Mozilla/5.0 (X11; Linux x86_64) AppleWebKit/537.36 (KHTML, like Gecko) Cypress/15.8.1 Chrome/138.0.7204.251 Electron/37.6.0 Safari/537.36"
[2026-06-26T15:59:04.986Z]  "GET /examples/youtube-upload.js" "Mozilla/5.0 (X11; Linux x86_64) AppleWebKit/537.36 (KHTML, like Gecko) Cypress/15.8.1 Chrome/138.0.7204.251 Electron/37.6.0 Safari/537.36"
[2026-06-26T15:59:05.030Z]  "GET /examples/pipeline.js" "Mozilla/5.0 (X11; Linux x86_64) AppleWebKit/537.36 (KHTML, like Gecko) Cypress/15.8.1 Chrome/138.0.7204.251 Electron/37.6.0 Safari/537.36"
[2026-06-26T15:59:06.386Z]  "GET /examples/index.html" "Mozilla/5.0 (X11; Linux x86_64) AppleWebKit/537.36 (KHTML, like Gecko) Cypress/15.8.1 Chrome/138.0.7204.251 Electron/37.6.0 Safari/537.36"
[2026-06-26T15:59:06.440Z]  "GET /examples/styles.css" "Mozilla/5.0 (X11; Linux x86_64) AppleWebKit/537.36 (KHTML, like Gecko) Cypress/15.8.1 Chrome/138.0.7204.251 Electron/37.6.0 Safari/537.36"
[2026-06-26T15:59:06.442Z]  "GET /dist/audio-recorder-visualization.umd.js" "Mozilla/5.0 (X11; Linux x86_64) AppleWebKit/537.36 (KHTML, like Gecko) Cypress/15.8.1 Chrome/138.0.7204.251 Electron/37.6.0 Safari/537.36"
[2026-06-26T15:59:06.443Z]  "GET /examples/app-core.js" "Mozilla/5.0 (X11; Linux x86_64) AppleWebKit/537.36 (KHTML, like Gecko) Cypress/15.8.1 Chrome/138.0.7204.251 Electron/37.6.0 Safari/537.36"
[2026-06-26T15:59:06.446Z]  "GET /examples/app-features.js" "Mozilla/5.0 (X11; Linux x86_64) AppleWebKit/537.36 (KHTML, like Gecko) Cypress/15.8.1 Chrome/138.0.7204.251 Electron/37.6.0 Safari/537.36"
[2026-06-26T15:59:06.447Z]  "GET /examples/app-interactions.js" "Mozilla/5.0 (X11; Linux x86_64) AppleWebKit/537.36 (KHTML, like Gecko) Cypress/15.8.1 Chrome/138.0.7204.251 Electron/37.6.0 Safari/537.36"
[2026-06-26T15:59:06.447Z]  "GET /examples/youtube-upload.js" "Mozilla/5.0 (X11; Linux x86_64) AppleWebKit/537.36 (KHTML, like Gecko) Cypress/15.8.1 Chrome/138.0.7204.251 Electron/37.6.0 Safari/537.36"
[2026-06-26T15:59:06.512Z]  "GET /examples/pipeline.js" "Mozilla/5.0 (X11; Linux x86_64) AppleWebKit/537.36 (KHTML, like Gecko) Cypress/15.8.1 Chrome/138.0.7204.251 Electron/37.6.0 Safari/537.36"
[2026-06-26T15:59:17.937Z]  "GET /examples/index.html" "Mozilla/5.0 (X11; Linux x86_64) AppleWebKit/537.36 (KHTML, like Gecko) Cypress/15.8.1 Chrome/138.0.7204.251 Electron/37.6.0 Safari/537.36"
[2026-06-26T15:59:18.002Z]  "GET /examples/styles.css" "Mozilla/5.0 (X11; Linux x86_64) AppleWebKit/537.36 (KHTML, like Gecko) Cypress/15.8.1 Chrome/138.0.7204.251 Electron/37.6.0 Safari/537.36"
[2026-06-26T15:59:18.011Z]  "GET /dist/audio-recorder-visualization.umd.js" "Mozilla/5.0 (X11; Linux x86_64) AppleWebKit/537.36 (KHTML, like Gecko) Cypress/15.8.1 Chrome/138.0.7204.251 Electron/37.6.0 Safari/537.36"
[2026-06-26T15:59:18.030Z]  "GET /examples/app-core.js" "Mozilla/5.0 (X11; Linux x86_64) AppleWebKit/537.36 (KHTML, like Gecko) Cypress/15.8.1 Chrome/138.0.7204.251 Electron/37.6.0 Safari/537.36"
[2026-06-26T15:59:18.033Z]  "GET /examples/app-interactions.js" "Mozilla/5.0 (X11; Linux x86_64) AppleWebKit/537.36 (KHTML, like Gecko) Cypress/15.8.1 Chrome/138.0.7204.251 Electron/37.6.0 Safari/537.36"
[2026-06-26T15:59:18.036Z]  "GET /examples/app-features.js" "Mozilla/5.0 (X11; Linux x86_64) AppleWebKit/537.36 (KHTML, like Gecko) Cypress/15.8.1 Chrome/138.0.7204.251 Electron/37.6.0 Safari/537.36"
[2026-06-26T15:59:18.038Z]  "GET /examples/pipeline.js" "Mozilla/5.0 (X11; Linux x86_64) AppleWebKit/537.36 (KHTML, like Gecko) Cypress/15.8.1 Chrome/138.0.7204.251 Electron/37.6.0 Safari/537.36"
[2026-06-26T15:59:18.076Z]  "GET /examples/youtube-upload.js" "Mozilla/5.0 (X11; Linux x86_64) AppleWebKit/537.36 (KHTML, like Gecko) Cypress/15.8.1 Chrome/138.0.7204.251 Electron/37.6.0 Safari/537.36"
[2026-06-26T15:59:19.109Z]  "GET /examples/index.html" "Mozilla/5.0 (X11; Linux x86_64) AppleWebKit/537.36 (KHTML, like Gecko) Cypress/15.8.1 Chrome/138.0.7204.251 Electron/37.6.0 Safari/537.36"
[2026-06-26T15:59:19.169Z]  "GET /examples/styles.css" "Mozilla/5.0 (X11; Linux x86_64) AppleWebKit/537.36 (KHTML, like Gecko) Cypress/15.8.1 Chrome/138.0.7204.251 Electron/37.6.0 Safari/537.36"
[2026-06-26T15:59:19.176Z]  "GET /dist/audio-recorder-visualization.umd.js" "Mozilla/5.0 (X11; Linux x86_64) AppleWebKit/537.36 (KHTML, like Gecko) Cypress/15.8.1 Chrome/138.0.7204.251 Electron/37.6.0 Safari/537.36"
[2026-06-26T15:59:19.177Z]  "GET /examples/app-core.js" "Mozilla/5.0 (X11; Linux x86_64) AppleWebKit/537.36 (KHTML, like Gecko) Cypress/15.8.1 Chrome/138.0.7204.251 Electron/37.6.0 Safari/537.36"
[2026-06-26T15:59:19.181Z]  "GET /examples/app-features.js" "Mozilla/5.0 (X11; Linux x86_64) AppleWebKit/537.36 (KHTML, like Gecko) Cypress/15.8.1 Chrome/138.0.7204.251 Electron/37.6.0 Safari/537.36"
[2026-06-26T15:59:19.213Z]  "GET /examples/app-interactions.js" "Mozilla/5.0 (X11; Linux x86_64) AppleWebKit/537.36 (KHTML, like Gecko) Cypress/15.8.1 Chrome/138.0.7204.251 Electron/37.6.0 Safari/537.36"
[2026-06-26T15:59:19.218Z]  "GET /examples/youtube-upload.js" "Mozilla/5.0 (X11; Linux x86_64) AppleWebKit/537.36 (KHTML, like Gecko) Cypress/15.8.1 Chrome/138.0.7204.251 Electron/37.6.0 Safari/537.36"
[2026-06-26T15:59:19.248Z]  "GET /examples/pipeline.js" "Mozilla/5.0 (X11; Linux x86_64) AppleWebKit/537.36 (KHTML, like Gecko) Cypress/15.8.1 Chrome/138.0.7204.251 Electron/37.6.0 Safari/537.36"
[2026-06-26T15:59:19.385Z]  "GET /examples/index.html" "Mozilla/5.0 (X11; Linux x86_64) AppleWebKit/537.36 (KHTML, like Gecko) Cypress/15.8.1 Chrome/138.0.7204.251 Electron/37.6.0 Safari/537.36"
[2026-06-26T15:59:19.454Z]  "GET /examples/styles.css" "Mozilla/5.0 (X11; Linux x86_64) AppleWebKit/537.36 (KHTML, like Gecko) Cypress/15.8.1 Chrome/138.0.7204.251 Electron/37.6.0 Safari/537.36"
[2026-06-26T15:59:19.458Z]  "GET /dist/audio-recorder-visualization.umd.js" "Mozilla/5.0 (X11; Linux x86_64) AppleWebKit/537.36 (KHTML, like Gecko) Cypress/15.8.1 Chrome/138.0.7204.251 Electron/37.6.0 Safari/537.36"
[2026-06-26T15:59:19.461Z]  "GET /examples/app-core.js" "Mozilla/5.0 (X11; Linux x86_64) AppleWebKit/537.36 (KHTML, like Gecko) Cypress/15.8.1 Chrome/138.0.7204.251 Electron/37.6.0 Safari/537.36"
[2026-06-26T15:59:19.465Z]  "GET /examples/app-features.js" "Mozilla/5.0 (X11; Linux x86_64) AppleWebKit/537.36 (KHTML, like Gecko) Cypress/15.8.1 Chrome/138.0.7204.251 Electron/37.6.0 Safari/537.36"
[2026-06-26T15:59:19.466Z]  "GET /examples/app-interactions.js" "Mozilla/5.0 (X11; Linux x86_64) AppleWebKit/537.36 (KHTML, like Gecko) Cypress/15.8.1 Chrome/138.0.7204.251 Electron/37.6.0 Safari/537.36"
[2026-06-26T15:59:19.467Z]  "GET /examples/youtube-upload.js" "Mozilla/5.0 (X11; Linux x86_64) AppleWebKit/537.36 (KHTML, like Gecko) Cypress/15.8.1 Chrome/138.0.7204.251 Electron/37.6.0 Safari/537.36"
[2026-06-26T15:59:19.504Z]  "GET /examples/pipeline.js" "Mozilla/5.0 (X11; Linux x86_64) AppleWebKit/537.36 (KHTML, like Gecko) Cypress/15.8.1 Chrome/138.0.7204.251 Electron/37.6.0 Safari/537.36"
[2026-06-26T15:59:21.169Z]  "GET /examples/index.html" "Mozilla/5.0 (X11; Linux x86_64) AppleWebKit/537.36 (KHTML, like Gecko) Cypress/15.8.1 Chrome/138.0.7204.251 Electron/37.6.0 Safari/537.36"
[2026-06-26T15:59:21.234Z]  "GET /examples/styles.css" "Mozilla/5.0 (X11; Linux x86_64) AppleWebKit/537.36 (KHTML, like Gecko) Cypress/15.8.1 Chrome/138.0.7204.251 Electron/37.6.0 Safari/537.36"
[2026-06-26T15:59:21.244Z]  "GET /dist/audio-recorder-visualization.umd.js" "Mozilla/5.0 (X11; Linux x86_64) AppleWebKit/537.36 (KHTML, like Gecko) Cypress/15.8.1 Chrome/138.0.7204.251 Electron/37.6.0 Safari/537.36"
[2026-06-26T15:59:21.246Z]  "GET /examples/app-core.js" "Mozilla/5.0 (X11; Linux x86_64) AppleWebKit/537.36 (KHTML, like Gecko) Cypress/15.8.1 Chrome/138.0.7204.251 Electron/37.6.0 Safari/537.36"
[2026-06-26T15:59:21.246Z]  "GET /examples/app-features.js" "Mozilla/5.0 (X11; Linux x86_64) AppleWebKit/537.36 (KHTML, like Gecko) Cypress/15.8.1 Chrome/138.0.7204.251 Electron/37.6.0 Safari/537.36"
[2026-06-26T15:59:21.253Z]  "GET /examples/app-interactions.js" "Mozilla/5.0 (X11; Linux x86_64) AppleWebKit/537.36 (KHTML, like Gecko) Cypress/15.8.1 Chrome/138.0.7204.251 Electron/37.6.0 Safari/537.36"
[2026-06-26T15:59:21.254Z]  "GET /examples/youtube-upload.js" "Mozilla/5.0 (X11; Linux x86_64) AppleWebKit/537.36 (KHTML, like Gecko) Cypress/15.8.1 Chrome/138.0.7204.251 Electron/37.6.0 Safari/537.36"
[2026-06-26T15:59:21.317Z]  "GET /examples/pipeline.js" "Mozilla/5.0 (X11; Linux x86_64) AppleWebKit/537.36 (KHTML, like Gecko) Cypress/15.8.1 Chrome/138.0.7204.251 Electron/37.6.0 Safari/537.36"
[2026-06-26T15:59:22.473Z]  "GET /examples/index.html" "Mozilla/5.0 (X11; Linux x86_64) AppleWebKit/537.36 (KHTML, like Gecko) Cypress/15.8.1 Chrome/138.0.7204.251 Electron/37.6.0 Safari/537.36"
[2026-06-26T15:59:22.515Z]  "GET /examples/styles.css" "Mozilla/5.0 (X11; Linux x86_64) AppleWebKit/537.36 (KHTML, like Gecko) Cypress/15.8.1 Chrome/138.0.7204.251 Electron/37.6.0 Safari/537.36"
[2026-06-26T15:59:22.520Z]  "GET /dist/audio-recorder-visualization.umd.js" "Mozilla/5.0 (X11; Linux x86_64) AppleWebKit/537.36 (KHTML, like Gecko) Cypress/15.8.1 Chrome/138.0.7204.251 Electron/37.6.0 Safari/537.36"
[2026-06-26T15:59:22.522Z]  "GET /examples/app-core.js" "Mozilla/5.0 (X11; Linux x86_64) AppleWebKit/537.36 (KHTML, like Gecko) Cypress/15.8.1 Chrome/138.0.7204.251 Electron/37.6.0 Safari/537.36"
[2026-06-26T15:59:22.523Z]  "GET /examples/app-features.js" "Mozilla/5.0 (X11; Linux x86_64) AppleWebKit/537.36 (KHTML, like Gecko) Cypress/15.8.1 Chrome/138.0.7204.251 Electron/37.6.0 Safari/537.36"
[2026-06-26T15:59:22.526Z]  "GET /examples/app-interactions.js" "Mozilla/5.0 (X11; Linux x86_64) AppleWebKit/537.36 (KHTML, like Gecko) Cypress/15.8.1 Chrome/138.0.7204.251 Electron/37.6.0 Safari/537.36"
[2026-06-26T15:59:22.528Z]  "GET /examples/youtube-upload.js" "Mozilla/5.0 (X11; Linux x86_64) AppleWebKit/537.36 (KHTML, like Gecko) Cypress/15.8.1 Chrome/138.0.7204.251 Electron/37.6.0 Safari/537.36"
[2026-06-26T15:59:22.552Z]  "GET /examples/pipeline.js" "Mozilla/5.0 (X11; Linux x86_64) AppleWebKit/537.36 (KHTML, like Gecko) Cypress/15.8.1 Chrome/138.0.7204.251 Electron/37.6.0 Safari/537.36"
[2026-06-26T15:59:23.511Z]  "GET /examples/index.html" "Mozilla/5.0 (X11; Linux x86_64) AppleWebKit/537.36 (KHTML, like Gecko) Cypress/15.8.1 Chrome/138.0.7204.251 Electron/37.6.0 Safari/537.36"
[2026-06-26T15:59:23.554Z]  "GET /examples/styles.css" "Mozilla/5.0 (X11; Linux x86_64) AppleWebKit/537.36 (KHTML, like Gecko) Cypress/15.8.1 Chrome/138.0.7204.251 Electron/37.6.0 Safari/537.36"
[2026-06-26T15:59:23.557Z]  "GET /dist/audio-recorder-visualization.umd.js" "Mozilla/5.0 (X11; Linux x86_64) AppleWebKit/537.36 (KHTML, like Gecko) Cypress/15.8.1 Chrome/138.0.7204.251 Electron/37.6.0 Safari/537.36"
[2026-06-26T15:59:23.557Z]  "GET /examples/app-core.js" "Mozilla/5.0 (X11; Linux x86_64) AppleWebKit/537.36 (KHTML, like Gecko) Cypress/15.8.1 Chrome/138.0.7204.251 Electron/37.6.0 Safari/537.36"
[2026-06-26T15:59:23.558Z]  "GET /examples/app-features.js" "Mozilla/5.0 (X11; Linux x86_64) AppleWebKit/537.36 (KHTML, like Gecko) Cypress/15.8.1 Chrome/138.0.7204.251 Electron/37.6.0 Safari/537.36"
[2026-06-26T15:59:23.560Z]  "GET /examples/app-interactions.js" "Mozilla/5.0 (X11; Linux x86_64) AppleWebKit/537.36 (KHTML, like Gecko) Cypress/15.8.1 Chrome/138.0.7204.251 Electron/37.6.0 Safari/537.36"
[2026-06-26T15:59:23.561Z]  "GET /examples/youtube-upload.js" "Mozilla/5.0 (X11; Linux x86_64) AppleWebKit/537.36 (KHTML, like Gecko) Cypress/15.8.1 Chrome/138.0.7204.251 Electron/37.6.0 Safari/537.36"
[2026-06-26T15:59:23.592Z]  "GET /examples/pipeline.js" "Mozilla/5.0 (X11; Linux x86_64) AppleWebKit/537.36 (KHTML, like Gecko) Cypress/15.8.1 Chrome/138.0.7204.251 Electron/37.6.0 Safari/537.36"
[2026-06-26T15:59:26.272Z]  "GET /examples/index.html" "Mozilla/5.0 (X11; Linux x86_64) AppleWebKit/537.36 (KHTML, like Gecko) Cypress/15.8.1 Chrome/138.0.7204.251 Electron/37.6.0 Safari/537.36"
[2026-06-26T15:59:26.312Z]  "GET /examples/styles.css" "Mozilla/5.0 (X11; Linux x86_64) AppleWebKit/537.36 (KHTML, like Gecko) Cypress/15.8.1 Chrome/138.0.7204.251 Electron/37.6.0 Safari/537.36"
[2026-06-26T15:59:26.315Z]  "GET /dist/audio-recorder-visualization.umd.js" "Mozilla/5.0 (X11; Linux x86_64) AppleWebKit/537.36 (KHTML, like Gecko) Cypress/15.8.1 Chrome/138.0.7204.251 Electron/37.6.0 Safari/537.36"
[2026-06-26T15:59:26.317Z]  "GET /examples/app-core.js" "Mozilla/5.0 (X11; Linux x86_64) AppleWebKit/537.36 (KHTML, like Gecko) Cypress/15.8.1 Chrome/138.0.7204.251 Electron/37.6.0 Safari/537.36"
[2026-06-26T15:59:26.318Z]  "GET /examples/app-features.js" "Mozilla/5.0 (X11; Linux x86_64) AppleWebKit/537.36 (KHTML, like Gecko) Cypress/15.8.1 Chrome/138.0.7204.251 Electron/37.6.0 Safari/537.36"
[2026-06-26T15:59:26.319Z]  "GET /examples/app-interactions.js" "Mozilla/5.0 (X11; Linux x86_64) AppleWebKit/537.36 (KHTML, like Gecko) Cypress/15.8.1 Chrome/138.0.7204.251 Electron/37.6.0 Safari/537.36"
[2026-06-26T15:59:26.319Z]  "GET /examples/youtube-upload.js" "Mozilla/5.0 (X11; Linux x86_64) AppleWebKit/537.36 (KHTML, like Gecko) Cypress/15.8.1 Chrome/138.0.7204.251 Electron/37.6.0 Safari/537.36"
[2026-06-26T15:59:26.360Z]  "GET /examples/pipeline.js" "Mozilla/5.0 (X11; Linux x86_64) AppleWebKit/537.36 (KHTML, like Gecko) Cypress/15.8.1 Chrome/138.0.7204.251 Electron/37.6.0 Safari/537.36"
[2026-06-26T15:59:27.218Z]  "GET /examples/index.html" "Mozilla/5.0 (X11; Linux x86_64) AppleWebKit/537.36 (KHTML, like Gecko) Cypress/15.8.1 Chrome/138.0.7204.251 Electron/37.6.0 Safari/537.36"
[2026-06-26T15:59:27.258Z]  "GET /examples/styles.css" "Mozilla/5.0 (X11; Linux x86_64) AppleWebKit/537.36 (KHTML, like Gecko) Cypress/15.8.1 Chrome/138.0.7204.251 Electron/37.6.0 Safari/537.36"
[2026-06-26T15:59:27.267Z]  "GET /dist/audio-recorder-visualization.umd.js" "Mozilla/5.0 (X11; Linux x86_64) AppleWebKit/537.36 (KHTML, like Gecko) Cypress/15.8.1 Chrome/138.0.7204.251 Electron/37.6.0 Safari/537.36"
[2026-06-26T15:59:27.270Z]  "GET /examples/app-core.js" "Mozilla/5.0 (X11; Linux x86_64) AppleWebKit/537.36 (KHTML, like Gecko) Cypress/15.8.1 Chrome/138.0.7204.251 Electron/37.6.0 Safari/537.36"
[2026-06-26T15:59:27.271Z]  "GET /examples/app-features.js" "Mozilla/5.0 (X11; Linux x86_64) AppleWebKit/537.36 (KHTML, like Gecko) Cypress/15.8.1 Chrome/138.0.7204.251 Electron/37.6.0 Safari/537.36"
[2026-06-26T15:59:27.273Z]  "GET /examples/app-interactions.js" "Mozilla/5.0 (X11; Linux x86_64) AppleWebKit/537.36 (KHTML, like Gecko) Cypress/15.8.1 Chrome/138.0.7204.251 Electron/37.6.0 Safari/537.36"
[2026-06-26T15:59:27.273Z]  "GET /examples/youtube-upload.js" "Mozilla/5.0 (X11; Linux x86_64) AppleWebKit/537.36 (KHTML, like Gecko) Cypress/15.8.1 Chrome/138.0.7204.251 Electron/37.6.0 Safari/537.36"
[2026-06-26T15:59:27.298Z]  "GET /examples/pipeline.js" "Mozilla/5.0 (X11; Linux x86_64) AppleWebKit/537.36 (KHTML, like Gecko) Cypress/15.8.1 Chrome/138.0.7204.251 Electron/37.6.0 Safari/537.36"
[2026-06-26T15:59:27.430Z]  "GET /examples/index.html" "Mozilla/5.0 (X11; Linux x86_64) AppleWebKit/537.36 (KHTML, like Gecko) Cypress/15.8.1 Chrome/138.0.7204.251 Electron/37.6.0 Safari/537.36"
[2026-06-26T15:59:27.494Z]  "GET /examples/styles.css" "Mozilla/5.0 (X11; Linux x86_64) AppleWebKit/537.36 (KHTML, like Gecko) Cypress/15.8.1 Chrome/138.0.7204.251 Electron/37.6.0 Safari/537.36"
[2026-06-26T15:59:27.495Z]  "GET /dist/audio-recorder-visualization.umd.js" "Mozilla/5.0 (X11; Linux x86_64) AppleWebKit/537.36 (KHTML, like Gecko) Cypress/15.8.1 Chrome/138.0.7204.251 Electron/37.6.0 Safari/537.36"
[2026-06-26T15:59:27.497Z]  "GET /examples/app-core.js" "Mozilla/5.0 (X11; Linux x86_64) AppleWebKit/537.36 (KHTML, like Gecko) Cypress/15.8.1 Chrome/138.0.7204.251 Electron/37.6.0 Safari/537.36"
[2026-06-26T15:59:27.499Z]  "GET /examples/app-features.js" "Mozilla/5.0 (X11; Linux x86_64) AppleWebKit/537.36 (KHTML, like Gecko) Cypress/15.8.1 Chrome/138.0.7204.251 Electron/37.6.0 Safari/537.36"
[2026-06-26T15:59:27.500Z]  "GET /examples/app-interactions.js" "Mozilla/5.0 (X11; Linux x86_64) AppleWebKit/537.36 (KHTML, like Gecko) Cypress/15.8.1 Chrome/138.0.7204.251 Electron/37.6.0 Safari/537.36"
[2026-06-26T15:59:27.501Z]  "GET /examples/youtube-upload.js" "Mozilla/5.0 (X11; Linux x86_64) AppleWebKit/537.36 (KHTML, like Gecko) Cypress/15.8.1 Chrome/138.0.7204.251 Electron/37.6.0 Safari/537.36"
[2026-06-26T15:59:27.535Z]  "GET /examples/pipeline.js" "Mozilla/5.0 (X11; Linux x86_64) AppleWebKit/537.36 (KHTML, like Gecko) Cypress/15.8.1 Chrome/138.0.7204.251 Electron/37.6.0 Safari/537.36"
[2026-06-26T15:59:31.007Z]  "GET /examples/index.html" "Mozilla/5.0 (X11; Linux x86_64) AppleWebKit/537.36 (KHTML, like Gecko) Cypress/15.8.1 Chrome/138.0.7204.251 Electron/37.6.0 Safari/537.36"
[2026-06-26T15:59:31.050Z]  "GET /examples/styles.css" "Mozilla/5.0 (X11; Linux x86_64) AppleWebKit/537.36 (KHTML, like Gecko) Cypress/15.8.1 Chrome/138.0.7204.251 Electron/37.6.0 Safari/537.36"
[2026-06-26T15:59:31.051Z]  "GET /dist/audio-recorder-visualization.umd.js" "Mozilla/5.0 (X11; Linux x86_64) AppleWebKit/537.36 (KHTML, like Gecko) Cypress/15.8.1 Chrome/138.0.7204.251 Electron/37.6.0 Safari/537.36"
[2026-06-26T15:59:31.051Z]  "GET /examples/app-core.js" "Mozilla/5.0 (X11; Linux x86_64) AppleWebKit/537.36 (KHTML, like Gecko) Cypress/15.8.1 Chrome/138.0.7204.251 Electron/37.6.0 Safari/537.36"
[2026-06-26T15:59:31.052Z]  "GET /examples/app-features.js" "Mozilla/5.0 (X11; Linux x86_64) AppleWebKit/537.36 (KHTML, like Gecko) Cypress/15.8.1 Chrome/138.0.7204.251 Electron/37.6.0 Safari/537.36"
[2026-06-26T15:59:31.053Z]  "GET /examples/app-interactions.js" "Mozilla/5.0 (X11; Linux x86_64) AppleWebKit/537.36 (KHTML, like Gecko) Cypress/15.8.1 Chrome/138.0.7204.251 Electron/37.6.0 Safari/537.36"
[2026-06-26T15:59:31.054Z]  "GET /examples/youtube-upload.js" "Mozilla/5.0 (X11; Linux x86_64) AppleWebKit/537.36 (KHTML, like Gecko) Cypress/15.8.1 Chrome/138.0.7204.251 Electron/37.6.0 Safari/537.36"
[2026-06-26T15:59:31.097Z]  "GET /examples/pipeline.js" "Mozilla/5.0 (X11; Linux x86_64) AppleWebKit/537.36 (KHTML, like Gecko) Cypress/15.8.1 Chrome/138.0.7204.251 Electron/37.6.0 Safari/537.36"
[2026-06-26T15:59:32.114Z]  "GET /examples/index.html" "Mozilla/5.0 (X11; Linux x86_64) AppleWebKit/537.36 (KHTML, like Gecko) Cypress/15.8.1 Chrome/138.0.7204.251 Electron/37.6.0 Safari/537.36"
[2026-06-26T15:59:32.162Z]  "GET /examples/styles.css" "Mozilla/5.0 (X11; Linux x86_64) AppleWebKit/537.36 (KHTML, like Gecko) Cypress/15.8.1 Chrome/138.0.7204.251 Electron/37.6.0 Safari/537.36"
[2026-06-26T15:59:32.169Z]  "GET /dist/audio-recorder-visualization.umd.js" "Mozilla/5.0 (X11; Linux x86_64) AppleWebKit/537.36 (KHTML, like Gecko) Cypress/15.8.1 Chrome/138.0.7204.251 Electron/37.6.0 Safari/537.36"
[2026-06-26T15:59:32.170Z]  "GET /examples/app-core.js" "Mozilla/5.0 (X11; Linux x86_64) AppleWebKit/537.36 (KHTML, like Gecko) Cypress/15.8.1 Chrome/138.0.7204.251 Electron/37.6.0 Safari/537.36"
[2026-06-26T15:59:32.171Z]  "GET /examples/app-features.js" "Mozilla/5.0 (X11; Linux x86_64) AppleWebKit/537.36 (KHTML, like Gecko) Cypress/15.8.1 Chrome/138.0.7204.251 Electron/37.6.0 Safari/537.36"
[2026-06-26T15:59:32.172Z]  "GET /examples/app-interactions.js" "Mozilla/5.0 (X11; Linux x86_64) AppleWebKit/537.36 (KHTML, like Gecko) Cypress/15.8.1 Chrome/138.0.7204.251 Electron/37.6.0 Safari/537.36"
[2026-06-26T15:59:32.173Z]  "GET /examples/youtube-upload.js" "Mozilla/5.0 (X11; Linux x86_64) AppleWebKit/537.36 (KHTML, like Gecko) Cypress/15.8.1 Chrome/138.0.7204.251 Electron/37.6.0 Safari/537.36"
[2026-06-26T15:59:32.204Z]  "GET /examples/pipeline.js" "Mozilla/5.0 (X11; Linux x86_64) AppleWebKit/537.36 (KHTML, like Gecko) Cypress/15.8.1 Chrome/138.0.7204.251 Electron/37.6.0 Safari/537.36"
[2026-06-26T15:59:33.010Z]  "GET /examples/index.html" "Mozilla/5.0 (X11; Linux x86_64) AppleWebKit/537.36 (KHTML, like Gecko) Cypress/15.8.1 Chrome/138.0.7204.251 Electron/37.6.0 Safari/537.36"
[2026-06-26T15:59:33.040Z]  "GET /examples/styles.css" "Mozilla/5.0 (X11; Linux x86_64) AppleWebKit/537.36 (KHTML, like Gecko) Cypress/15.8.1 Chrome/138.0.7204.251 Electron/37.6.0 Safari/537.36"
[2026-06-26T15:59:33.041Z]  "GET /dist/audio-recorder-visualization.umd.js" "Mozilla/5.0 (X11; Linux x86_64) AppleWebKit/537.36 (KHTML, like Gecko) Cypress/15.8.1 Chrome/138.0.7204.251 Electron/37.6.0 Safari/537.36"
[2026-06-26T15:59:33.043Z]  "GET /examples/app-core.js" "Mozilla/5.0 (X11; Linux x86_64) AppleWebKit/537.36 (KHTML, like Gecko) Cypress/15.8.1 Chrome/138.0.7204.251 Electron/37.6.0 Safari/537.36"
[2026-06-26T15:59:33.044Z]  "GET /examples/app-features.js" "Mozilla/5.0 (X11; Linux x86_64) AppleWebKit/537.36 (KHTML, like Gecko) Cypress/15.8.1 Chrome/138.0.7204.251 Electron/37.6.0 Safari/537.36"
[2026-06-26T15:59:33.045Z]  "GET /examples/app-interactions.js" "Mozilla/5.0 (X11; Linux x86_64) AppleWebKit/537.36 (KHTML, like Gecko) Cypress/15.8.1 Chrome/138.0.7204.251 Electron/37.6.0 Safari/537.36"
[2026-06-26T15:59:33.045Z]  "GET /examples/youtube-upload.js" "Mozilla/5.0 (X11; Linux x86_64) AppleWebKit/537.36 (KHTML, like Gecko) Cypress/15.8.1 Chrome/138.0.7204.251 Electron/37.6.0 Safari/537.36"
[2026-06-26T15:59:33.086Z]  "GET /examples/pipeline.js" "Mozilla/5.0 (X11; Linux x86_64) AppleWebKit/537.36 (KHTML, like Gecko) Cypress/15.8.1 Chrome/138.0.7204.251 Electron/37.6.0 Safari/537.36"
[2026-06-26T16:00:07.619Z]  "GET /examples/index.html" "Mozilla/5.0 (X11; Linux x86_64) AppleWebKit/537.36 (KHTML, like Gecko) Cypress/15.8.1 Chrome/138.0.7204.251 Electron/37.6.0 Safari/537.36"
[2026-06-26T16:00:08.171Z]  "GET /examples/styles.css" "Mozilla/5.0 (X11; Linux x86_64) AppleWebKit/537.36 (KHTML, like Gecko) Cypress/15.8.1 Chrome/138.0.7204.251 Electron/37.6.0 Safari/537.36"
[2026-06-26T16:00:08.189Z]  "GET /examples/app-interactions.js" "Mozilla/5.0 (X11; Linux x86_64) AppleWebKit/537.36 (KHTML, like Gecko) Cypress/15.8.1 Chrome/138.0.7204.251 Electron/37.6.0 Safari/537.36"
[2026-06-26T16:00:08.217Z]  "GET /dist/audio-recorder-visualization.umd.js" "Mozilla/5.0 (X11; Linux x86_64) AppleWebKit/537.36 (KHTML, like Gecko) Cypress/15.8.1 Chrome/138.0.7204.251 Electron/37.6.0 Safari/537.36"
[2026-06-26T16:00:08.218Z]  "GET /examples/app-core.js" "Mozilla/5.0 (X11; Linux x86_64) AppleWebKit/537.36 (KHTML, like Gecko) Cypress/15.8.1 Chrome/138.0.7204.251 Electron/37.6.0 Safari/537.36"
[2026-06-26T16:00:08.219Z]  "GET /examples/app-features.js" "Mozilla/5.0 (X11; Linux x86_64) AppleWebKit/537.36 (KHTML, like Gecko) Cypress/15.8.1 Chrome/138.0.7204.251 Electron/37.6.0 Safari/537.36"
[2026-06-26T16:00:08.242Z]  "GET /examples/youtube-upload.js" "Mozilla/5.0 (X11; Linux x86_64) AppleWebKit/537.36 (KHTML, like Gecko) Cypress/15.8.1 Chrome/138.0.7204.251 Electron/37.6.0 Safari/537.36"
[2026-06-26T16:00:08.326Z]  "GET /examples/pipeline.js" "Mozilla/5.0 (X11; Linux x86_64) AppleWebKit/537.36 (KHTML, like Gecko) Cypress/15.8.1 Chrome/138.0.7204.251 Electron/37.6.0 Safari/537.36"
[2026-06-26T16:00:11.106Z]  "GET /examples/index.html" "Mozilla/5.0 (X11; Linux x86_64) AppleWebKit/537.36 (KHTML, like Gecko) Cypress/15.8.1 Chrome/138.0.7204.251 Electron/37.6.0 Safari/537.36"
[2026-06-26T16:00:11.208Z]  "GET /examples/styles.css" "Mozilla/5.0 (X11; Linux x86_64) AppleWebKit/537.36 (KHTML, like Gecko) Cypress/15.8.1 Chrome/138.0.7204.251 Electron/37.6.0 Safari/537.36"
[2026-06-26T16:00:11.226Z]  "GET /dist/audio-recorder-visualization.umd.js" "Mozilla/5.0 (X11; Linux x86_64) AppleWebKit/537.36 (KHTML, like Gecko) Cypress/15.8.1 Chrome/138.0.7204.251 Electron/37.6.0 Safari/537.36"
[2026-06-26T16:00:11.230Z]  "GET /examples/app-core.js" "Mozilla/5.0 (X11; Linux x86_64) AppleWebKit/537.36 (KHTML, like Gecko) Cypress/15.8.1 Chrome/138.0.7204.251 Electron/37.6.0 Safari/537.36"
[2026-06-26T16:00:11.251Z]  "GET /examples/app-features.js" "Mozilla/5.0 (X11; Linux x86_64) AppleWebKit/537.36 (KHTML, like Gecko) Cypress/15.8.1 Chrome/138.0.7204.251 Electron/37.6.0 Safari/537.36"
[2026-06-26T16:00:11.257Z]  "GET /examples/app-interactions.js" "Mozilla/5.0 (X11; Linux x86_64) AppleWebKit/537.36 (KHTML, like Gecko) Cypress/15.8.1 Chrome/138.0.7204.251 Electron/37.6.0 Safari/537.36"
[2026-06-26T16:00:11.258Z]  "GET /examples/youtube-upload.js" "Mozilla/5.0 (X11; Linux x86_64) AppleWebKit/537.36 (KHTML, like Gecko) Cypress/15.8.1 Chrome/138.0.7204.251 Electron/37.6.0 Safari/537.36"
[2026-06-26T16:00:11.305Z]  "GET /examples/pipeline.js" "Mozilla/5.0 (X11; Linux x86_64) AppleWebKit/537.36 (KHTML, like Gecko) Cypress/15.8.1 Chrome/138.0.7204.251 Electron/37.6.0 Safari/537.36"
[2026-06-26T16:00:12.906Z]  "GET /examples/index.html" "Mozilla/5.0 (X11; Linux x86_64) AppleWebKit/537.36 (KHTML, like Gecko) Cypress/15.8.1 Chrome/138.0.7204.251 Electron/37.6.0 Safari/537.36"
[2026-06-26T16:00:12.979Z]  "GET /examples/styles.css" "Mozilla/5.0 (X11; Linux x86_64) AppleWebKit/537.36 (KHTML, like Gecko) Cypress/15.8.1 Chrome/138.0.7204.251 Electron/37.6.0 Safari/537.36"
[2026-06-26T16:00:12.982Z]  "GET /dist/audio-recorder-visualization.umd.js" "Mozilla/5.0 (X11; Linux x86_64) AppleWebKit/537.36 (KHTML, like Gecko) Cypress/15.8.1 Chrome/138.0.7204.251 Electron/37.6.0 Safari/537.36"
[2026-06-26T16:00:12.985Z]  "GET /examples/app-core.js" "Mozilla/5.0 (X11; Linux x86_64) AppleWebKit/537.36 (KHTML, like Gecko) Cypress/15.8.1 Chrome/138.0.7204.251 Electron/37.6.0 Safari/537.36"
[2026-06-26T16:00:12.987Z]  "GET /examples/app-features.js" "Mozilla/5.0 (X11; Linux x86_64) AppleWebKit/537.36 (KHTML, like Gecko) Cypress/15.8.1 Chrome/138.0.7204.251 Electron/37.6.0 Safari/537.36"
[2026-06-26T16:00:12.987Z]  "GET /examples/app-interactions.js" "Mozilla/5.0 (X11; Linux x86_64) AppleWebKit/537.36 (KHTML, like Gecko) Cypress/15.8.1 Chrome/138.0.7204.251 Electron/37.6.0 Safari/537.36"
[2026-06-26T16:00:13.050Z]  "GET /examples/youtube-upload.js" "Mozilla/5.0 (X11; Linux x86_64) AppleWebKit/537.36 (KHTML, like Gecko) Cypress/15.8.1 Chrome/138.0.7204.251 Electron/37.6.0 Safari/537.36"
[2026-06-26T16:00:13.096Z]  "GET /examples/pipeline.js" "Mozilla/5.0 (X11; Linux x86_64) AppleWebKit/537.36 (KHTML, like Gecko) Cypress/15.8.1 Chrome/138.0.7204.251 Electron/37.6.0 Safari/537.36"
[2026-06-26T16:00:24.695Z]  "GET /examples/index.html" "Mozilla/5.0 (X11; Linux x86_64) AppleWebKit/537.36 (KHTML, like Gecko) Cypress/15.8.1 Chrome/138.0.7204.251 Electron/37.6.0 Safari/537.36"
[2026-06-26T16:00:24.762Z]  "GET /examples/styles.css" "Mozilla/5.0 (X11; Linux x86_64) AppleWebKit/537.36 (KHTML, like Gecko) Cypress/15.8.1 Chrome/138.0.7204.251 Electron/37.6.0 Safari/537.36"
[2026-06-26T16:00:24.773Z]  "GET /dist/audio-recorder-visualization.umd.js" "Mozilla/5.0 (X11; Linux x86_64) AppleWebKit/537.36 (KHTML, like Gecko) Cypress/15.8.1 Chrome/138.0.7204.251 Electron/37.6.0 Safari/537.36"
[2026-06-26T16:00:24.815Z]  "GET /examples/app-core.js" "Mozilla/5.0 (X11; Linux x86_64) AppleWebKit/537.36 (KHTML, like Gecko) Cypress/15.8.1 Chrome/138.0.7204.251 Electron/37.6.0 Safari/537.36"
[2026-06-26T16:00:24.820Z]  "GET /examples/youtube-upload.js" "Mozilla/5.0 (X11; Linux x86_64) AppleWebKit/537.36 (KHTML, like Gecko) Cypress/15.8.1 Chrome/138.0.7204.251 Electron/37.6.0 Safari/537.36"
[2026-06-26T16:00:24.836Z]  "GET /examples/app-features.js" "Mozilla/5.0 (X11; Linux x86_64) AppleWebKit/537.36 (KHTML, like Gecko) Cypress/15.8.1 Chrome/138.0.7204.251 Electron/37.6.0 Safari/537.36"
[2026-06-26T16:00:24.837Z]  "GET /examples/app-interactions.js" "Mozilla/5.0 (X11; Linux x86_64) AppleWebKit/537.36 (KHTML, like Gecko) Cypress/15.8.1 Chrome/138.0.7204.251 Electron/37.6.0 Safari/537.36"
[2026-06-26T16:00:24.883Z]  "GET /examples/pipeline.js" "Mozilla/5.0 (X11; Linux x86_64) AppleWebKit/537.36 (KHTML, like Gecko) Cypress/15.8.1 Chrome/138.0.7204.251 Electron/37.6.0 Safari/537.36"
[2026-06-26T16:00:25.992Z]  "GET /examples/index.html" "Mozilla/5.0 (X11; Linux x86_64) AppleWebKit/537.36 (KHTML, like Gecko) Cypress/15.8.1 Chrome/138.0.7204.251 Electron/37.6.0 Safari/537.36"
[2026-06-26T16:00:26.065Z]  "GET /examples/styles.css" "Mozilla/5.0 (X11; Linux x86_64) AppleWebKit/537.36 (KHTML, like Gecko) Cypress/15.8.1 Chrome/138.0.7204.251 Electron/37.6.0 Safari/537.36"
[2026-06-26T16:00:26.068Z]  "GET /dist/audio-recorder-visualization.umd.js" "Mozilla/5.0 (X11; Linux x86_64) AppleWebKit/537.36 (KHTML, like Gecko) Cypress/15.8.1 Chrome/138.0.7204.251 Electron/37.6.0 Safari/537.36"
[2026-06-26T16:00:26.069Z]  "GET /examples/app-core.js" "Mozilla/5.0 (X11; Linux x86_64) AppleWebKit/537.36 (KHTML, like Gecko) Cypress/15.8.1 Chrome/138.0.7204.251 Electron/37.6.0 Safari/537.36"
[2026-06-26T16:00:26.071Z]  "GET /examples/app-features.js" "Mozilla/5.0 (X11; Linux x86_64) AppleWebKit/537.36 (KHTML, like Gecko) Cypress/15.8.1 Chrome/138.0.7204.251 Electron/37.6.0 Safari/537.36"
[2026-06-26T16:00:26.102Z]  "GET /examples/app-interactions.js" "Mozilla/5.0 (X11; Linux x86_64) AppleWebKit/537.36 (KHTML, like Gecko) Cypress/15.8.1 Chrome/138.0.7204.251 Electron/37.6.0 Safari/537.36"
[2026-06-26T16:00:26.103Z]  "GET /examples/youtube-upload.js" "Mozilla/5.0 (X11; Linux x86_64) AppleWebKit/537.36 (KHTML, like Gecko) Cypress/15.8.1 Chrome/138.0.7204.251 Electron/37.6.0 Safari/537.36"
[2026-06-26T16:00:26.135Z]  "GET /examples/pipeline.js" "Mozilla/5.0 (X11; Linux x86_64) AppleWebKit/537.36 (KHTML, like Gecko) Cypress/15.8.1 Chrome/138.0.7204.251 Electron/37.6.0 Safari/537.36"
[2026-06-26T16:00:29.201Z]  "GET /examples/index.html" "Mozilla/5.0 (X11; Linux x86_64) AppleWebKit/537.36 (KHTML, like Gecko) Cypress/15.8.1 Chrome/138.0.7204.251 Electron/37.6.0 Safari/537.36"
[2026-06-26T16:00:29.282Z]  "GET /examples/styles.css" "Mozilla/5.0 (X11; Linux x86_64) AppleWebKit/537.36 (KHTML, like Gecko) Cypress/15.8.1 Chrome/138.0.7204.251 Electron/37.6.0 Safari/537.36"
[2026-06-26T16:00:29.286Z]  "GET /dist/audio-recorder-visualization.umd.js" "Mozilla/5.0 (X11; Linux x86_64) AppleWebKit/537.36 (KHTML, like Gecko) Cypress/15.8.1 Chrome/138.0.7204.251 Electron/37.6.0 Safari/537.36"
[2026-06-26T16:00:29.289Z]  "GET /examples/app-core.js" "Mozilla/5.0 (X11; Linux x86_64) AppleWebKit/537.36 (KHTML, like Gecko) Cypress/15.8.1 Chrome/138.0.7204.251 Electron/37.6.0 Safari/537.36"
[2026-06-26T16:00:29.291Z]  "GET /examples/app-features.js" "Mozilla/5.0 (X11; Linux x86_64) AppleWebKit/537.36 (KHTML, like Gecko) Cypress/15.8.1 Chrome/138.0.7204.251 Electron/37.6.0 Safari/537.36"
[2026-06-26T16:00:29.296Z]  "GET /examples/app-interactions.js" "Mozilla/5.0 (X11; Linux x86_64) AppleWebKit/537.36 (KHTML, like Gecko) Cypress/15.8.1 Chrome/138.0.7204.251 Electron/37.6.0 Safari/537.36"
[2026-06-26T16:00:29.300Z]  "GET /examples/youtube-upload.js" "Mozilla/5.0 (X11; Linux x86_64) AppleWebKit/537.36 (KHTML, like Gecko) Cypress/15.8.1 Chrome/138.0.7204.251 Electron/37.6.0 Safari/537.36"
[2026-06-26T16:00:29.352Z]  "GET /examples/pipeline.js" "Mozilla/5.0 (X11; Linux x86_64) AppleWebKit/537.36 (KHTML, like Gecko) Cypress/15.8.1 Chrome/138.0.7204.251 Electron/37.6.0 Safari/537.36"
[2026-06-26T16:00:30.306Z]  "GET /examples/index.html" "Mozilla/5.0 (X11; Linux x86_64) AppleWebKit/537.36 (KHTML, like Gecko) Cypress/15.8.1 Chrome/138.0.7204.251 Electron/37.6.0 Safari/537.36"
[2026-06-26T16:00:30.381Z]  "GET /examples/styles.css" "Mozilla/5.0 (X11; Linux x86_64) AppleWebKit/537.36 (KHTML, like Gecko) Cypress/15.8.1 Chrome/138.0.7204.251 Electron/37.6.0 Safari/537.36"
[2026-06-26T16:00:30.390Z]  "GET /dist/audio-recorder-visualization.umd.js" "Mozilla/5.0 (X11; Linux x86_64) AppleWebKit/537.36 (KHTML, like Gecko) Cypress/15.8.1 Chrome/138.0.7204.251 Electron/37.6.0 Safari/537.36"
[2026-06-26T16:00:30.391Z]  "GET /examples/app-core.js" "Mozilla/5.0 (X11; Linux x86_64) AppleWebKit/537.36 (KHTML, like Gecko) Cypress/15.8.1 Chrome/138.0.7204.251 Electron/37.6.0 Safari/537.36"
[2026-06-26T16:00:30.394Z]  "GET /examples/app-features.js" "Mozilla/5.0 (X11; Linux x86_64) AppleWebKit/537.36 (KHTML, like Gecko) Cypress/15.8.1 Chrome/138.0.7204.251 Electron/37.6.0 Safari/537.36"
[2026-06-26T16:00:30.394Z]  "GET /examples/app-interactions.js" "Mozilla/5.0 (X11; Linux x86_64) AppleWebKit/537.36 (KHTML, like Gecko) Cypress/15.8.1 Chrome/138.0.7204.251 Electron/37.6.0 Safari/537.36"
[2026-06-26T16:00:30.396Z]  "GET /examples/youtube-upload.js" "Mozilla/5.0 (X11; Linux x86_64) AppleWebKit/537.36 (KHTML, like Gecko) Cypress/15.8.1 Chrome/138.0.7204.251 Electron/37.6.0 Safari/537.36"
[2026-06-26T16:00:30.437Z]  "GET /examples/pipeline.js" "Mozilla/5.0 (X11; Linux x86_64) AppleWebKit/537.36 (KHTML, like Gecko) Cypress/15.8.1 Chrome/138.0.7204.251 Electron/37.6.0 Safari/537.36"
[2026-06-26T16:00:31.797Z]  "GET /examples/index.html" "Mozilla/5.0 (X11; Linux x86_64) AppleWebKit/537.36 (KHTML, like Gecko) Cypress/15.8.1 Chrome/138.0.7204.251 Electron/37.6.0 Safari/537.36"
[2026-06-26T16:00:31.852Z]  "GET /examples/styles.css" "Mozilla/5.0 (X11; Linux x86_64) AppleWebKit/537.36 (KHTML, like Gecko) Cypress/15.8.1 Chrome/138.0.7204.251 Electron/37.6.0 Safari/537.36"
[2026-06-26T16:00:31.853Z]  "GET /dist/audio-recorder-visualization.umd.js" "Mozilla/5.0 (X11; Linux x86_64) AppleWebKit/537.36 (KHTML, like Gecko) Cypress/15.8.1 Chrome/138.0.7204.251 Electron/37.6.0 Safari/537.36"
[2026-06-26T16:00:31.860Z]  "GET /examples/app-core.js" "Mozilla/5.0 (X11; Linux x86_64) AppleWebKit/537.36 (KHTML, like Gecko) Cypress/15.8.1 Chrome/138.0.7204.251 Electron/37.6.0 Safari/537.36"
[2026-06-26T16:00:31.863Z]  "GET /examples/app-features.js" "Mozilla/5.0 (X11; Linux x86_64) AppleWebKit/537.36 (KHTML, like Gecko) Cypress/15.8.1 Chrome/138.0.7204.251 Electron/37.6.0 Safari/537.36"
[2026-06-26T16:00:31.865Z]  "GET /examples/app-interactions.js" "Mozilla/5.0 (X11; Linux x86_64) AppleWebKit/537.36 (KHTML, like Gecko) Cypress/15.8.1 Chrome/138.0.7204.251 Electron/37.6.0 Safari/537.36"
[2026-06-26T16:00:31.870Z]  "GET /examples/youtube-upload.js" "Mozilla/5.0 (X11; Linux x86_64) AppleWebKit/537.36 (KHTML, like Gecko) Cypress/15.8.1 Chrome/138.0.7204.251 Electron/37.6.0 Safari/537.36"
[2026-06-26T16:00:31.900Z]  "GET /examples/pipeline.js" "Mozilla/5.0 (X11; Linux x86_64) AppleWebKit/537.36 (KHTML, like Gecko) Cypress/15.8.1 Chrome/138.0.7204.251 Electron/37.6.0 Safari/537.36"
[2026-06-26T16:00:33.048Z]  "GET /examples/index.html" "Mozilla/5.0 (X11; Linux x86_64) AppleWebKit/537.36 (KHTML, like Gecko) Cypress/15.8.1 Chrome/138.0.7204.251 Electron/37.6.0 Safari/537.36"
[2026-06-26T16:00:33.155Z]  "GET /examples/styles.css" "Mozilla/5.0 (X11; Linux x86_64) AppleWebKit/537.36 (KHTML, like Gecko) Cypress/15.8.1 Chrome/138.0.7204.251 Electron/37.6.0 Safari/537.36"
[2026-06-26T16:00:33.156Z]  "GET /dist/audio-recorder-visualization.umd.js" "Mozilla/5.0 (X11; Linux x86_64) AppleWebKit/537.36 (KHTML, like Gecko) Cypress/15.8.1 Chrome/138.0.7204.251 Electron/37.6.0 Safari/537.36"
[2026-06-26T16:00:33.157Z]  "GET /examples/app-core.js" "Mozilla/5.0 (X11; Linux x86_64) AppleWebKit/537.36 (KHTML, like Gecko) Cypress/15.8.1 Chrome/138.0.7204.251 Electron/37.6.0 Safari/537.36"
[2026-06-26T16:00:33.160Z]  "GET /examples/app-features.js" "Mozilla/5.0 (X11; Linux x86_64) AppleWebKit/537.36 (KHTML, like Gecko) Cypress/15.8.1 Chrome/138.0.7204.251 Electron/37.6.0 Safari/537.36"
[2026-06-26T16:00:33.163Z]  "GET /examples/app-interactions.js" "Mozilla/5.0 (X11; Linux x86_64) AppleWebKit/537.36 (KHTML, like Gecko) Cypress/15.8.1 Chrome/138.0.7204.251 Electron/37.6.0 Safari/537.36"
[2026-06-26T16:00:33.165Z]  "GET /examples/youtube-upload.js" "Mozilla/5.0 (X11; Linux x86_64) AppleWebKit/537.36 (KHTML, like Gecko) Cypress/15.8.1 Chrome/138.0.7204.251 Electron/37.6.0 Safari/537.36"
[2026-06-26T16:00:33.240Z]  "GET /examples/pipeline.js" "Mozilla/5.0 (X11; Linux x86_64) AppleWebKit/537.36 (KHTML, like Gecko) Cypress/15.8.1 Chrome/138.0.7204.251 Electron/37.6.0 Safari/537.36"
[2026-06-26T16:00:44.560Z]  "GET /examples/index.html" "Mozilla/5.0 (X11; Linux x86_64) AppleWebKit/537.36 (KHTML, like Gecko) Cypress/15.8.1 Chrome/138.0.7204.251 Electron/37.6.0 Safari/537.36"
[2026-06-26T16:00:44.623Z]  "GET /examples/styles.css" "Mozilla/5.0 (X11; Linux x86_64) AppleWebKit/537.36 (KHTML, like Gecko) Cypress/15.8.1 Chrome/138.0.7204.251 Electron/37.6.0 Safari/537.36"
[2026-06-26T16:00:44.631Z]  "GET /examples/app-core.js" "Mozilla/5.0 (X11; Linux x86_64) AppleWebKit/537.36 (KHTML, like Gecko) Cypress/15.8.1 Chrome/138.0.7204.251 Electron/37.6.0 Safari/537.36"
[2026-06-26T16:00:44.637Z]  "GET /dist/audio-recorder-visualization.umd.js" "Mozilla/5.0 (X11; Linux x86_64) AppleWebKit/537.36 (KHTML, like Gecko) Cypress/15.8.1 Chrome/138.0.7204.251 Electron/37.6.0 Safari/537.36"
[2026-06-26T16:00:44.643Z]  "GET /examples/app-features.js" "Mozilla/5.0 (X11; Linux x86_64) AppleWebKit/537.36 (KHTML, like Gecko) Cypress/15.8.1 Chrome/138.0.7204.251 Electron/37.6.0 Safari/537.36"
[2026-06-26T16:00:44.654Z]  "GET /examples/app-interactions.js" "Mozilla/5.0 (X11; Linux x86_64) AppleWebKit/537.36 (KHTML, like Gecko) Cypress/15.8.1 Chrome/138.0.7204.251 Electron/37.6.0 Safari/537.36"
[2026-06-26T16:00:44.678Z]  "GET /examples/youtube-upload.js" "Mozilla/5.0 (X11; Linux x86_64) AppleWebKit/537.36 (KHTML, like Gecko) Cypress/15.8.1 Chrome/138.0.7204.251 Electron/37.6.0 Safari/537.36"
[2026-06-26T16:00:44.703Z]  "GET /examples/pipeline.js" "Mozilla/5.0 (X11; Linux x86_64) AppleWebKit/537.36 (KHTML, like Gecko) Cypress/15.8.1 Chrome/138.0.7204.251 Electron/37.6.0 Safari/537.36"
[2026-06-26T16:00:45.611Z]  "GET /examples/index.html" "Mozilla/5.0 (X11; Linux x86_64) AppleWebKit/537.36 (KHTML, like Gecko) Cypress/15.8.1 Chrome/138.0.7204.251 Electron/37.6.0 Safari/537.36"
[2026-06-26T16:00:45.698Z]  "GET /examples/styles.css" "Mozilla/5.0 (X11; Linux x86_64) AppleWebKit/537.36 (KHTML, like Gecko) Cypress/15.8.1 Chrome/138.0.7204.251 Electron/37.6.0 Safari/537.36"
[2026-06-26T16:00:45.700Z]  "GET /dist/audio-recorder-visualization.umd.js" "Mozilla/5.0 (X11; Linux x86_64) AppleWebKit/537.36 (KHTML, like Gecko) Cypress/15.8.1 Chrome/138.0.7204.251 Electron/37.6.0 Safari/537.36"
[2026-06-26T16:00:45.719Z]  "GET /examples/app-core.js" "Mozilla/5.0 (X11; Linux x86_64) AppleWebKit/537.36 (KHTML, like Gecko) Cypress/15.8.1 Chrome/138.0.7204.251 Electron/37.6.0 Safari/537.36"
[2026-06-26T16:00:45.720Z]  "GET /examples/app-features.js" "Mozilla/5.0 (X11; Linux x86_64) AppleWebKit/537.36 (KHTML, like Gecko) Cypress/15.8.1 Chrome/138.0.7204.251 Electron/37.6.0 Safari/537.36"
[2026-06-26T16:00:45.720Z]  "GET /examples/app-interactions.js" "Mozilla/5.0 (X11; Linux x86_64) AppleWebKit/537.36 (KHTML, like Gecko) Cypress/15.8.1 Chrome/138.0.7204.251 Electron/37.6.0 Safari/537.36"
[2026-06-26T16:00:45.722Z]  "GET /examples/youtube-upload.js" "Mozilla/5.0 (X11; Linux x86_64) AppleWebKit/537.36 (KHTML, like Gecko) Cypress/15.8.1 Chrome/138.0.7204.251 Electron/37.6.0 Safari/537.36"
[2026-06-26T16:00:45.741Z]  "GET /examples/pipeline.js" "Mozilla/5.0 (X11; Linux x86_64) AppleWebKit/537.36 (KHTML, like Gecko) Cypress/15.8.1 Chrome/138.0.7204.251 Electron/37.6.0 Safari/537.36"
[2026-06-26T16:00:46.626Z]  "GET /examples/index.html" "Mozilla/5.0 (X11; Linux x86_64) AppleWebKit/537.36 (KHTML, like Gecko) Cypress/15.8.1 Chrome/138.0.7204.251 Electron/37.6.0 Safari/537.36"
[2026-06-26T16:00:46.672Z]  "GET /examples/styles.css" "Mozilla/5.0 (X11; Linux x86_64) AppleWebKit/537.36 (KHTML, like Gecko) Cypress/15.8.1 Chrome/138.0.7204.251 Electron/37.6.0 Safari/537.36"
[2026-06-26T16:00:46.675Z]  "GET /dist/audio-recorder-visualization.umd.js" "Mozilla/5.0 (X11; Linux x86_64) AppleWebKit/537.36 (KHTML, like Gecko) Cypress/15.8.1 Chrome/138.0.7204.251 Electron/37.6.0 Safari/537.36"
[2026-06-26T16:00:46.676Z]  "GET /examples/app-core.js" "Mozilla/5.0 (X11; Linux x86_64) AppleWebKit/537.36 (KHTML, like Gecko) Cypress/15.8.1 Chrome/138.0.7204.251 Electron/37.6.0 Safari/537.36"
[2026-06-26T16:00:46.678Z]  "GET /examples/app-features.js" "Mozilla/5.0 (X11; Linux x86_64) AppleWebKit/537.36 (KHTML, like Gecko) Cypress/15.8.1 Chrome/138.0.7204.251 Electron/37.6.0 Safari/537.36"
[2026-06-26T16:00:46.679Z]  "GET /examples/app-interactions.js" "Mozilla/5.0 (X11; Linux x86_64) AppleWebKit/537.36 (KHTML, like Gecko) Cypress/15.8.1 Chrome/138.0.7204.251 Electron/37.6.0 Safari/537.36"
[2026-06-26T16:00:46.680Z]  "GET /examples/youtube-upload.js" "Mozilla/5.0 (X11; Linux x86_64) AppleWebKit/537.36 (KHTML, like Gecko) Cypress/15.8.1 Chrome/138.0.7204.251 Electron/37.6.0 Safari/537.36"
[2026-06-26T16:00:46.726Z]  "GET /examples/pipeline.js" "Mozilla/5.0 (X11; Linux x86_64) AppleWebKit/537.36 (KHTML, like Gecko) Cypress/15.8.1 Chrome/138.0.7204.251 Electron/37.6.0 Safari/537.36"
[2026-06-26T16:00:47.503Z]  "GET /examples/index.html" "Mozilla/5.0 (X11; Linux x86_64) AppleWebKit/537.36 (KHTML, like Gecko) Cypress/15.8.1 Chrome/138.0.7204.251 Electron/37.6.0 Safari/537.36"
[2026-06-26T16:00:47.565Z]  "GET /examples/styles.css" "Mozilla/5.0 (X11; Linux x86_64) AppleWebKit/537.36 (KHTML, like Gecko) Cypress/15.8.1 Chrome/138.0.7204.251 Electron/37.6.0 Safari/537.36"
[2026-06-26T16:00:47.581Z]  "GET /dist/audio-recorder-visualization.umd.js" "Mozilla/5.0 (X11; Linux x86_64) AppleWebKit/537.36 (KHTML, like Gecko) Cypress/15.8.1 Chrome/138.0.7204.251 Electron/37.6.0 Safari/537.36"
[2026-06-26T16:00:47.582Z]  "GET /examples/app-core.js" "Mozilla/5.0 (X11; Linux x86_64) AppleWebKit/537.36 (KHTML, like Gecko) Cypress/15.8.1 Chrome/138.0.7204.251 Electron/37.6.0 Safari/537.36"
[2026-06-26T16:00:47.583Z]  "GET /examples/app-features.js" "Mozilla/5.0 (X11; Linux x86_64) AppleWebKit/537.36 (KHTML, like Gecko) Cypress/15.8.1 Chrome/138.0.7204.251 Electron/37.6.0 Safari/537.36"
[2026-06-26T16:00:47.585Z]  "GET /examples/app-interactions.js" "Mozilla/5.0 (X11; Linux x86_64) AppleWebKit/537.36 (KHTML, like Gecko) Cypress/15.8.1 Chrome/138.0.7204.251 Electron/37.6.0 Safari/537.36"
[2026-06-26T16:00:47.585Z]  "GET /examples/youtube-upload.js" "Mozilla/5.0 (X11; Linux x86_64) AppleWebKit/537.36 (KHTML, like Gecko) Cypress/15.8.1 Chrome/138.0.7204.251 Electron/37.6.0 Safari/537.36"
[2026-06-26T16:00:47.616Z]  "GET /examples/pipeline.js" "Mozilla/5.0 (X11; Linux x86_64) AppleWebKit/537.36 (KHTML, like Gecko) Cypress/15.8.1 Chrome/138.0.7204.251 Electron/37.6.0 Safari/537.36"
[2026-06-26T16:00:48.649Z]  "GET /examples/index.html" "Mozilla/5.0 (X11; Linux x86_64) AppleWebKit/537.36 (KHTML, like Gecko) Cypress/15.8.1 Chrome/138.0.7204.251 Electron/37.6.0 Safari/537.36"
[2026-06-26T16:00:48.695Z]  "GET /examples/styles.css" "Mozilla/5.0 (X11; Linux x86_64) AppleWebKit/537.36 (KHTML, like Gecko) Cypress/15.8.1 Chrome/138.0.7204.251 Electron/37.6.0 Safari/537.36"
[2026-06-26T16:00:48.698Z]  "GET /dist/audio-recorder-visualization.umd.js" "Mozilla/5.0 (X11; Linux x86_64) AppleWebKit/537.36 (KHTML, like Gecko) Cypress/15.8.1 Chrome/138.0.7204.251 Electron/37.6.0 Safari/537.36"
[2026-06-26T16:00:48.701Z]  "GET /examples/app-core.js" "Mozilla/5.0 (X11; Linux x86_64) AppleWebKit/537.36 (KHTML, like Gecko) Cypress/15.8.1 Chrome/138.0.7204.251 Electron/37.6.0 Safari/537.36"
[2026-06-26T16:00:48.703Z]  "GET /examples/app-features.js" "Mozilla/5.0 (X11; Linux x86_64) AppleWebKit/537.36 (KHTML, like Gecko) Cypress/15.8.1 Chrome/138.0.7204.251 Electron/37.6.0 Safari/537.36"
[2026-06-26T16:00:48.703Z]  "GET /examples/app-interactions.js" "Mozilla/5.0 (X11; Linux x86_64) AppleWebKit/537.36 (KHTML, like Gecko) Cypress/15.8.1 Chrome/138.0.7204.251 Electron/37.6.0 Safari/537.36"
[2026-06-26T16:00:48.705Z]  "GET /examples/youtube-upload.js" "Mozilla/5.0 (X11; Linux x86_64) AppleWebKit/537.36 (KHTML, like Gecko) Cypress/15.8.1 Chrome/138.0.7204.251 Electron/37.6.0 Safari/537.36"
[2026-06-26T16:00:48.738Z]  "GET /examples/pipeline.js" "Mozilla/5.0 (X11; Linux x86_64) AppleWebKit/537.36 (KHTML, like Gecko) Cypress/15.8.1 Chrome/138.0.7204.251 Electron/37.6.0 Safari/537.36"
[2026-06-26T16:00:49.532Z]  "GET /examples/index.html" "Mozilla/5.0 (X11; Linux x86_64) AppleWebKit/537.36 (KHTML, like Gecko) Cypress/15.8.1 Chrome/138.0.7204.251 Electron/37.6.0 Safari/537.36"
[2026-06-26T16:00:49.562Z]  "GET /examples/styles.css" "Mozilla/5.0 (X11; Linux x86_64) AppleWebKit/537.36 (KHTML, like Gecko) Cypress/15.8.1 Chrome/138.0.7204.251 Electron/37.6.0 Safari/537.36"
[2026-06-26T16:00:49.566Z]  "GET /dist/audio-recorder-visualization.umd.js" "Mozilla/5.0 (X11; Linux x86_64) AppleWebKit/537.36 (KHTML, like Gecko) Cypress/15.8.1 Chrome/138.0.7204.251 Electron/37.6.0 Safari/537.36"
[2026-06-26T16:00:49.576Z]  "GET /examples/app-core.js" "Mozilla/5.0 (X11; Linux x86_64) AppleWebKit/537.36 (KHTML, like Gecko) Cypress/15.8.1 Chrome/138.0.7204.251 Electron/37.6.0 Safari/537.36"
[2026-06-26T16:00:49.588Z]  "GET /examples/app-features.js" "Mozilla/5.0 (X11; Linux x86_64) AppleWebKit/537.36 (KHTML, like Gecko) Cypress/15.8.1 Chrome/138.0.7204.251 Electron/37.6.0 Safari/537.36"
[2026-06-26T16:00:49.590Z]  "GET /examples/app-interactions.js" "Mozilla/5.0 (X11; Linux x86_64) AppleWebKit/537.36 (KHTML, like Gecko) Cypress/15.8.1 Chrome/138.0.7204.251 Electron/37.6.0 Safari/537.36"
[2026-06-26T16:00:49.591Z]  "GET /examples/youtube-upload.js" "Mozilla/5.0 (X11; Linux x86_64) AppleWebKit/537.36 (KHTML, like Gecko) Cypress/15.8.1 Chrome/138.0.7204.251 Electron/37.6.0 Safari/537.36"
[2026-06-26T16:00:49.619Z]  "GET /examples/pipeline.js" "Mozilla/5.0 (X11; Linux x86_64) AppleWebKit/537.36 (KHTML, like Gecko) Cypress/15.8.1 Chrome/138.0.7204.251 Electron/37.6.0 Safari/537.36"
[2026-06-26T16:00:51.843Z]  "GET /examples/index.html" "Mozilla/5.0 (X11; Linux x86_64) AppleWebKit/537.36 (KHTML, like Gecko) Cypress/15.8.1 Chrome/138.0.7204.251 Electron/37.6.0 Safari/537.36"
[2026-06-26T16:00:51.889Z]  "GET /examples/styles.css" "Mozilla/5.0 (X11; Linux x86_64) AppleWebKit/537.36 (KHTML, like Gecko) Cypress/15.8.1 Chrome/138.0.7204.251 Electron/37.6.0 Safari/537.36"
[2026-06-26T16:00:51.894Z]  "GET /dist/audio-recorder-visualization.umd.js" "Mozilla/5.0 (X11; Linux x86_64) AppleWebKit/537.36 (KHTML, like Gecko) Cypress/15.8.1 Chrome/138.0.7204.251 Electron/37.6.0 Safari/537.36"
[2026-06-26T16:00:51.896Z]  "GET /examples/app-core.js" "Mozilla/5.0 (X11; Linux x86_64) AppleWebKit/537.36 (KHTML, like Gecko) Cypress/15.8.1 Chrome/138.0.7204.251 Electron/37.6.0 Safari/537.36"
[2026-06-26T16:00:51.897Z]  "GET /examples/app-features.js" "Mozilla/5.0 (X11; Linux x86_64) AppleWebKit/537.36 (KHTML, like Gecko) Cypress/15.8.1 Chrome/138.0.7204.251 Electron/37.6.0 Safari/537.36"
[2026-06-26T16:00:51.899Z]  "GET /examples/app-interactions.js" "Mozilla/5.0 (X11; Linux x86_64) AppleWebKit/537.36 (KHTML, like Gecko) Cypress/15.8.1 Chrome/138.0.7204.251 Electron/37.6.0 Safari/537.36"
[2026-06-26T16:00:51.899Z]  "GET /examples/youtube-upload.js" "Mozilla/5.0 (X11; Linux x86_64) AppleWebKit/537.36 (KHTML, like Gecko) Cypress/15.8.1 Chrome/138.0.7204.251 Electron/37.6.0 Safari/537.36"
[2026-06-26T16:00:51.936Z]  "GET /examples/pipeline.js" "Mozilla/5.0 (X11; Linux x86_64) AppleWebKit/537.36 (KHTML, like Gecko) Cypress/15.8.1 Chrome/138.0.7204.251 Electron/37.6.0 Safari/537.36"
[2026-06-26T16:00:52.721Z]  "GET /examples/index.html" "Mozilla/5.0 (X11; Linux x86_64) AppleWebKit/537.36 (KHTML, like Gecko) Cypress/15.8.1 Chrome/138.0.7204.251 Electron/37.6.0 Safari/537.36"
[2026-06-26T16:00:52.759Z]  "GET /examples/styles.css" "Mozilla/5.0 (X11; Linux x86_64) AppleWebKit/537.36 (KHTML, like Gecko) Cypress/15.8.1 Chrome/138.0.7204.251 Electron/37.6.0 Safari/537.36"
[2026-06-26T16:00:52.760Z]  "GET /dist/audio-recorder-visualization.umd.js" "Mozilla/5.0 (X11; Linux x86_64) AppleWebKit/537.36 (KHTML, like Gecko) Cypress/15.8.1 Chrome/138.0.7204.251 Electron/37.6.0 Safari/537.36"
[2026-06-26T16:00:52.762Z]  "GET /examples/app-core.js" "Mozilla/5.0 (X11; Linux x86_64) AppleWebKit/537.36 (KHTML, like Gecko) Cypress/15.8.1 Chrome/138.0.7204.251 Electron/37.6.0 Safari/537.36"
[2026-06-26T16:00:52.763Z]  "GET /examples/app-features.js" "Mozilla/5.0 (X11; Linux x86_64) AppleWebKit/537.36 (KHTML, like Gecko) Cypress/15.8.1 Chrome/138.0.7204.251 Electron/37.6.0 Safari/537.36"
[2026-06-26T16:00:52.765Z]  "GET /examples/app-interactions.js" "Mozilla/5.0 (X11; Linux x86_64) AppleWebKit/537.36 (KHTML, like Gecko) Cypress/15.8.1 Chrome/138.0.7204.251 Electron/37.6.0 Safari/537.36"
[2026-06-26T16:00:52.785Z]  "GET /examples/youtube-upload.js" "Mozilla/5.0 (X11; Linux x86_64) AppleWebKit/537.36 (KHTML, like Gecko) Cypress/15.8.1 Chrome/138.0.7204.251 Electron/37.6.0 Safari/537.36"
[2026-06-26T16:00:52.798Z]  "GET /examples/pipeline.js" "Mozilla/5.0 (X11; Linux x86_64) AppleWebKit/537.36 (KHTML, like Gecko) Cypress/15.8.1 Chrome/138.0.7204.251 Electron/37.6.0 Safari/537.36"
[2026-06-26T16:00:54.562Z]  "GET /examples/index.html" "Mozilla/5.0 (X11; Linux x86_64) AppleWebKit/537.36 (KHTML, like Gecko) Cypress/15.8.1 Chrome/138.0.7204.251 Electron/37.6.0 Safari/537.36"
[2026-06-26T16:00:54.606Z]  "GET /examples/styles.css" "Mozilla/5.0 (X11; Linux x86_64) AppleWebKit/537.36 (KHTML, like Gecko) Cypress/15.8.1 Chrome/138.0.7204.251 Electron/37.6.0 Safari/537.36"
[2026-06-26T16:00:54.607Z]  "GET /dist/audio-recorder-visualization.umd.js" "Mozilla/5.0 (X11; Linux x86_64) AppleWebKit/537.36 (KHTML, like Gecko) Cypress/15.8.1 Chrome/138.0.7204.251 Electron/37.6.0 Safari/537.36"
[2026-06-26T16:00:54.610Z]  "GET /examples/app-core.js" "Mozilla/5.0 (X11; Linux x86_64) AppleWebKit/537.36 (KHTML, like Gecko) Cypress/15.8.1 Chrome/138.0.7204.251 Electron/37.6.0 Safari/537.36"
[2026-06-26T16:00:54.611Z]  "GET /examples/app-features.js" "Mozilla/5.0 (X11; Linux x86_64) AppleWebKit/537.36 (KHTML, like Gecko) Cypress/15.8.1 Chrome/138.0.7204.251 Electron/37.6.0 Safari/537.36"
[2026-06-26T16:00:54.611Z]  "GET /examples/app-interactions.js" "Mozilla/5.0 (X11; Linux x86_64) AppleWebKit/537.36 (KHTML, like Gecko) Cypress/15.8.1 Chrome/138.0.7204.251 Electron/37.6.0 Safari/537.36"
[2026-06-26T16:00:54.612Z]  "GET /examples/youtube-upload.js" "Mozilla/5.0 (X11; Linux x86_64) AppleWebKit/537.36 (KHTML, like Gecko) Cypress/15.8.1 Chrome/138.0.7204.251 Electron/37.6.0 Safari/537.36"
[2026-06-26T16:00:54.647Z]  "GET /examples/pipeline.js" "Mozilla/5.0 (X11; Linux x86_64) AppleWebKit/537.36 (KHTML, like Gecko) Cypress/15.8.1 Chrome/138.0.7204.251 Electron/37.6.0 Safari/537.36"
[2026-06-26T16:00:55.689Z]  "GET /examples/index.html" "Mozilla/5.0 (X11; Linux x86_64) AppleWebKit/537.36 (KHTML, like Gecko) Cypress/15.8.1 Chrome/138.0.7204.251 Electron/37.6.0 Safari/537.36"
[2026-06-26T16:00:55.742Z]  "GET /examples/styles.css" "Mozilla/5.0 (X11; Linux x86_64) AppleWebKit/537.36 (KHTML, like Gecko) Cypress/15.8.1 Chrome/138.0.7204.251 Electron/37.6.0 Safari/537.36"
[2026-06-26T16:00:55.749Z]  "GET /dist/audio-recorder-visualization.umd.js" "Mozilla/5.0 (X11; Linux x86_64) AppleWebKit/537.36 (KHTML, like Gecko) Cypress/15.8.1 Chrome/138.0.7204.251 Electron/37.6.0 Safari/537.36"
[2026-06-26T16:00:55.751Z]  "GET /examples/app-core.js" "Mozilla/5.0 (X11; Linux x86_64) AppleWebKit/537.36 (KHTML, like Gecko) Cypress/15.8.1 Chrome/138.0.7204.251 Electron/37.6.0 Safari/537.36"
[2026-06-26T16:00:55.751Z]  "GET /examples/app-features.js" "Mozilla/5.0 (X11; Linux x86_64) AppleWebKit/537.36 (KHTML, like Gecko) Cypress/15.8.1 Chrome/138.0.7204.251 Electron/37.6.0 Safari/537.36"
[2026-06-26T16:00:55.752Z]  "GET /examples/app-interactions.js" "Mozilla/5.0 (X11; Linux x86_64) AppleWebKit/537.36 (KHTML, like Gecko) Cypress/15.8.1 Chrome/138.0.7204.251 Electron/37.6.0 Safari/537.36"
[2026-06-26T16:00:55.756Z]  "GET /examples/youtube-upload.js" "Mozilla/5.0 (X11; Linux x86_64) AppleWebKit/537.36 (KHTML, like Gecko) Cypress/15.8.1 Chrome/138.0.7204.251 Electron/37.6.0 Safari/537.36"
[2026-06-26T16:00:55.861Z]  "GET /examples/pipeline.js" "Mozilla/5.0 (X11; Linux x86_64) AppleWebKit/537.36 (KHTML, like Gecko) Cypress/15.8.1 Chrome/138.0.7204.251 Electron/37.6.0 Safari/537.36"
[2026-06-26T16:00:56.830Z]  "GET /examples/index.html" "Mozilla/5.0 (X11; Linux x86_64) AppleWebKit/537.36 (KHTML, like Gecko) Cypress/15.8.1 Chrome/138.0.7204.251 Electron/37.6.0 Safari/537.36"
[2026-06-26T16:00:56.888Z]  "GET /examples/styles.css" "Mozilla/5.0 (X11; Linux x86_64) AppleWebKit/537.36 (KHTML, like Gecko) Cypress/15.8.1 Chrome/138.0.7204.251 Electron/37.6.0 Safari/537.36"
[2026-06-26T16:00:56.894Z]  "GET /dist/audio-recorder-visualization.umd.js" "Mozilla/5.0 (X11; Linux x86_64) AppleWebKit/537.36 (KHTML, like Gecko) Cypress/15.8.1 Chrome/138.0.7204.251 Electron/37.6.0 Safari/537.36"
[2026-06-26T16:00:56.902Z]  "GET /examples/app-core.js" "Mozilla/5.0 (X11; Linux x86_64) AppleWebKit/537.36 (KHTML, like Gecko) Cypress/15.8.1 Chrome/138.0.7204.251 Electron/37.6.0 Safari/537.36"
[2026-06-26T16:00:56.919Z]  "GET /examples/app-features.js" "Mozilla/5.0 (X11; Linux x86_64) AppleWebKit/537.36 (KHTML, like Gecko) Cypress/15.8.1 Chrome/138.0.7204.251 Electron/37.6.0 Safari/537.36"
[2026-06-26T16:00:56.920Z]  "GET /examples/app-interactions.js" "Mozilla/5.0 (X11; Linux x86_64) AppleWebKit/537.36 (KHTML, like Gecko) Cypress/15.8.1 Chrome/138.0.7204.251 Electron/37.6.0 Safari/537.36"
[2026-06-26T16:00:56.921Z]  "GET /examples/youtube-upload.js" "Mozilla/5.0 (X11; Linux x86_64) AppleWebKit/537.36 (KHTML, like Gecko) Cypress/15.8.1 Chrome/138.0.7204.251 Electron/37.6.0 Safari/537.36"
[2026-06-26T16:00:56.948Z]  "GET /examples/pipeline.js" "Mozilla/5.0 (X11; Linux x86_64) AppleWebKit/537.36 (KHTML, like Gecko) Cypress/15.8.1 Chrome/138.0.7204.251 Electron/37.6.0 Safari/537.36"
[2026-06-26T16:00:57.787Z]  "GET /examples/index.html" "Mozilla/5.0 (X11; Linux x86_64) AppleWebKit/537.36 (KHTML, like Gecko) Cypress/15.8.1 Chrome/138.0.7204.251 Electron/37.6.0 Safari/537.36"
[2026-06-26T16:00:57.842Z]  "GET /examples/styles.css" "Mozilla/5.0 (X11; Linux x86_64) AppleWebKit/537.36 (KHTML, like Gecko) Cypress/15.8.1 Chrome/138.0.7204.251 Electron/37.6.0 Safari/537.36"
[2026-06-26T16:00:57.843Z]  "GET /dist/audio-recorder-visualization.umd.js" "Mozilla/5.0 (X11; Linux x86_64) AppleWebKit/537.36 (KHTML, like Gecko) Cypress/15.8.1 Chrome/138.0.7204.251 Electron/37.6.0 Safari/537.36"
[2026-06-26T16:00:57.845Z]  "GET /examples/app-core.js" "Mozilla/5.0 (X11; Linux x86_64) AppleWebKit/537.36 (KHTML, like Gecko) Cypress/15.8.1 Chrome/138.0.7204.251 Electron/37.6.0 Safari/537.36"
[2026-06-26T16:00:57.850Z]  "GET /examples/app-features.js" "Mozilla/5.0 (X11; Linux x86_64) AppleWebKit/537.36 (KHTML, like Gecko) Cypress/15.8.1 Chrome/138.0.7204.251 Electron/37.6.0 Safari/537.36"
[2026-06-26T16:00:57.866Z]  "GET /examples/app-interactions.js" "Mozilla/5.0 (X11; Linux x86_64) AppleWebKit/537.36 (KHTML, like Gecko) Cypress/15.8.1 Chrome/138.0.7204.251 Electron/37.6.0 Safari/537.36"
[2026-06-26T16:00:57.868Z]  "GET /examples/youtube-upload.js" "Mozilla/5.0 (X11; Linux x86_64) AppleWebKit/537.36 (KHTML, like Gecko) Cypress/15.8.1 Chrome/138.0.7204.251 Electron/37.6.0 Safari/537.36"
[2026-06-26T16:00:57.890Z]  "GET /examples/pipeline.js" "Mozilla/5.0 (X11; Linux x86_64) AppleWebKit/537.36 (KHTML, like Gecko) Cypress/15.8.1 Chrome/138.0.7204.251 Electron/37.6.0 Safari/537.36"
[2026-06-26T16:00:59.505Z]  "GET /examples/index.html" "Mozilla/5.0 (X11; Linux x86_64) AppleWebKit/537.36 (KHTML, like Gecko) Cypress/15.8.1 Chrome/138.0.7204.251 Electron/37.6.0 Safari/537.36"
[2026-06-26T16:00:59.555Z]  "GET /examples/styles.css" "Mozilla/5.0 (X11; Linux x86_64) AppleWebKit/537.36 (KHTML, like Gecko) Cypress/15.8.1 Chrome/138.0.7204.251 Electron/37.6.0 Safari/537.36"
[2026-06-26T16:00:59.559Z]  "GET /dist/audio-recorder-visualization.umd.js" "Mozilla/5.0 (X11; Linux x86_64) AppleWebKit/537.36 (KHTML, like Gecko) Cypress/15.8.1 Chrome/138.0.7204.251 Electron/37.6.0 Safari/537.36"
[2026-06-26T16:00:59.561Z]  "GET /examples/app-core.js" "Mozilla/5.0 (X11; Linux x86_64) AppleWebKit/537.36 (KHTML, like Gecko) Cypress/15.8.1 Chrome/138.0.7204.251 Electron/37.6.0 Safari/537.36"
[2026-06-26T16:00:59.562Z]  "GET /examples/app-features.js" "Mozilla/5.0 (X11; Linux x86_64) AppleWebKit/537.36 (KHTML, like Gecko) Cypress/15.8.1 Chrome/138.0.7204.251 Electron/37.6.0 Safari/537.36"
[2026-06-26T16:00:59.563Z]  "GET /examples/app-interactions.js" "Mozilla/5.0 (X11; Linux x86_64) AppleWebKit/537.36 (KHTML, like Gecko) Cypress/15.8.1 Chrome/138.0.7204.251 Electron/37.6.0 Safari/537.36"
[2026-06-26T16:00:59.564Z]  "GET /examples/youtube-upload.js" "Mozilla/5.0 (X11; Linux x86_64) AppleWebKit/537.36 (KHTML, like Gecko) Cypress/15.8.1 Chrome/138.0.7204.251 Electron/37.6.0 Safari/537.36"
[2026-06-26T16:00:59.590Z]  "GET /examples/pipeline.js" "Mozilla/5.0 (X11; Linux x86_64) AppleWebKit/537.36 (KHTML, like Gecko) Cypress/15.8.1 Chrome/138.0.7204.251 Electron/37.6.0 Safari/537.36"
[2026-06-26T16:01:00.949Z]  "GET /examples/index.html" "Mozilla/5.0 (X11; Linux x86_64) AppleWebKit/537.36 (KHTML, like Gecko) Cypress/15.8.1 Chrome/138.0.7204.251 Electron/37.6.0 Safari/537.36"
[2026-06-26T16:01:01.001Z]  "GET /examples/styles.css" "Mozilla/5.0 (X11; Linux x86_64) AppleWebKit/537.36 (KHTML, like Gecko) Cypress/15.8.1 Chrome/138.0.7204.251 Electron/37.6.0 Safari/537.36"
[2026-06-26T16:01:01.006Z]  "GET /dist/audio-recorder-visualization.umd.js" "Mozilla/5.0 (X11; Linux x86_64) AppleWebKit/537.36 (KHTML, like Gecko) Cypress/15.8.1 Chrome/138.0.7204.251 Electron/37.6.0 Safari/537.36"
[2026-06-26T16:01:01.007Z]  "GET /examples/app-core.js" "Mozilla/5.0 (X11; Linux x86_64) AppleWebKit/537.36 (KHTML, like Gecko) Cypress/15.8.1 Chrome/138.0.7204.251 Electron/37.6.0 Safari/537.36"
[2026-06-26T16:01:01.012Z]  "GET /examples/app-features.js" "Mozilla/5.0 (X11; Linux x86_64) AppleWebKit/537.36 (KHTML, like Gecko) Cypress/15.8.1 Chrome/138.0.7204.251 Electron/37.6.0 Safari/537.36"
[2026-06-26T16:01:01.013Z]  "GET /examples/app-interactions.js" "Mozilla/5.0 (X11; Linux x86_64) AppleWebKit/537.36 (KHTML, like Gecko) Cypress/15.8.1 Chrome/138.0.7204.251 Electron/37.6.0 Safari/537.36"
[2026-06-26T16:01:01.013Z]  "GET /examples/youtube-upload.js" "Mozilla/5.0 (X11; Linux x86_64) AppleWebKit/537.36 (KHTML, like Gecko) Cypress/15.8.1 Chrome/138.0.7204.251 Electron/37.6.0 Safari/537.36"
[2026-06-26T16:01:01.062Z]  "GET /examples/pipeline.js" "Mozilla/5.0 (X11; Linux x86_64) AppleWebKit/537.36 (KHTML, like Gecko) Cypress/15.8.1 Chrome/138.0.7204.251 Electron/37.6.0 Safari/537.36"
[2026-06-26T16:01:03.295Z]  "GET /examples/index.html" "Mozilla/5.0 (X11; Linux x86_64) AppleWebKit/537.36 (KHTML, like Gecko) Cypress/15.8.1 Chrome/138.0.7204.251 Electron/37.6.0 Safari/537.36"
[2026-06-26T16:01:03.389Z]  "GET /examples/styles.css" "Mozilla/5.0 (X11; Linux x86_64) AppleWebKit/537.36 (KHTML, like Gecko) Cypress/15.8.1 Chrome/138.0.7204.251 Electron/37.6.0 Safari/537.36"
[2026-06-26T16:01:03.392Z]  "GET /dist/audio-recorder-visualization.umd.js" "Mozilla/5.0 (X11; Linux x86_64) AppleWebKit/537.36 (KHTML, like Gecko) Cypress/15.8.1 Chrome/138.0.7204.251 Electron/37.6.0 Safari/537.36"
[2026-06-26T16:01:03.394Z]  "GET /examples/app-core.js" "Mozilla/5.0 (X11; Linux x86_64) AppleWebKit/537.36 (KHTML, like Gecko) Cypress/15.8.1 Chrome/138.0.7204.251 Electron/37.6.0 Safari/537.36"
[2026-06-26T16:01:03.395Z]  "GET /examples/app-features.js" "Mozilla/5.0 (X11; Linux x86_64) AppleWebKit/537.36 (KHTML, like Gecko) Cypress/15.8.1 Chrome/138.0.7204.251 Electron/37.6.0 Safari/537.36"
[2026-06-26T16:01:03.397Z]  "GET /examples/app-interactions.js" "Mozilla/5.0 (X11; Linux x86_64) AppleWebKit/537.36 (KHTML, like Gecko) Cypress/15.8.1 Chrome/138.0.7204.251 Electron/37.6.0 Safari/537.36"
[2026-06-26T16:01:03.443Z]  "GET /examples/youtube-upload.js" "Mozilla/5.0 (X11; Linux x86_64) AppleWebKit/537.36 (KHTML, like Gecko) Cypress/15.8.1 Chrome/138.0.7204.251 Electron/37.6.0 Safari/537.36"
[2026-06-26T16:01:03.484Z]  "GET /examples/pipeline.js" "Mozilla/5.0 (X11; Linux x86_64) AppleWebKit/537.36 (KHTML, like Gecko) Cypress/15.8.1 Chrome/138.0.7204.251 Electron/37.6.0 Safari/537.36"
[2026-06-26T16:01:04.687Z]  "GET /examples/index.html" "Mozilla/5.0 (X11; Linux x86_64) AppleWebKit/537.36 (KHTML, like Gecko) Cypress/15.8.1 Chrome/138.0.7204.251 Electron/37.6.0 Safari/537.36"
[2026-06-26T16:01:04.752Z]  "GET /examples/styles.css" "Mozilla/5.0 (X11; Linux x86_64) AppleWebKit/537.36 (KHTML, like Gecko) Cypress/15.8.1 Chrome/138.0.7204.251 Electron/37.6.0 Safari/537.36"
[2026-06-26T16:01:04.756Z]  "GET /dist/audio-recorder-visualization.umd.js" "Mozilla/5.0 (X11; Linux x86_64) AppleWebKit/537.36 (KHTML, like Gecko) Cypress/15.8.1 Chrome/138.0.7204.251 Electron/37.6.0 Safari/537.36"
[2026-06-26T16:01:04.756Z]  "GET /examples/app-core.js" "Mozilla/5.0 (X11; Linux x86_64) AppleWebKit/537.36 (KHTML, like Gecko) Cypress/15.8.1 Chrome/138.0.7204.251 Electron/37.6.0 Safari/537.36"
[2026-06-26T16:01:04.759Z]  "GET /examples/app-features.js" "Mozilla/5.0 (X11; Linux x86_64) AppleWebKit/537.36 (KHTML, like Gecko) Cypress/15.8.1 Chrome/138.0.7204.251 Electron/37.6.0 Safari/537.36"
[2026-06-26T16:01:04.759Z]  "GET /examples/app-interactions.js" "Mozilla/5.0 (X11; Linux x86_64) AppleWebKit/537.36 (KHTML, like Gecko) Cypress/15.8.1 Chrome/138.0.7204.251 Electron/37.6.0 Safari/537.36"
[2026-06-26T16:01:04.765Z]  "GET /examples/youtube-upload.js" "Mozilla/5.0 (X11; Linux x86_64) AppleWebKit/537.36 (KHTML, like Gecko) Cypress/15.8.1 Chrome/138.0.7204.251 Electron/37.6.0 Safari/537.36"
[2026-06-26T16:01:04.801Z]  "GET /examples/pipeline.js" "Mozilla/5.0 (X11; Linux x86_64) AppleWebKit/537.36 (KHTML, like Gecko) Cypress/15.8.1 Chrome/138.0.7204.251 Electron/37.6.0 Safari/537.36"
[2026-06-26T16:01:05.666Z]  "GET /examples/index.html" "Mozilla/5.0 (X11; Linux x86_64) AppleWebKit/537.36 (KHTML, like Gecko) Cypress/15.8.1 Chrome/138.0.7204.251 Electron/37.6.0 Safari/537.36"
[2026-06-26T16:01:05.704Z]  "GET /examples/styles.css" "Mozilla/5.0 (X11; Linux x86_64) AppleWebKit/537.36 (KHTML, like Gecko) Cypress/15.8.1 Chrome/138.0.7204.251 Electron/37.6.0 Safari/537.36"
[2026-06-26T16:01:05.715Z]  "GET /dist/audio-recorder-visualization.umd.js" "Mozilla/5.0 (X11; Linux x86_64) AppleWebKit/537.36 (KHTML, like Gecko) Cypress/15.8.1 Chrome/138.0.7204.251 Electron/37.6.0 Safari/537.36"
[2026-06-26T16:01:05.734Z]  "GET /examples/app-core.js" "Mozilla/5.0 (X11; Linux x86_64) AppleWebKit/537.36 (KHTML, like Gecko) Cypress/15.8.1 Chrome/138.0.7204.251 Electron/37.6.0 Safari/537.36"
[2026-06-26T16:01:05.734Z]  "GET /examples/app-features.js" "Mozilla/5.0 (X11; Linux x86_64) AppleWebKit/537.36 (KHTML, like Gecko) Cypress/15.8.1 Chrome/138.0.7204.251 Electron/37.6.0 Safari/537.36"
[2026-06-26T16:01:05.735Z]  "GET /examples/app-interactions.js" "Mozilla/5.0 (X11; Linux x86_64) AppleWebKit/537.36 (KHTML, like Gecko) Cypress/15.8.1 Chrome/138.0.7204.251 Electron/37.6.0 Safari/537.36"
[2026-06-26T16:01:05.737Z]  "GET /examples/youtube-upload.js" "Mozilla/5.0 (X11; Linux x86_64) AppleWebKit/537.36 (KHTML, like Gecko) Cypress/15.8.1 Chrome/138.0.7204.251 Electron/37.6.0 Safari/537.36"
[2026-06-26T16:01:05.765Z]  "GET /examples/pipeline.js" "Mozilla/5.0 (X11; Linux x86_64) AppleWebKit/537.36 (KHTML, like Gecko) Cypress/15.8.1 Chrome/138.0.7204.251 Electron/37.6.0 Safari/537.36"
[2026-06-26T16:01:05.998Z]  "GET /examples/index.html" "Mozilla/5.0 (X11; Linux x86_64) AppleWebKit/537.36 (KHTML, like Gecko) Cypress/15.8.1 Chrome/138.0.7204.251 Electron/37.6.0 Safari/537.36"
[2026-06-26T16:01:06.158Z]  "GET /examples/styles.css" "Mozilla/5.0 (X11; Linux x86_64) AppleWebKit/537.36 (KHTML, like Gecko) Cypress/15.8.1 Chrome/138.0.7204.251 Electron/37.6.0 Safari/537.36"
[2026-06-26T16:01:06.160Z]  "GET /dist/audio-recorder-visualization.umd.js" "Mozilla/5.0 (X11; Linux x86_64) AppleWebKit/537.36 (KHTML, like Gecko) Cypress/15.8.1 Chrome/138.0.7204.251 Electron/37.6.0 Safari/537.36"
[2026-06-26T16:01:06.168Z]  "GET /examples/app-core.js" "Mozilla/5.0 (X11; Linux x86_64) AppleWebKit/537.36 (KHTML, like Gecko) Cypress/15.8.1 Chrome/138.0.7204.251 Electron/37.6.0 Safari/537.36"
[2026-06-26T16:01:06.168Z]  "GET /examples/app-features.js" "Mozilla/5.0 (X11; Linux x86_64) AppleWebKit/537.36 (KHTML, like Gecko) Cypress/15.8.1 Chrome/138.0.7204.251 Electron/37.6.0 Safari/537.36"
[2026-06-26T16:01:06.172Z]  "GET /examples/app-interactions.js" "Mozilla/5.0 (X11; Linux x86_64) AppleWebKit/537.36 (KHTML, like Gecko) Cypress/15.8.1 Chrome/138.0.7204.251 Electron/37.6.0 Safari/537.36"
[2026-06-26T16:01:06.175Z]  "GET /examples/youtube-upload.js" "Mozilla/5.0 (X11; Linux x86_64) AppleWebKit/537.36 (KHTML, like Gecko) Cypress/15.8.1 Chrome/138.0.7204.251 Electron/37.6.0 Safari/537.36"
[2026-06-26T16:01:06.212Z]  "GET /examples/pipeline.js" "Mozilla/5.0 (X11; Linux x86_64) AppleWebKit/537.36 (KHTML, like Gecko) Cypress/15.8.1 Chrome/138.0.7204.251 Electron/37.6.0 Safari/537.36"
[2026-06-26T16:01:08.997Z]  "GET /examples/index.html" "Mozilla/5.0 (X11; Linux x86_64) AppleWebKit/537.36 (KHTML, like Gecko) Cypress/15.8.1 Chrome/138.0.7204.251 Electron/37.6.0 Safari/537.36"
[2026-06-26T16:01:09.045Z]  "GET /examples/styles.css" "Mozilla/5.0 (X11; Linux x86_64) AppleWebKit/537.36 (KHTML, like Gecko) Cypress/15.8.1 Chrome/138.0.7204.251 Electron/37.6.0 Safari/537.36"
[2026-06-26T16:01:09.046Z]  "GET /dist/audio-recorder-visualization.umd.js" "Mozilla/5.0 (X11; Linux x86_64) AppleWebKit/537.36 (KHTML, like Gecko) Cypress/15.8.1 Chrome/138.0.7204.251 Electron/37.6.0 Safari/537.36"
[2026-06-26T16:01:09.048Z]  "GET /examples/app-core.js" "Mozilla/5.0 (X11; Linux x86_64) AppleWebKit/537.36 (KHTML, like Gecko) Cypress/15.8.1 Chrome/138.0.7204.251 Electron/37.6.0 Safari/537.36"
[2026-06-26T16:01:09.062Z]  "GET /examples/app-features.js" "Mozilla/5.0 (X11; Linux x86_64) AppleWebKit/537.36 (KHTML, like Gecko) Cypress/15.8.1 Chrome/138.0.7204.251 Electron/37.6.0 Safari/537.36"
[2026-06-26T16:01:09.064Z]  "GET /examples/app-interactions.js" "Mozilla/5.0 (X11; Linux x86_64) AppleWebKit/537.36 (KHTML, like Gecko) Cypress/15.8.1 Chrome/138.0.7204.251 Electron/37.6.0 Safari/537.36"
[2026-06-26T16:01:09.066Z]  "GET /examples/youtube-upload.js" "Mozilla/5.0 (X11; Linux x86_64) AppleWebKit/537.36 (KHTML, like Gecko) Cypress/15.8.1 Chrome/138.0.7204.251 Electron/37.6.0 Safari/537.36"
[2026-06-26T16:01:09.101Z]  "GET /examples/pipeline.js" "Mozilla/5.0 (X11; Linux x86_64) AppleWebKit/537.36 (KHTML, like Gecko) Cypress/15.8.1 Chrome/138.0.7204.251 Electron/37.6.0 Safari/537.36"
[2026-06-26T16:01:10.284Z]  "GET /examples/index.html" "Mozilla/5.0 (X11; Linux x86_64) AppleWebKit/537.36 (KHTML, like Gecko) Cypress/15.8.1 Chrome/138.0.7204.251 Electron/37.6.0 Safari/537.36"
[2026-06-26T16:01:10.336Z]  "GET /examples/styles.css" "Mozilla/5.0 (X11; Linux x86_64) AppleWebKit/537.36 (KHTML, like Gecko) Cypress/15.8.1 Chrome/138.0.7204.251 Electron/37.6.0 Safari/537.36"
[2026-06-26T16:01:10.337Z]  "GET /dist/audio-recorder-visualization.umd.js" "Mozilla/5.0 (X11; Linux x86_64) AppleWebKit/537.36 (KHTML, like Gecko) Cypress/15.8.1 Chrome/138.0.7204.251 Electron/37.6.0 Safari/537.36"
[2026-06-26T16:01:10.340Z]  "GET /examples/app-core.js" "Mozilla/5.0 (X11; Linux x86_64) AppleWebKit/537.36 (KHTML, like Gecko) Cypress/15.8.1 Chrome/138.0.7204.251 Electron/37.6.0 Safari/537.36"
[2026-06-26T16:01:10.343Z]  "GET /examples/app-features.js" "Mozilla/5.0 (X11; Linux x86_64) AppleWebKit/537.36 (KHTML, like Gecko) Cypress/15.8.1 Chrome/138.0.7204.251 Electron/37.6.0 Safari/537.36"
[2026-06-26T16:01:10.345Z]  "GET /examples/app-interactions.js" "Mozilla/5.0 (X11; Linux x86_64) AppleWebKit/537.36 (KHTML, like Gecko) Cypress/15.8.1 Chrome/138.0.7204.251 Electron/37.6.0 Safari/537.36"
[2026-06-26T16:01:10.346Z]  "GET /examples/youtube-upload.js" "Mozilla/5.0 (X11; Linux x86_64) AppleWebKit/537.36 (KHTML, like Gecko) Cypress/15.8.1 Chrome/138.0.7204.251 Electron/37.6.0 Safari/537.36"
[2026-06-26T16:01:10.386Z]  "GET /examples/pipeline.js" "Mozilla/5.0 (X11; Linux x86_64) AppleWebKit/537.36 (KHTML, like Gecko) Cypress/15.8.1 Chrome/138.0.7204.251 Electron/37.6.0 Safari/537.36"
[2026-06-26T16:01:11.267Z]  "GET /examples/index.html" "Mozilla/5.0 (X11; Linux x86_64) AppleWebKit/537.36 (KHTML, like Gecko) Cypress/15.8.1 Chrome/138.0.7204.251 Electron/37.6.0 Safari/537.36"
[2026-06-26T16:01:11.324Z]  "GET /examples/styles.css" "Mozilla/5.0 (X11; Linux x86_64) AppleWebKit/537.36 (KHTML, like Gecko) Cypress/15.8.1 Chrome/138.0.7204.251 Electron/37.6.0 Safari/537.36"
[2026-06-26T16:01:11.325Z]  "GET /dist/audio-recorder-visualization.umd.js" "Mozilla/5.0 (X11; Linux x86_64) AppleWebKit/537.36 (KHTML, like Gecko) Cypress/15.8.1 Chrome/138.0.7204.251 Electron/37.6.0 Safari/537.36"
[2026-06-26T16:01:11.326Z]  "GET /examples/app-core.js" "Mozilla/5.0 (X11; Linux x86_64) AppleWebKit/537.36 (KHTML, like Gecko) Cypress/15.8.1 Chrome/138.0.7204.251 Electron/37.6.0 Safari/537.36"
[2026-06-26T16:01:11.327Z]  "GET /examples/app-features.js" "Mozilla/5.0 (X11; Linux x86_64) AppleWebKit/537.36 (KHTML, like Gecko) Cypress/15.8.1 Chrome/138.0.7204.251 Electron/37.6.0 Safari/537.36"
[2026-06-26T16:01:11.342Z]  "GET /examples/app-interactions.js" "Mozilla/5.0 (X11; Linux x86_64) AppleWebKit/537.36 (KHTML, like Gecko) Cypress/15.8.1 Chrome/138.0.7204.251 Electron/37.6.0 Safari/537.36"
[2026-06-26T16:01:11.346Z]  "GET /examples/youtube-upload.js" "Mozilla/5.0 (X11; Linux x86_64) AppleWebKit/537.36 (KHTML, like Gecko) Cypress/15.8.1 Chrome/138.0.7204.251 Electron/37.6.0 Safari/537.36"
[2026-06-26T16:01:11.380Z]  "GET /examples/pipeline.js" "Mozilla/5.0 (X11; Linux x86_64) AppleWebKit/537.36 (KHTML, like Gecko) Cypress/15.8.1 Chrome/138.0.7204.251 Electron/37.6.0 Safari/537.36"
[2026-06-26T16:01:11.505Z]  "GET /examples/index.html" "Mozilla/5.0 (X11; Linux x86_64) AppleWebKit/537.36 (KHTML, like Gecko) Cypress/15.8.1 Chrome/138.0.7204.251 Electron/37.6.0 Safari/537.36"
[2026-06-26T16:01:11.653Z]  "GET /examples/styles.css" "Mozilla/5.0 (X11; Linux x86_64) AppleWebKit/537.36 (KHTML, like Gecko) Cypress/15.8.1 Chrome/138.0.7204.251 Electron/37.6.0 Safari/537.36"
[2026-06-26T16:01:11.669Z]  "GET /dist/audio-recorder-visualization.umd.js" "Mozilla/5.0 (X11; Linux x86_64) AppleWebKit/537.36 (KHTML, like Gecko) Cypress/15.8.1 Chrome/138.0.7204.251 Electron/37.6.0 Safari/537.36"
[2026-06-26T16:01:11.669Z]  "GET /examples/app-core.js" "Mozilla/5.0 (X11; Linux x86_64) AppleWebKit/537.36 (KHTML, like Gecko) Cypress/15.8.1 Chrome/138.0.7204.251 Electron/37.6.0 Safari/537.36"
[2026-06-26T16:01:11.672Z]  "GET /examples/app-features.js" "Mozilla/5.0 (X11; Linux x86_64) AppleWebKit/537.36 (KHTML, like Gecko) Cypress/15.8.1 Chrome/138.0.7204.251 Electron/37.6.0 Safari/537.36"
[2026-06-26T16:01:11.673Z]  "GET /examples/app-interactions.js" "Mozilla/5.0 (X11; Linux x86_64) AppleWebKit/537.36 (KHTML, like Gecko) Cypress/15.8.1 Chrome/138.0.7204.251 Electron/37.6.0 Safari/537.36"
[2026-06-26T16:01:11.673Z]  "GET /examples/youtube-upload.js" "Mozilla/5.0 (X11; Linux x86_64) AppleWebKit/537.36 (KHTML, like Gecko) Cypress/15.8.1 Chrome/138.0.7204.251 Electron/37.6.0 Safari/537.36"
[2026-06-26T16:01:11.694Z]  "GET /examples/pipeline.js" "Mozilla/5.0 (X11; Linux x86_64) AppleWebKit/537.36 (KHTML, like Gecko) Cypress/15.8.1 Chrome/138.0.7204.251 Electron/37.6.0 Safari/537.36"
[2026-06-26T16:01:17.338Z]  "GET /examples/index.html" "Mozilla/5.0 (X11; Linux x86_64) AppleWebKit/537.36 (KHTML, like Gecko) Cypress/15.8.1 Chrome/138.0.7204.251 Electron/37.6.0 Safari/537.36"
[2026-06-26T16:01:17.385Z]  "GET /examples/styles.css" "Mozilla/5.0 (X11; Linux x86_64) AppleWebKit/537.36 (KHTML, like Gecko) Cypress/15.8.1 Chrome/138.0.7204.251 Electron/37.6.0 Safari/537.36"
[2026-06-26T16:01:17.389Z]  "GET /dist/audio-recorder-visualization.umd.js" "Mozilla/5.0 (X11; Linux x86_64) AppleWebKit/537.36 (KHTML, like Gecko) Cypress/15.8.1 Chrome/138.0.7204.251 Electron/37.6.0 Safari/537.36"
[2026-06-26T16:01:17.390Z]  "GET /examples/app-core.js" "Mozilla/5.0 (X11; Linux x86_64) AppleWebKit/537.36 (KHTML, like Gecko) Cypress/15.8.1 Chrome/138.0.7204.251 Electron/37.6.0 Safari/537.36"
[2026-06-26T16:01:17.391Z]  "GET /examples/app-features.js" "Mozilla/5.0 (X11; Linux x86_64) AppleWebKit/537.36 (KHTML, like Gecko) Cypress/15.8.1 Chrome/138.0.7204.251 Electron/37.6.0 Safari/537.36"
[2026-06-26T16:01:17.392Z]  "GET /examples/app-interactions.js" "Mozilla/5.0 (X11; Linux x86_64) AppleWebKit/537.36 (KHTML, like Gecko) Cypress/15.8.1 Chrome/138.0.7204.251 Electron/37.6.0 Safari/537.36"
[2026-06-26T16:01:17.393Z]  "GET /examples/youtube-upload.js" "Mozilla/5.0 (X11; Linux x86_64) AppleWebKit/537.36 (KHTML, like Gecko) Cypress/15.8.1 Chrome/138.0.7204.251 Electron/37.6.0 Safari/537.36"
[2026-06-26T16:01:17.436Z]  "GET /examples/pipeline.js" "Mozilla/5.0 (X11; Linux x86_64) AppleWebKit/537.36 (KHTML, like Gecko) Cypress/15.8.1 Chrome/138.0.7204.251 Electron/37.6.0 Safari/537.36"
[2026-06-26T16:01:18.431Z]  "GET /examples/index.html" "Mozilla/5.0 (X11; Linux x86_64) AppleWebKit/537.36 (KHTML, like Gecko) Cypress/15.8.1 Chrome/138.0.7204.251 Electron/37.6.0 Safari/537.36"
[2026-06-26T16:01:18.493Z]  "GET /examples/styles.css" "Mozilla/5.0 (X11; Linux x86_64) AppleWebKit/537.36 (KHTML, like Gecko) Cypress/15.8.1 Chrome/138.0.7204.251 Electron/37.6.0 Safari/537.36"
[2026-06-26T16:01:18.496Z]  "GET /dist/audio-recorder-visualization.umd.js" "Mozilla/5.0 (X11; Linux x86_64) AppleWebKit/537.36 (KHTML, like Gecko) Cypress/15.8.1 Chrome/138.0.7204.251 Electron/37.6.0 Safari/537.36"
[2026-06-26T16:01:18.497Z]  "GET /examples/app-core.js" "Mozilla/5.0 (X11; Linux x86_64) AppleWebKit/537.36 (KHTML, like Gecko) Cypress/15.8.1 Chrome/138.0.7204.251 Electron/37.6.0 Safari/537.36"
[2026-06-26T16:01:18.497Z]  "GET /examples/app-features.js" "Mozilla/5.0 (X11; Linux x86_64) AppleWebKit/537.36 (KHTML, like Gecko) Cypress/15.8.1 Chrome/138.0.7204.251 Electron/37.6.0 Safari/537.36"
[2026-06-26T16:01:18.498Z]  "GET /examples/app-interactions.js" "Mozilla/5.0 (X11; Linux x86_64) AppleWebKit/537.36 (KHTML, like Gecko) Cypress/15.8.1 Chrome/138.0.7204.251 Electron/37.6.0 Safari/537.36"
[2026-06-26T16:01:18.523Z]  "GET /examples/youtube-upload.js" "Mozilla/5.0 (X11; Linux x86_64) AppleWebKit/537.36 (KHTML, like Gecko) Cypress/15.8.1 Chrome/138.0.7204.251 Electron/37.6.0 Safari/537.36"
[2026-06-26T16:01:18.538Z]  "GET /examples/pipeline.js" "Mozilla/5.0 (X11; Linux x86_64) AppleWebKit/537.36 (KHTML, like Gecko) Cypress/15.8.1 Chrome/138.0.7204.251 Electron/37.6.0 Safari/537.36"
[2026-06-26T16:01:19.397Z]  "GET /examples/index.html" "Mozilla/5.0 (X11; Linux x86_64) AppleWebKit/537.36 (KHTML, like Gecko) Cypress/15.8.1 Chrome/138.0.7204.251 Electron/37.6.0 Safari/537.36"
[2026-06-26T16:01:19.433Z]  "GET /examples/styles.css" "Mozilla/5.0 (X11; Linux x86_64) AppleWebKit/537.36 (KHTML, like Gecko) Cypress/15.8.1 Chrome/138.0.7204.251 Electron/37.6.0 Safari/537.36"
[2026-06-26T16:01:19.435Z]  "GET /dist/audio-recorder-visualization.umd.js" "Mozilla/5.0 (X11; Linux x86_64) AppleWebKit/537.36 (KHTML, like Gecko) Cypress/15.8.1 Chrome/138.0.7204.251 Electron/37.6.0 Safari/537.36"
[2026-06-26T16:01:19.436Z]  "GET /examples/app-core.js" "Mozilla/5.0 (X11; Linux x86_64) AppleWebKit/537.36 (KHTML, like Gecko) Cypress/15.8.1 Chrome/138.0.7204.251 Electron/37.6.0 Safari/537.36"
[2026-06-26T16:01:19.437Z]  "GET /examples/app-features.js" "Mozilla/5.0 (X11; Linux x86_64) AppleWebKit/537.36 (KHTML, like Gecko) Cypress/15.8.1 Chrome/138.0.7204.251 Electron/37.6.0 Safari/537.36"
[2026-06-26T16:01:19.438Z]  "GET /examples/app-interactions.js" "Mozilla/5.0 (X11; Linux x86_64) AppleWebKit/537.36 (KHTML, like Gecko) Cypress/15.8.1 Chrome/138.0.7204.251 Electron/37.6.0 Safari/537.36"
[2026-06-26T16:01:19.446Z]  "GET /examples/youtube-upload.js" "Mozilla/5.0 (X11; Linux x86_64) AppleWebKit/537.36 (KHTML, like Gecko) Cypress/15.8.1 Chrome/138.0.7204.251 Electron/37.6.0 Safari/537.36"
[2026-06-26T16:01:19.531Z]  "GET /examples/pipeline.js" "Mozilla/5.0 (X11; Linux x86_64) AppleWebKit/537.36 (KHTML, like Gecko) Cypress/15.8.1 Chrome/138.0.7204.251 Electron/37.6.0 Safari/537.36"
[2026-06-26T16:01:19.641Z]  "GET /examples/index.html" "Mozilla/5.0 (X11; Linux x86_64) AppleWebKit/537.36 (KHTML, like Gecko) Cypress/15.8.1 Chrome/138.0.7204.251 Electron/37.6.0 Safari/537.36"
[2026-06-26T16:01:19.730Z]  "GET /examples/styles.css" "Mozilla/5.0 (X11; Linux x86_64) AppleWebKit/537.36 (KHTML, like Gecko) Cypress/15.8.1 Chrome/138.0.7204.251 Electron/37.6.0 Safari/537.36"
[2026-06-26T16:01:19.744Z]  "GET /dist/audio-recorder-visualization.umd.js" "Mozilla/5.0 (X11; Linux x86_64) AppleWebKit/537.36 (KHTML, like Gecko) Cypress/15.8.1 Chrome/138.0.7204.251 Electron/37.6.0 Safari/537.36"
[2026-06-26T16:01:19.748Z]  "GET /examples/app-core.js" "Mozilla/5.0 (X11; Linux x86_64) AppleWebKit/537.36 (KHTML, like Gecko) Cypress/15.8.1 Chrome/138.0.7204.251 Electron/37.6.0 Safari/537.36"
[2026-06-26T16:01:19.748Z]  "GET /examples/app-features.js" "Mozilla/5.0 (X11; Linux x86_64) AppleWebKit/537.36 (KHTML, like Gecko) Cypress/15.8.1 Chrome/138.0.7204.251 Electron/37.6.0 Safari/537.36"
[2026-06-26T16:01:19.748Z]  "GET /examples/app-interactions.js" "Mozilla/5.0 (X11; Linux x86_64) AppleWebKit/537.36 (KHTML, like Gecko) Cypress/15.8.1 Chrome/138.0.7204.251 Electron/37.6.0 Safari/537.36"
[2026-06-26T16:01:19.748Z]  "GET /examples/youtube-upload.js" "Mozilla/5.0 (X11; Linux x86_64) AppleWebKit/537.36 (KHTML, like Gecko) Cypress/15.8.1 Chrome/138.0.7204.251 Electron/37.6.0 Safari/537.36"
[2026-06-26T16:01:19.775Z]  "GET /examples/pipeline.js" "Mozilla/5.0 (X11; Linux x86_64) AppleWebKit/537.36 (KHTML, like Gecko) Cypress/15.8.1 Chrome/138.0.7204.251 Electron/37.6.0 Safari/537.36"
[2026-06-26T16:01:20.938Z]  "GET /examples/index.html" "Mozilla/5.0 (X11; Linux x86_64) AppleWebKit/537.36 (KHTML, like Gecko) Cypress/15.8.1 Chrome/138.0.7204.251 Electron/37.6.0 Safari/537.36"
[2026-06-26T16:01:20.989Z]  "GET /examples/styles.css" "Mozilla/5.0 (X11; Linux x86_64) AppleWebKit/537.36 (KHTML, like Gecko) Cypress/15.8.1 Chrome/138.0.7204.251 Electron/37.6.0 Safari/537.36"
[2026-06-26T16:01:20.999Z]  "GET /dist/audio-recorder-visualization.umd.js" "Mozilla/5.0 (X11; Linux x86_64) AppleWebKit/537.36 (KHTML, like Gecko) Cypress/15.8.1 Chrome/138.0.7204.251 Electron/37.6.0 Safari/537.36"
[2026-06-26T16:01:20.999Z]  "GET /examples/app-core.js" "Mozilla/5.0 (X11; Linux x86_64) AppleWebKit/537.36 (KHTML, like Gecko) Cypress/15.8.1 Chrome/138.0.7204.251 Electron/37.6.0 Safari/537.36"
[2026-06-26T16:01:21.002Z]  "GET /examples/app-features.js" "Mozilla/5.0 (X11; Linux x86_64) AppleWebKit/537.36 (KHTML, like Gecko) Cypress/15.8.1 Chrome/138.0.7204.251 Electron/37.6.0 Safari/537.36"
[2026-06-26T16:01:21.002Z]  "GET /examples/app-interactions.js" "Mozilla/5.0 (X11; Linux x86_64) AppleWebKit/537.36 (KHTML, like Gecko) Cypress/15.8.1 Chrome/138.0.7204.251 Electron/37.6.0 Safari/537.36"
[2026-06-26T16:01:21.003Z]  "GET /examples/youtube-upload.js" "Mozilla/5.0 (X11; Linux x86_64) AppleWebKit/537.36 (KHTML, like Gecko) Cypress/15.8.1 Chrome/138.0.7204.251 Electron/37.6.0 Safari/537.36"
[2026-06-26T16:01:21.045Z]  "GET /examples/pipeline.js" "Mozilla/5.0 (X11; Linux x86_64) AppleWebKit/537.36 (KHTML, like Gecko) Cypress/15.8.1 Chrome/138.0.7204.251 Electron/37.6.0 Safari/537.36"
[2026-06-26T16:01:32.939Z]  "GET /examples/index.html" "Mozilla/5.0 (X11; Linux x86_64) AppleWebKit/537.36 (KHTML, like Gecko) Cypress/15.8.1 Chrome/138.0.7204.251 Electron/37.6.0 Safari/537.36"
[2026-06-26T16:01:33.005Z]  "GET /examples/styles.css" "Mozilla/5.0 (X11; Linux x86_64) AppleWebKit/537.36 (KHTML, like Gecko) Cypress/15.8.1 Chrome/138.0.7204.251 Electron/37.6.0 Safari/537.36"
[2026-06-26T16:01:33.013Z]  "GET /dist/audio-recorder-visualization.umd.js" "Mozilla/5.0 (X11; Linux x86_64) AppleWebKit/537.36 (KHTML, like Gecko) Cypress/15.8.1 Chrome/138.0.7204.251 Electron/37.6.0 Safari/537.36"
[2026-06-26T16:01:33.034Z]  "GET /examples/app-core.js" "Mozilla/5.0 (X11; Linux x86_64) AppleWebKit/537.36 (KHTML, like Gecko) Cypress/15.8.1 Chrome/138.0.7204.251 Electron/37.6.0 Safari/537.36"
[2026-06-26T16:01:33.037Z]  "GET /examples/app-interactions.js" "Mozilla/5.0 (X11; Linux x86_64) AppleWebKit/537.36 (KHTML, like Gecko) Cypress/15.8.1 Chrome/138.0.7204.251 Electron/37.6.0 Safari/537.36"
[2026-06-26T16:01:33.047Z]  "GET /examples/app-features.js" "Mozilla/5.0 (X11; Linux x86_64) AppleWebKit/537.36 (KHTML, like Gecko) Cypress/15.8.1 Chrome/138.0.7204.251 Electron/37.6.0 Safari/537.36"
[2026-06-26T16:01:33.048Z]  "GET /examples/pipeline.js" "Mozilla/5.0 (X11; Linux x86_64) AppleWebKit/537.36 (KHTML, like Gecko) Cypress/15.8.1 Chrome/138.0.7204.251 Electron/37.6.0 Safari/537.36"
[2026-06-26T16:01:33.051Z]  "GET /examples/youtube-upload.js" "Mozilla/5.0 (X11; Linux x86_64) AppleWebKit/537.36 (KHTML, like Gecko) Cypress/15.8.1 Chrome/138.0.7204.251 Electron/37.6.0 Safari/537.36"
[2026-06-26T16:01:33.912Z]  "GET /examples/index.html" "Mozilla/5.0 (X11; Linux x86_64) AppleWebKit/537.36 (KHTML, like Gecko) Cypress/15.8.1 Chrome/138.0.7204.251 Electron/37.6.0 Safari/537.36"
[2026-06-26T16:01:33.958Z]  "GET /examples/styles.css" "Mozilla/5.0 (X11; Linux x86_64) AppleWebKit/537.36 (KHTML, like Gecko) Cypress/15.8.1 Chrome/138.0.7204.251 Electron/37.6.0 Safari/537.36"
[2026-06-26T16:01:33.960Z]  "GET /dist/audio-recorder-visualization.umd.js" "Mozilla/5.0 (X11; Linux x86_64) AppleWebKit/537.36 (KHTML, like Gecko) Cypress/15.8.1 Chrome/138.0.7204.251 Electron/37.6.0 Safari/537.36"
[2026-06-26T16:01:33.961Z]  "GET /examples/app-core.js" "Mozilla/5.0 (X11; Linux x86_64) AppleWebKit/537.36 (KHTML, like Gecko) Cypress/15.8.1 Chrome/138.0.7204.251 Electron/37.6.0 Safari/537.36"
[2026-06-26T16:01:33.963Z]  "GET /examples/app-features.js" "Mozilla/5.0 (X11; Linux x86_64) AppleWebKit/537.36 (KHTML, like Gecko) Cypress/15.8.1 Chrome/138.0.7204.251 Electron/37.6.0 Safari/537.36"
[2026-06-26T16:01:33.979Z]  "GET /examples/app-interactions.js" "Mozilla/5.0 (X11; Linux x86_64) AppleWebKit/537.36 (KHTML, like Gecko) Cypress/15.8.1 Chrome/138.0.7204.251 Electron/37.6.0 Safari/537.36"
[2026-06-26T16:01:33.980Z]  "GET /examples/youtube-upload.js" "Mozilla/5.0 (X11; Linux x86_64) AppleWebKit/537.36 (KHTML, like Gecko) Cypress/15.8.1 Chrome/138.0.7204.251 Electron/37.6.0 Safari/537.36"
[2026-06-26T16:01:33.991Z]  "GET /examples/pipeline.js" "Mozilla/5.0 (X11; Linux x86_64) AppleWebKit/537.36 (KHTML, like Gecko) Cypress/15.8.1 Chrome/138.0.7204.251 Electron/37.6.0 Safari/537.36"
[2026-06-26T16:01:34.140Z]  "GET /examples/index.html" "Mozilla/5.0 (X11; Linux x86_64) AppleWebKit/537.36 (KHTML, like Gecko) Cypress/15.8.1 Chrome/138.0.7204.251 Electron/37.6.0 Safari/537.36"
[2026-06-26T16:01:34.199Z]  "GET /examples/styles.css" "Mozilla/5.0 (X11; Linux x86_64) AppleWebKit/537.36 (KHTML, like Gecko) Cypress/15.8.1 Chrome/138.0.7204.251 Electron/37.6.0 Safari/537.36"
[2026-06-26T16:01:34.203Z]  "GET /dist/audio-recorder-visualization.umd.js" "Mozilla/5.0 (X11; Linux x86_64) AppleWebKit/537.36 (KHTML, like Gecko) Cypress/15.8.1 Chrome/138.0.7204.251 Electron/37.6.0 Safari/537.36"
[2026-06-26T16:01:34.204Z]  "GET /examples/app-core.js" "Mozilla/5.0 (X11; Linux x86_64) AppleWebKit/537.36 (KHTML, like Gecko) Cypress/15.8.1 Chrome/138.0.7204.251 Electron/37.6.0 Safari/537.36"
[2026-06-26T16:01:34.206Z]  "GET /examples/app-features.js" "Mozilla/5.0 (X11; Linux x86_64) AppleWebKit/537.36 (KHTML, like Gecko) Cypress/15.8.1 Chrome/138.0.7204.251 Electron/37.6.0 Safari/537.36"
[2026-06-26T16:01:34.208Z]  "GET /examples/app-interactions.js" "Mozilla/5.0 (X11; Linux x86_64) AppleWebKit/537.36 (KHTML, like Gecko) Cypress/15.8.1 Chrome/138.0.7204.251 Electron/37.6.0 Safari/537.36"
[2026-06-26T16:01:34.210Z]  "GET /examples/youtube-upload.js" "Mozilla/5.0 (X11; Linux x86_64) AppleWebKit/537.36 (KHTML, like Gecko) Cypress/15.8.1 Chrome/138.0.7204.251 Electron/37.6.0 Safari/537.36"
[2026-06-26T16:01:34.259Z]  "GET /examples/pipeline.js" "Mozilla/5.0 (X11; Linux x86_64) AppleWebKit/537.36 (KHTML, like Gecko) Cypress/15.8.1 Chrome/138.0.7204.251 Electron/37.6.0 Safari/537.36"
[2026-06-26T16:01:36.014Z]  "GET /examples/index.html" "Mozilla/5.0 (X11; Linux x86_64) AppleWebKit/537.36 (KHTML, like Gecko) Cypress/15.8.1 Chrome/138.0.7204.251 Electron/37.6.0 Safari/537.36"
[2026-06-26T16:01:36.094Z]  "GET /examples/styles.css" "Mozilla/5.0 (X11; Linux x86_64) AppleWebKit/537.36 (KHTML, like Gecko) Cypress/15.8.1 Chrome/138.0.7204.251 Electron/37.6.0 Safari/537.36"
[2026-06-26T16:01:36.096Z]  "GET /dist/audio-recorder-visualization.umd.js" "Mozilla/5.0 (X11; Linux x86_64) AppleWebKit/537.36 (KHTML, like Gecko) Cypress/15.8.1 Chrome/138.0.7204.251 Electron/37.6.0 Safari/537.36"
[2026-06-26T16:01:36.099Z]  "GET /examples/app-core.js" "Mozilla/5.0 (X11; Linux x86_64) AppleWebKit/537.36 (KHTML, like Gecko) Cypress/15.8.1 Chrome/138.0.7204.251 Electron/37.6.0 Safari/537.36"
[2026-06-26T16:01:36.099Z]  "GET /examples/app-features.js" "Mozilla/5.0 (X11; Linux x86_64) AppleWebKit/537.36 (KHTML, like Gecko) Cypress/15.8.1 Chrome/138.0.7204.251 Electron/37.6.0 Safari/537.36"
[2026-06-26T16:01:36.100Z]  "GET /examples/app-interactions.js" "Mozilla/5.0 (X11; Linux x86_64) AppleWebKit/537.36 (KHTML, like Gecko) Cypress/15.8.1 Chrome/138.0.7204.251 Electron/37.6.0 Safari/537.36"
[2026-06-26T16:01:36.101Z]  "GET /examples/youtube-upload.js" "Mozilla/5.0 (X11; Linux x86_64) AppleWebKit/537.36 (KHTML, like Gecko) Cypress/15.8.1 Chrome/138.0.7204.251 Electron/37.6.0 Safari/537.36"
[2026-06-26T16:01:36.138Z]  "GET /examples/pipeline.js" "Mozilla/5.0 (X11; Linux x86_64) AppleWebKit/537.36 (KHTML, like Gecko) Cypress/15.8.1 Chrome/138.0.7204.251 Electron/37.6.0 Safari/537.36"
[2026-06-26T16:01:37.273Z]  "GET /examples/index.html" "Mozilla/5.0 (X11; Linux x86_64) AppleWebKit/537.36 (KHTML, like Gecko) Cypress/15.8.1 Chrome/138.0.7204.251 Electron/37.6.0 Safari/537.36"
[2026-06-26T16:01:37.311Z]  "GET /examples/styles.css" "Mozilla/5.0 (X11; Linux x86_64) AppleWebKit/537.36 (KHTML, like Gecko) Cypress/15.8.1 Chrome/138.0.7204.251 Electron/37.6.0 Safari/537.36"
[2026-06-26T16:01:37.313Z]  "GET /dist/audio-recorder-visualization.umd.js" "Mozilla/5.0 (X11; Linux x86_64) AppleWebKit/537.36 (KHTML, like Gecko) Cypress/15.8.1 Chrome/138.0.7204.251 Electron/37.6.0 Safari/537.36"
[2026-06-26T16:01:37.313Z]  "GET /examples/app-core.js" "Mozilla/5.0 (X11; Linux x86_64) AppleWebKit/537.36 (KHTML, like Gecko) Cypress/15.8.1 Chrome/138.0.7204.251 Electron/37.6.0 Safari/537.36"
[2026-06-26T16:01:37.320Z]  "GET /examples/app-features.js" "Mozilla/5.0 (X11; Linux x86_64) AppleWebKit/537.36 (KHTML, like Gecko) Cypress/15.8.1 Chrome/138.0.7204.251 Electron/37.6.0 Safari/537.36"
[2026-06-26T16:01:37.321Z]  "GET /examples/app-interactions.js" "Mozilla/5.0 (X11; Linux x86_64) AppleWebKit/537.36 (KHTML, like Gecko) Cypress/15.8.1 Chrome/138.0.7204.251 Electron/37.6.0 Safari/537.36"
[2026-06-26T16:01:37.322Z]  "GET /examples/youtube-upload.js" "Mozilla/5.0 (X11; Linux x86_64) AppleWebKit/537.36 (KHTML, like Gecko) Cypress/15.8.1 Chrome/138.0.7204.251 Electron/37.6.0 Safari/537.36"
[2026-06-26T16:01:37.351Z]  "GET /examples/pipeline.js" "Mozilla/5.0 (X11; Linux x86_64) AppleWebKit/537.36 (KHTML, like Gecko) Cypress/15.8.1 Chrome/138.0.7204.251 Electron/37.6.0 Safari/537.36"
[2026-06-26T16:01:38.400Z]  "GET /examples/index.html" "Mozilla/5.0 (X11; Linux x86_64) AppleWebKit/537.36 (KHTML, like Gecko) Cypress/15.8.1 Chrome/138.0.7204.251 Electron/37.6.0 Safari/537.36"
[2026-06-26T16:01:38.452Z]  "GET /examples/styles.css" "Mozilla/5.0 (X11; Linux x86_64) AppleWebKit/537.36 (KHTML, like Gecko) Cypress/15.8.1 Chrome/138.0.7204.251 Electron/37.6.0 Safari/537.36"
[2026-06-26T16:01:38.453Z]  "GET /dist/audio-recorder-visualization.umd.js" "Mozilla/5.0 (X11; Linux x86_64) AppleWebKit/537.36 (KHTML, like Gecko) Cypress/15.8.1 Chrome/138.0.7204.251 Electron/37.6.0 Safari/537.36"
[2026-06-26T16:01:38.455Z]  "GET /examples/app-core.js" "Mozilla/5.0 (X11; Linux x86_64) AppleWebKit/537.36 (KHTML, like Gecko) Cypress/15.8.1 Chrome/138.0.7204.251 Electron/37.6.0 Safari/537.36"
[2026-06-26T16:01:38.456Z]  "GET /examples/app-features.js" "Mozilla/5.0 (X11; Linux x86_64) AppleWebKit/537.36 (KHTML, like Gecko) Cypress/15.8.1 Chrome/138.0.7204.251 Electron/37.6.0 Safari/537.36"
[2026-06-26T16:01:38.457Z]  "GET /examples/app-interactions.js" "Mozilla/5.0 (X11; Linux x86_64) AppleWebKit/537.36 (KHTML, like Gecko) Cypress/15.8.1 Chrome/138.0.7204.251 Electron/37.6.0 Safari/537.36"
[2026-06-26T16:01:38.459Z]  "GET /examples/youtube-upload.js" "Mozilla/5.0 (X11; Linux x86_64) AppleWebKit/537.36 (KHTML, like Gecko) Cypress/15.8.1 Chrome/138.0.7204.251 Electron/37.6.0 Safari/537.36"
[2026-06-26T16:01:38.489Z]  "GET /examples/pipeline.js" "Mozilla/5.0 (X11; Linux x86_64) AppleWebKit/537.36 (KHTML, like Gecko) Cypress/15.8.1 Chrome/138.0.7204.251 Electron/37.6.0 Safari/537.36"
[2026-06-26T16:01:41.316Z]  "GET /examples/index.html" "Mozilla/5.0 (X11; Linux x86_64) AppleWebKit/537.36 (KHTML, like Gecko) Cypress/15.8.1 Chrome/138.0.7204.251 Electron/37.6.0 Safari/537.36"
[2026-06-26T16:01:41.454Z]  "GET /examples/styles.css" "Mozilla/5.0 (X11; Linux x86_64) AppleWebKit/537.36 (KHTML, like Gecko) Cypress/15.8.1 Chrome/138.0.7204.251 Electron/37.6.0 Safari/537.36"
[2026-06-26T16:01:41.456Z]  "GET /dist/audio-recorder-visualization.umd.js" "Mozilla/5.0 (X11; Linux x86_64) AppleWebKit/537.36 (KHTML, like Gecko) Cypress/15.8.1 Chrome/138.0.7204.251 Electron/37.6.0 Safari/537.36"
[2026-06-26T16:01:41.460Z]  "GET /examples/app-core.js" "Mozilla/5.0 (X11; Linux x86_64) AppleWebKit/537.36 (KHTML, like Gecko) Cypress/15.8.1 Chrome/138.0.7204.251 Electron/37.6.0 Safari/537.36"
[2026-06-26T16:01:41.461Z]  "GET /examples/app-features.js" "Mozilla/5.0 (X11; Linux x86_64) AppleWebKit/537.36 (KHTML, like Gecko) Cypress/15.8.1 Chrome/138.0.7204.251 Electron/37.6.0 Safari/537.36"
[2026-06-26T16:01:41.463Z]  "GET /examples/app-interactions.js" "Mozilla/5.0 (X11; Linux x86_64) AppleWebKit/537.36 (KHTML, like Gecko) Cypress/15.8.1 Chrome/138.0.7204.251 Electron/37.6.0 Safari/537.36"
[2026-06-26T16:01:41.464Z]  "GET /examples/youtube-upload.js" "Mozilla/5.0 (X11; Linux x86_64) AppleWebKit/537.36 (KHTML, like Gecko) Cypress/15.8.1 Chrome/138.0.7204.251 Electron/37.6.0 Safari/537.36"
[2026-06-26T16:01:41.502Z]  "GET /examples/pipeline.js" "Mozilla/5.0 (X11; Linux x86_64) AppleWebKit/537.36 (KHTML, like Gecko) Cypress/15.8.1 Chrome/138.0.7204.251 Electron/37.6.0 Safari/537.36"
[2026-06-26T16:01:42.427Z]  "GET /examples/index.html" "Mozilla/5.0 (X11; Linux x86_64) AppleWebKit/537.36 (KHTML, like Gecko) Cypress/15.8.1 Chrome/138.0.7204.251 Electron/37.6.0 Safari/537.36"
[2026-06-26T16:01:42.476Z]  "GET /examples/styles.css" "Mozilla/5.0 (X11; Linux x86_64) AppleWebKit/537.36 (KHTML, like Gecko) Cypress/15.8.1 Chrome/138.0.7204.251 Electron/37.6.0 Safari/537.36"
[2026-06-26T16:01:42.480Z]  "GET /dist/audio-recorder-visualization.umd.js" "Mozilla/5.0 (X11; Linux x86_64) AppleWebKit/537.36 (KHTML, like Gecko) Cypress/15.8.1 Chrome/138.0.7204.251 Electron/37.6.0 Safari/537.36"
[2026-06-26T16:01:42.482Z]  "GET /examples/app-core.js" "Mozilla/5.0 (X11; Linux x86_64) AppleWebKit/537.36 (KHTML, like Gecko) Cypress/15.8.1 Chrome/138.0.7204.251 Electron/37.6.0 Safari/537.36"
[2026-06-26T16:01:42.484Z]  "GET /examples/app-features.js" "Mozilla/5.0 (X11; Linux x86_64) AppleWebKit/537.36 (KHTML, like Gecko) Cypress/15.8.1 Chrome/138.0.7204.251 Electron/37.6.0 Safari/537.36"
[2026-06-26T16:01:42.485Z]  "GET /examples/app-interactions.js" "Mozilla/5.0 (X11; Linux x86_64) AppleWebKit/537.36 (KHTML, like Gecko) Cypress/15.8.1 Chrome/138.0.7204.251 Electron/37.6.0 Safari/537.36"
[2026-06-26T16:01:42.486Z]  "GET /examples/youtube-upload.js" "Mozilla/5.0 (X11; Linux x86_64) AppleWebKit/537.36 (KHTML, like Gecko) Cypress/15.8.1 Chrome/138.0.7204.251 Electron/37.6.0 Safari/537.36"
[2026-06-26T16:01:42.541Z]  "GET /examples/pipeline.js" "Mozilla/5.0 (X11; Linux x86_64) AppleWebKit/537.36 (KHTML, like Gecko) Cypress/15.8.1 Chrome/138.0.7204.251 Electron/37.6.0 Safari/537.36"
[2026-06-26T16:01:42.708Z]  "GET /examples/index.html" "Mozilla/5.0 (X11; Linux x86_64) AppleWebKit/537.36 (KHTML, like Gecko) Cypress/15.8.1 Chrome/138.0.7204.251 Electron/37.6.0 Safari/537.36"
[2026-06-26T16:01:42.772Z]  "GET /examples/styles.css" "Mozilla/5.0 (X11; Linux x86_64) AppleWebKit/537.36 (KHTML, like Gecko) Cypress/15.8.1 Chrome/138.0.7204.251 Electron/37.6.0 Safari/537.36"
[2026-06-26T16:01:42.779Z]  "GET /dist/audio-recorder-visualization.umd.js" "Mozilla/5.0 (X11; Linux x86_64) AppleWebKit/537.36 (KHTML, like Gecko) Cypress/15.8.1 Chrome/138.0.7204.251 Electron/37.6.0 Safari/537.36"
[2026-06-26T16:01:42.783Z]  "GET /examples/app-core.js" "Mozilla/5.0 (X11; Linux x86_64) AppleWebKit/537.36 (KHTML, like Gecko) Cypress/15.8.1 Chrome/138.0.7204.251 Electron/37.6.0 Safari/537.36"
[2026-06-26T16:01:42.784Z]  "GET /examples/app-features.js" "Mozilla/5.0 (X11; Linux x86_64) AppleWebKit/537.36 (KHTML, like Gecko) Cypress/15.8.1 Chrome/138.0.7204.251 Electron/37.6.0 Safari/537.36"
[2026-06-26T16:01:42.784Z]  "GET /examples/app-interactions.js" "Mozilla/5.0 (X11; Linux x86_64) AppleWebKit/537.36 (KHTML, like Gecko) Cypress/15.8.1 Chrome/138.0.7204.251 Electron/37.6.0 Safari/537.36"
[2026-06-26T16:01:42.784Z]  "GET /examples/youtube-upload.js" "Mozilla/5.0 (X11; Linux x86_64) AppleWebKit/537.36 (KHTML, like Gecko) Cypress/15.8.1 Chrome/138.0.7204.251 Electron/37.6.0 Safari/537.36"
[2026-06-26T16:01:42.819Z]  "GET /examples/pipeline.js" "Mozilla/5.0 (X11; Linux x86_64) AppleWebKit/537.36 (KHTML, like Gecko) Cypress/15.8.1 Chrome/138.0.7204.251 Electron/37.6.0 Safari/537.36"
[2026-06-26T16:01:46.384Z]  "GET /examples/index.html" "Mozilla/5.0 (X11; Linux x86_64) AppleWebKit/537.36 (KHTML, like Gecko) Cypress/15.8.1 Chrome/138.0.7204.251 Electron/37.6.0 Safari/537.36"
[2026-06-26T16:01:46.422Z]  "GET /examples/styles.css" "Mozilla/5.0 (X11; Linux x86_64) AppleWebKit/537.36 (KHTML, like Gecko) Cypress/15.8.1 Chrome/138.0.7204.251 Electron/37.6.0 Safari/537.36"
[2026-06-26T16:01:46.423Z]  "GET /dist/audio-recorder-visualization.umd.js" "Mozilla/5.0 (X11; Linux x86_64) AppleWebKit/537.36 (KHTML, like Gecko) Cypress/15.8.1 Chrome/138.0.7204.251 Electron/37.6.0 Safari/537.36"
[2026-06-26T16:01:46.425Z]  "GET /examples/app-core.js" "Mozilla/5.0 (X11; Linux x86_64) AppleWebKit/537.36 (KHTML, like Gecko) Cypress/15.8.1 Chrome/138.0.7204.251 Electron/37.6.0 Safari/537.36"
[2026-06-26T16:01:46.426Z]  "GET /examples/app-features.js" "Mozilla/5.0 (X11; Linux x86_64) AppleWebKit/537.36 (KHTML, like Gecko) Cypress/15.8.1 Chrome/138.0.7204.251 Electron/37.6.0 Safari/537.36"
[2026-06-26T16:01:46.427Z]  "GET /examples/app-interactions.js" "Mozilla/5.0 (X11; Linux x86_64) AppleWebKit/537.36 (KHTML, like Gecko) Cypress/15.8.1 Chrome/138.0.7204.251 Electron/37.6.0 Safari/537.36"
[2026-06-26T16:01:46.430Z]  "GET /examples/youtube-upload.js" "Mozilla/5.0 (X11; Linux x86_64) AppleWebKit/537.36 (KHTML, like Gecko) Cypress/15.8.1 Chrome/138.0.7204.251 Electron/37.6.0 Safari/537.36"
[2026-06-26T16:01:46.466Z]  "GET /examples/pipeline.js" "Mozilla/5.0 (X11; Linux x86_64) AppleWebKit/537.36 (KHTML, like Gecko) Cypress/15.8.1 Chrome/138.0.7204.251 Electron/37.6.0 Safari/537.36"
[2026-06-26T16:01:47.443Z]  "GET /examples/index.html" "Mozilla/5.0 (X11; Linux x86_64) AppleWebKit/537.36 (KHTML, like Gecko) Cypress/15.8.1 Chrome/138.0.7204.251 Electron/37.6.0 Safari/537.36"
[2026-06-26T16:01:47.494Z]  "GET /examples/styles.css" "Mozilla/5.0 (X11; Linux x86_64) AppleWebKit/537.36 (KHTML, like Gecko) Cypress/15.8.1 Chrome/138.0.7204.251 Electron/37.6.0 Safari/537.36"
[2026-06-26T16:01:47.495Z]  "GET /dist/audio-recorder-visualization.umd.js" "Mozilla/5.0 (X11; Linux x86_64) AppleWebKit/537.36 (KHTML, like Gecko) Cypress/15.8.1 Chrome/138.0.7204.251 Electron/37.6.0 Safari/537.36"
[2026-06-26T16:01:47.496Z]  "GET /examples/app-core.js" "Mozilla/5.0 (X11; Linux x86_64) AppleWebKit/537.36 (KHTML, like Gecko) Cypress/15.8.1 Chrome/138.0.7204.251 Electron/37.6.0 Safari/537.36"
[2026-06-26T16:01:47.498Z]  "GET /examples/app-features.js" "Mozilla/5.0 (X11; Linux x86_64) AppleWebKit/537.36 (KHTML, like Gecko) Cypress/15.8.1 Chrome/138.0.7204.251 Electron/37.6.0 Safari/537.36"
[2026-06-26T16:01:47.498Z]  "GET /examples/app-interactions.js" "Mozilla/5.0 (X11; Linux x86_64) AppleWebKit/537.36 (KHTML, like Gecko) Cypress/15.8.1 Chrome/138.0.7204.251 Electron/37.6.0 Safari/537.36"
[2026-06-26T16:01:47.499Z]  "GET /examples/youtube-upload.js" "Mozilla/5.0 (X11; Linux x86_64) AppleWebKit/537.36 (KHTML, like Gecko) Cypress/15.8.1 Chrome/138.0.7204.251 Electron/37.6.0 Safari/537.36"
[2026-06-26T16:01:47.533Z]  "GET /examples/pipeline.js" "Mozilla/5.0 (X11; Linux x86_64) AppleWebKit/537.36 (KHTML, like Gecko) Cypress/15.8.1 Chrome/138.0.7204.251 Electron/37.6.0 Safari/537.36"
[2026-06-26T16:01:48.410Z]  "GET /examples/index.html" "Mozilla/5.0 (X11; Linux x86_64) AppleWebKit/537.36 (KHTML, like Gecko) Cypress/15.8.1 Chrome/138.0.7204.251 Electron/37.6.0 Safari/537.36"
[2026-06-26T16:01:48.457Z]  "GET /examples/styles.css" "Mozilla/5.0 (X11; Linux x86_64) AppleWebKit/537.36 (KHTML, like Gecko) Cypress/15.8.1 Chrome/138.0.7204.251 Electron/37.6.0 Safari/537.36"
[2026-06-26T16:01:48.459Z]  "GET /dist/audio-recorder-visualization.umd.js" "Mozilla/5.0 (X11; Linux x86_64) AppleWebKit/537.36 (KHTML, like Gecko) Cypress/15.8.1 Chrome/138.0.7204.251 Electron/37.6.0 Safari/537.36"
[2026-06-26T16:01:48.460Z]  "GET /examples/app-core.js" "Mozilla/5.0 (X11; Linux x86_64) AppleWebKit/537.36 (KHTML, like Gecko) Cypress/15.8.1 Chrome/138.0.7204.251 Electron/37.6.0 Safari/537.36"
[2026-06-26T16:01:48.461Z]  "GET /examples/app-features.js" "Mozilla/5.0 (X11; Linux x86_64) AppleWebKit/537.36 (KHTML, like Gecko) Cypress/15.8.1 Chrome/138.0.7204.251 Electron/37.6.0 Safari/537.36"
[2026-06-26T16:01:48.466Z]  "GET /examples/app-interactions.js" "Mozilla/5.0 (X11; Linux x86_64) AppleWebKit/537.36 (KHTML, like Gecko) Cypress/15.8.1 Chrome/138.0.7204.251 Electron/37.6.0 Safari/537.36"
[2026-06-26T16:01:48.467Z]  "GET /examples/youtube-upload.js" "Mozilla/5.0 (X11; Linux x86_64) AppleWebKit/537.36 (KHTML, like Gecko) Cypress/15.8.1 Chrome/138.0.7204.251 Electron/37.6.0 Safari/537.36"
[2026-06-26T16:01:48.494Z]  "GET /examples/pipeline.js" "Mozilla/5.0 (X11; Linux x86_64) AppleWebKit/537.36 (KHTML, like Gecko) Cypress/15.8.1 Chrome/138.0.7204.251 Electron/37.6.0 Safari/537.36"
[2026-06-26T16:02:19.340Z]  "GET /examples/index.html" "Mozilla/5.0 (X11; Linux x86_64) AppleWebKit/537.36 (KHTML, like Gecko) Cypress/15.8.1 Chrome/138.0.7204.251 Electron/37.6.0 Safari/537.36"
[2026-06-26T16:02:19.437Z]  "GET /examples/styles.css" "Mozilla/5.0 (X11; Linux x86_64) AppleWebKit/537.36 (KHTML, like Gecko) Cypress/15.8.1 Chrome/138.0.7204.251 Electron/37.6.0 Safari/537.36"
[2026-06-26T16:02:19.452Z]  "GET /examples/app-interactions.js" "Mozilla/5.0 (X11; Linux x86_64) AppleWebKit/537.36 (KHTML, like Gecko) Cypress/15.8.1 Chrome/138.0.7204.251 Electron/37.6.0 Safari/537.36"
[2026-06-26T16:02:19.457Z]  "GET /dist/audio-recorder-visualization.umd.js" "Mozilla/5.0 (X11; Linux x86_64) AppleWebKit/537.36 (KHTML, like Gecko) Cypress/15.8.1 Chrome/138.0.7204.251 Electron/37.6.0 Safari/537.36"
[2026-06-26T16:02:19.457Z]  "GET /examples/app-core.js" "Mozilla/5.0 (X11; Linux x86_64) AppleWebKit/537.36 (KHTML, like Gecko) Cypress/15.8.1 Chrome/138.0.7204.251 Electron/37.6.0 Safari/537.36"
[2026-06-26T16:02:19.458Z]  "GET /examples/app-features.js" "Mozilla/5.0 (X11; Linux x86_64) AppleWebKit/537.36 (KHTML, like Gecko) Cypress/15.8.1 Chrome/138.0.7204.251 Electron/37.6.0 Safari/537.36"
[2026-06-26T16:02:19.459Z]  "GET /examples/youtube-upload.js" "Mozilla/5.0 (X11; Linux x86_64) AppleWebKit/537.36 (KHTML, like Gecko) Cypress/15.8.1 Chrome/138.0.7204.251 Electron/37.6.0 Safari/537.36"
[2026-06-26T16:02:19.506Z]  "GET /examples/pipeline.js" "Mozilla/5.0 (X11; Linux x86_64) AppleWebKit/537.36 (KHTML, like Gecko) Cypress/15.8.1 Chrome/138.0.7204.251 Electron/37.6.0 Safari/537.36"
[2026-06-26T16:02:21.041Z]  "GET /examples/index.html" "Mozilla/5.0 (X11; Linux x86_64) AppleWebKit/537.36 (KHTML, like Gecko) Cypress/15.8.1 Chrome/138.0.7204.251 Electron/37.6.0 Safari/537.36"
[2026-06-26T16:02:21.079Z]  "GET /examples/styles.css" "Mozilla/5.0 (X11; Linux x86_64) AppleWebKit/537.36 (KHTML, like Gecko) Cypress/15.8.1 Chrome/138.0.7204.251 Electron/37.6.0 Safari/537.36"
[2026-06-26T16:02:21.082Z]  "GET /dist/audio-recorder-visualization.umd.js" "Mozilla/5.0 (X11; Linux x86_64) AppleWebKit/537.36 (KHTML, like Gecko) Cypress/15.8.1 Chrome/138.0.7204.251 Electron/37.6.0 Safari/537.36"
[2026-06-26T16:02:21.085Z]  "GET /examples/app-core.js" "Mozilla/5.0 (X11; Linux x86_64) AppleWebKit/537.36 (KHTML, like Gecko) Cypress/15.8.1 Chrome/138.0.7204.251 Electron/37.6.0 Safari/537.36"
[2026-06-26T16:02:21.087Z]  "GET /examples/app-features.js" "Mozilla/5.0 (X11; Linux x86_64) AppleWebKit/537.36 (KHTML, like Gecko) Cypress/15.8.1 Chrome/138.0.7204.251 Electron/37.6.0 Safari/537.36"
[2026-06-26T16:02:21.121Z]  "GET /examples/youtube-upload.js" "Mozilla/5.0 (X11; Linux x86_64) AppleWebKit/537.36 (KHTML, like Gecko) Cypress/15.8.1 Chrome/138.0.7204.251 Electron/37.6.0 Safari/537.36"
[2026-06-26T16:02:21.131Z]  "GET /examples/app-interactions.js" "Mozilla/5.0 (X11; Linux x86_64) AppleWebKit/537.36 (KHTML, like Gecko) Cypress/15.8.1 Chrome/138.0.7204.251 Electron/37.6.0 Safari/537.36"
[2026-06-26T16:02:21.154Z]  "GET /examples/pipeline.js" "Mozilla/5.0 (X11; Linux x86_64) AppleWebKit/537.36 (KHTML, like Gecko) Cypress/15.8.1 Chrome/138.0.7204.251 Electron/37.6.0 Safari/537.36"
[2026-06-26T16:02:22.051Z]  "GET /examples/index.html" "Mozilla/5.0 (X11; Linux x86_64) AppleWebKit/537.36 (KHTML, like Gecko) Cypress/15.8.1 Chrome/138.0.7204.251 Electron/37.6.0 Safari/537.36"
[2026-06-26T16:02:22.107Z]  "GET /examples/styles.css" "Mozilla/5.0 (X11; Linux x86_64) AppleWebKit/537.36 (KHTML, like Gecko) Cypress/15.8.1 Chrome/138.0.7204.251 Electron/37.6.0 Safari/537.36"
[2026-06-26T16:02:22.109Z]  "GET /dist/audio-recorder-visualization.umd.js" "Mozilla/5.0 (X11; Linux x86_64) AppleWebKit/537.36 (KHTML, like Gecko) Cypress/15.8.1 Chrome/138.0.7204.251 Electron/37.6.0 Safari/537.36"
[2026-06-26T16:02:22.119Z]  "GET /examples/app-core.js" "Mozilla/5.0 (X11; Linux x86_64) AppleWebKit/537.36 (KHTML, like Gecko) Cypress/15.8.1 Chrome/138.0.7204.251 Electron/37.6.0 Safari/537.36"
[2026-06-26T16:02:22.121Z]  "GET /examples/app-features.js" "Mozilla/5.0 (X11; Linux x86_64) AppleWebKit/537.36 (KHTML, like Gecko) Cypress/15.8.1 Chrome/138.0.7204.251 Electron/37.6.0 Safari/537.36"
[2026-06-26T16:02:22.123Z]  "GET /examples/app-interactions.js" "Mozilla/5.0 (X11; Linux x86_64) AppleWebKit/537.36 (KHTML, like Gecko) Cypress/15.8.1 Chrome/138.0.7204.251 Electron/37.6.0 Safari/537.36"
[2026-06-26T16:02:22.141Z]  "GET /examples/youtube-upload.js" "Mozilla/5.0 (X11; Linux x86_64) AppleWebKit/537.36 (KHTML, like Gecko) Cypress/15.8.1 Chrome/138.0.7204.251 Electron/37.6.0 Safari/537.36"
[2026-06-26T16:02:22.160Z]  "GET /examples/pipeline.js" "Mozilla/5.0 (X11; Linux x86_64) AppleWebKit/537.36 (KHTML, like Gecko) Cypress/15.8.1 Chrome/138.0.7204.251 Electron/37.6.0 Safari/537.36"
[2026-06-26T16:02:33.462Z]  "GET /examples/index.html" "Mozilla/5.0 (X11; Linux x86_64) AppleWebKit/537.36 (KHTML, like Gecko) Cypress/15.8.1 Chrome/138.0.7204.251 Electron/37.6.0 Safari/537.36"
[2026-06-26T16:02:33.511Z]  "GET /examples/styles.css" "Mozilla/5.0 (X11; Linux x86_64) AppleWebKit/537.36 (KHTML, like Gecko) Cypress/15.8.1 Chrome/138.0.7204.251 Electron/37.6.0 Safari/537.36"
[2026-06-26T16:02:33.521Z]  "GET /examples/app-features.js" "Mozilla/5.0 (X11; Linux x86_64) AppleWebKit/537.36 (KHTML, like Gecko) Cypress/15.8.1 Chrome/138.0.7204.251 Electron/37.6.0 Safari/537.36"
[2026-06-26T16:02:33.522Z]  "GET /dist/audio-recorder-visualization.umd.js" "Mozilla/5.0 (X11; Linux x86_64) AppleWebKit/537.36 (KHTML, like Gecko) Cypress/15.8.1 Chrome/138.0.7204.251 Electron/37.6.0 Safari/537.36"
[2026-06-26T16:02:33.523Z]  "GET /examples/app-core.js" "Mozilla/5.0 (X11; Linux x86_64) AppleWebKit/537.36 (KHTML, like Gecko) Cypress/15.8.1 Chrome/138.0.7204.251 Electron/37.6.0 Safari/537.36"
[2026-06-26T16:02:33.524Z]  "GET /examples/app-interactions.js" "Mozilla/5.0 (X11; Linux x86_64) AppleWebKit/537.36 (KHTML, like Gecko) Cypress/15.8.1 Chrome/138.0.7204.251 Electron/37.6.0 Safari/537.36"
[2026-06-26T16:02:33.538Z]  "GET /examples/youtube-upload.js" "Mozilla/5.0 (X11; Linux x86_64) AppleWebKit/537.36 (KHTML, like Gecko) Cypress/15.8.1 Chrome/138.0.7204.251 Electron/37.6.0 Safari/537.36"
[2026-06-26T16:02:33.571Z]  "GET /examples/pipeline.js" "Mozilla/5.0 (X11; Linux x86_64) AppleWebKit/537.36 (KHTML, like Gecko) Cypress/15.8.1 Chrome/138.0.7204.251 Electron/37.6.0 Safari/537.36"
[2026-06-26T16:02:34.560Z]  "GET /examples/index.html" "Mozilla/5.0 (X11; Linux x86_64) AppleWebKit/537.36 (KHTML, like Gecko) Cypress/15.8.1 Chrome/138.0.7204.251 Electron/37.6.0 Safari/537.36"
[2026-06-26T16:02:34.608Z]  "GET /examples/styles.css" "Mozilla/5.0 (X11; Linux x86_64) AppleWebKit/537.36 (KHTML, like Gecko) Cypress/15.8.1 Chrome/138.0.7204.251 Electron/37.6.0 Safari/537.36"
[2026-06-26T16:02:34.611Z]  "GET /dist/audio-recorder-visualization.umd.js" "Mozilla/5.0 (X11; Linux x86_64) AppleWebKit/537.36 (KHTML, like Gecko) Cypress/15.8.1 Chrome/138.0.7204.251 Electron/37.6.0 Safari/537.36"
[2026-06-26T16:02:34.613Z]  "GET /examples/app-core.js" "Mozilla/5.0 (X11; Linux x86_64) AppleWebKit/537.36 (KHTML, like Gecko) Cypress/15.8.1 Chrome/138.0.7204.251 Electron/37.6.0 Safari/537.36"
[2026-06-26T16:02:34.637Z]  "GET /examples/app-features.js" "Mozilla/5.0 (X11; Linux x86_64) AppleWebKit/537.36 (KHTML, like Gecko) Cypress/15.8.1 Chrome/138.0.7204.251 Electron/37.6.0 Safari/537.36"
[2026-06-26T16:02:34.638Z]  "GET /examples/app-interactions.js" "Mozilla/5.0 (X11; Linux x86_64) AppleWebKit/537.36 (KHTML, like Gecko) Cypress/15.8.1 Chrome/138.0.7204.251 Electron/37.6.0 Safari/537.36"
[2026-06-26T16:02:34.638Z]  "GET /examples/youtube-upload.js" "Mozilla/5.0 (X11; Linux x86_64) AppleWebKit/537.36 (KHTML, like Gecko) Cypress/15.8.1 Chrome/138.0.7204.251 Electron/37.6.0 Safari/537.36"
[2026-06-26T16:02:34.659Z]  "GET /examples/pipeline.js" "Mozilla/5.0 (X11; Linux x86_64) AppleWebKit/537.36 (KHTML, like Gecko) Cypress/15.8.1 Chrome/138.0.7204.251 Electron/37.6.0 Safari/537.36"
[2026-06-26T16:02:37.527Z]  "GET /examples/index.html" "Mozilla/5.0 (X11; Linux x86_64) AppleWebKit/537.36 (KHTML, like Gecko) Cypress/15.8.1 Chrome/138.0.7204.251 Electron/37.6.0 Safari/537.36"
[2026-06-26T16:02:37.576Z]  "GET /examples/styles.css" "Mozilla/5.0 (X11; Linux x86_64) AppleWebKit/537.36 (KHTML, like Gecko) Cypress/15.8.1 Chrome/138.0.7204.251 Electron/37.6.0 Safari/537.36"
[2026-06-26T16:02:37.579Z]  "GET /dist/audio-recorder-visualization.umd.js" "Mozilla/5.0 (X11; Linux x86_64) AppleWebKit/537.36 (KHTML, like Gecko) Cypress/15.8.1 Chrome/138.0.7204.251 Electron/37.6.0 Safari/537.36"
[2026-06-26T16:02:37.581Z]  "GET /examples/app-core.js" "Mozilla/5.0 (X11; Linux x86_64) AppleWebKit/537.36 (KHTML, like Gecko) Cypress/15.8.1 Chrome/138.0.7204.251 Electron/37.6.0 Safari/537.36"
[2026-06-26T16:02:37.585Z]  "GET /examples/app-features.js" "Mozilla/5.0 (X11; Linux x86_64) AppleWebKit/537.36 (KHTML, like Gecko) Cypress/15.8.1 Chrome/138.0.7204.251 Electron/37.6.0 Safari/537.36"
[2026-06-26T16:02:37.587Z]  "GET /examples/app-interactions.js" "Mozilla/5.0 (X11; Linux x86_64) AppleWebKit/537.36 (KHTML, like Gecko) Cypress/15.8.1 Chrome/138.0.7204.251 Electron/37.6.0 Safari/537.36"
[2026-06-26T16:02:37.588Z]  "GET /examples/youtube-upload.js" "Mozilla/5.0 (X11; Linux x86_64) AppleWebKit/537.36 (KHTML, like Gecko) Cypress/15.8.1 Chrome/138.0.7204.251 Electron/37.6.0 Safari/537.36"
[2026-06-26T16:02:37.624Z]  "GET /examples/pipeline.js" "Mozilla/5.0 (X11; Linux x86_64) AppleWebKit/537.36 (KHTML, like Gecko) Cypress/15.8.1 Chrome/138.0.7204.251 Electron/37.6.0 Safari/537.36"
[2026-06-26T16:02:38.397Z]  "GET /examples/index.html" "Mozilla/5.0 (X11; Linux x86_64) AppleWebKit/537.36 (KHTML, like Gecko) Cypress/15.8.1 Chrome/138.0.7204.251 Electron/37.6.0 Safari/537.36"
[2026-06-26T16:02:38.442Z]  "GET /examples/styles.css" "Mozilla/5.0 (X11; Linux x86_64) AppleWebKit/537.36 (KHTML, like Gecko) Cypress/15.8.1 Chrome/138.0.7204.251 Electron/37.6.0 Safari/537.36"
[2026-06-26T16:02:38.443Z]  "GET /dist/audio-recorder-visualization.umd.js" "Mozilla/5.0 (X11; Linux x86_64) AppleWebKit/537.36 (KHTML, like Gecko) Cypress/15.8.1 Chrome/138.0.7204.251 Electron/37.6.0 Safari/537.36"
[2026-06-26T16:02:38.447Z]  "GET /examples/app-core.js" "Mozilla/5.0 (X11; Linux x86_64) AppleWebKit/537.36 (KHTML, like Gecko) Cypress/15.8.1 Chrome/138.0.7204.251 Electron/37.6.0 Safari/537.36"
[2026-06-26T16:02:38.449Z]  "GET /examples/app-features.js" "Mozilla/5.0 (X11; Linux x86_64) AppleWebKit/537.36 (KHTML, like Gecko) Cypress/15.8.1 Chrome/138.0.7204.251 Electron/37.6.0 Safari/537.36"
[2026-06-26T16:02:38.450Z]  "GET /examples/app-interactions.js" "Mozilla/5.0 (X11; Linux x86_64) AppleWebKit/537.36 (KHTML, like Gecko) Cypress/15.8.1 Chrome/138.0.7204.251 Electron/37.6.0 Safari/537.36"
[2026-06-26T16:02:38.451Z]  "GET /examples/youtube-upload.js" "Mozilla/5.0 (X11; Linux x86_64) AppleWebKit/537.36 (KHTML, like Gecko) Cypress/15.8.1 Chrome/138.0.7204.251 Electron/37.6.0 Safari/537.36"
[2026-06-26T16:02:38.496Z]  "GET /examples/pipeline.js" "Mozilla/5.0 (X11; Linux x86_64) AppleWebKit/537.36 (KHTML, like Gecko) Cypress/15.8.1 Chrome/138.0.7204.251 Electron/37.6.0 Safari/537.36"
[2026-06-26T16:02:39.864Z]  "GET /examples/index.html" "Mozilla/5.0 (X11; Linux x86_64) AppleWebKit/537.36 (KHTML, like Gecko) Cypress/15.8.1 Chrome/138.0.7204.251 Electron/37.6.0 Safari/537.36"
[2026-06-26T16:02:39.922Z]  "GET /examples/styles.css" "Mozilla/5.0 (X11; Linux x86_64) AppleWebKit/537.36 (KHTML, like Gecko) Cypress/15.8.1 Chrome/138.0.7204.251 Electron/37.6.0 Safari/537.36"
[2026-06-26T16:02:39.932Z]  "GET /dist/audio-recorder-visualization.umd.js" "Mozilla/5.0 (X11; Linux x86_64) AppleWebKit/537.36 (KHTML, like Gecko) Cypress/15.8.1 Chrome/138.0.7204.251 Electron/37.6.0 Safari/537.36"
[2026-06-26T16:02:39.934Z]  "GET /examples/app-core.js" "Mozilla/5.0 (X11; Linux x86_64) AppleWebKit/537.36 (KHTML, like Gecko) Cypress/15.8.1 Chrome/138.0.7204.251 Electron/37.6.0 Safari/537.36"
[2026-06-26T16:02:39.944Z]  "GET /examples/app-features.js" "Mozilla/5.0 (X11; Linux x86_64) AppleWebKit/537.36 (KHTML, like Gecko) Cypress/15.8.1 Chrome/138.0.7204.251 Electron/37.6.0 Safari/537.36"
[2026-06-26T16:02:39.982Z]  "GET /examples/app-interactions.js" "Mozilla/5.0 (X11; Linux x86_64) AppleWebKit/537.36 (KHTML, like Gecko) Cypress/15.8.1 Chrome/138.0.7204.251 Electron/37.6.0 Safari/537.36"
[2026-06-26T16:02:40.005Z]  "GET /examples/youtube-upload.js" "Mozilla/5.0 (X11; Linux x86_64) AppleWebKit/537.36 (KHTML, like Gecko) Cypress/15.8.1 Chrome/138.0.7204.251 Electron/37.6.0 Safari/537.36"
[2026-06-26T16:02:40.014Z]  "GET /examples/pipeline.js" "Mozilla/5.0 (X11; Linux x86_64) AppleWebKit/537.36 (KHTML, like Gecko) Cypress/15.8.1 Chrome/138.0.7204.251 Electron/37.6.0 Safari/537.36"
[2026-06-26T16:02:41.233Z]  "GET /examples/index.html" "Mozilla/5.0 (X11; Linux x86_64) AppleWebKit/537.36 (KHTML, like Gecko) Cypress/15.8.1 Chrome/138.0.7204.251 Electron/37.6.0 Safari/537.36"
[2026-06-26T16:02:41.319Z]  "GET /examples/styles.css" "Mozilla/5.0 (X11; Linux x86_64) AppleWebKit/537.36 (KHTML, like Gecko) Cypress/15.8.1 Chrome/138.0.7204.251 Electron/37.6.0 Safari/537.36"
[2026-06-26T16:02:41.331Z]  "GET /dist/audio-recorder-visualization.umd.js" "Mozilla/5.0 (X11; Linux x86_64) AppleWebKit/537.36 (KHTML, like Gecko) Cypress/15.8.1 Chrome/138.0.7204.251 Electron/37.6.0 Safari/537.36"
[2026-06-26T16:02:41.335Z]  "GET /examples/app-core.js" "Mozilla/5.0 (X11; Linux x86_64) AppleWebKit/537.36 (KHTML, like Gecko) Cypress/15.8.1 Chrome/138.0.7204.251 Electron/37.6.0 Safari/537.36"
[2026-06-26T16:02:41.340Z]  "GET /examples/app-features.js" "Mozilla/5.0 (X11; Linux x86_64) AppleWebKit/537.36 (KHTML, like Gecko) Cypress/15.8.1 Chrome/138.0.7204.251 Electron/37.6.0 Safari/537.36"
[2026-06-26T16:02:41.342Z]  "GET /examples/app-interactions.js" "Mozilla/5.0 (X11; Linux x86_64) AppleWebKit/537.36 (KHTML, like Gecko) Cypress/15.8.1 Chrome/138.0.7204.251 Electron/37.6.0 Safari/537.36"
[2026-06-26T16:02:41.345Z]  "GET /examples/youtube-upload.js" "Mozilla/5.0 (X11; Linux x86_64) AppleWebKit/537.36 (KHTML, like Gecko) Cypress/15.8.1 Chrome/138.0.7204.251 Electron/37.6.0 Safari/537.36"
[2026-06-26T16:02:41.395Z]  "GET /examples/pipeline.js" "Mozilla/5.0 (X11; Linux x86_64) AppleWebKit/537.36 (KHTML, like Gecko) Cypress/15.8.1 Chrome/138.0.7204.251 Electron/37.6.0 Safari/537.36"
[2026-06-26T16:02:52.542Z]  "GET /examples/index.html" "Mozilla/5.0 (X11; Linux x86_64) AppleWebKit/537.36 (KHTML, like Gecko) Cypress/15.8.1 Chrome/138.0.7204.251 Electron/37.6.0 Safari/537.36"
[2026-06-26T16:02:52.583Z]  "GET /examples/styles.css" "Mozilla/5.0 (X11; Linux x86_64) AppleWebKit/537.36 (KHTML, like Gecko) Cypress/15.8.1 Chrome/138.0.7204.251 Electron/37.6.0 Safari/537.36"
[2026-06-26T16:02:52.590Z]  "GET /examples/app-features.js" "Mozilla/5.0 (X11; Linux x86_64) AppleWebKit/537.36 (KHTML, like Gecko) Cypress/15.8.1 Chrome/138.0.7204.251 Electron/37.6.0 Safari/537.36"
[2026-06-26T16:02:52.592Z]  "GET /dist/audio-recorder-visualization.umd.js" "Mozilla/5.0 (X11; Linux x86_64) AppleWebKit/537.36 (KHTML, like Gecko) Cypress/15.8.1 Chrome/138.0.7204.251 Electron/37.6.0 Safari/537.36"
[2026-06-26T16:02:52.594Z]  "GET /examples/app-interactions.js" "Mozilla/5.0 (X11; Linux x86_64) AppleWebKit/537.36 (KHTML, like Gecko) Cypress/15.8.1 Chrome/138.0.7204.251 Electron/37.6.0 Safari/537.36"
[2026-06-26T16:02:52.598Z]  "GET /examples/app-core.js" "Mozilla/5.0 (X11; Linux x86_64) AppleWebKit/537.36 (KHTML, like Gecko) Cypress/15.8.1 Chrome/138.0.7204.251 Electron/37.6.0 Safari/537.36"
[2026-06-26T16:02:52.599Z]  "GET /examples/youtube-upload.js" "Mozilla/5.0 (X11; Linux x86_64) AppleWebKit/537.36 (KHTML, like Gecko) Cypress/15.8.1 Chrome/138.0.7204.251 Electron/37.6.0 Safari/537.36"
[2026-06-26T16:02:52.623Z]  "GET /examples/pipeline.js" "Mozilla/5.0 (X11; Linux x86_64) AppleWebKit/537.36 (KHTML, like Gecko) Cypress/15.8.1 Chrome/138.0.7204.251 Electron/37.6.0 Safari/537.36"
[2026-06-26T16:02:53.361Z]  "GET /examples/index.html" "Mozilla/5.0 (X11; Linux x86_64) AppleWebKit/537.36 (KHTML, like Gecko) Cypress/15.8.1 Chrome/138.0.7204.251 Electron/37.6.0 Safari/537.36"
[2026-06-26T16:02:53.419Z]  "GET /examples/styles.css" "Mozilla/5.0 (X11; Linux x86_64) AppleWebKit/537.36 (KHTML, like Gecko) Cypress/15.8.1 Chrome/138.0.7204.251 Electron/37.6.0 Safari/537.36"
[2026-06-26T16:02:53.423Z]  "GET /dist/audio-recorder-visualization.umd.js" "Mozilla/5.0 (X11; Linux x86_64) AppleWebKit/537.36 (KHTML, like Gecko) Cypress/15.8.1 Chrome/138.0.7204.251 Electron/37.6.0 Safari/537.36"
[2026-06-26T16:02:53.426Z]  "GET /examples/app-core.js" "Mozilla/5.0 (X11; Linux x86_64) AppleWebKit/537.36 (KHTML, like Gecko) Cypress/15.8.1 Chrome/138.0.7204.251 Electron/37.6.0 Safari/537.36"
[2026-06-26T16:02:53.450Z]  "GET /examples/app-features.js" "Mozilla/5.0 (X11; Linux x86_64) AppleWebKit/537.36 (KHTML, like Gecko) Cypress/15.8.1 Chrome/138.0.7204.251 Electron/37.6.0 Safari/537.36"
[2026-06-26T16:02:53.452Z]  "GET /examples/app-interactions.js" "Mozilla/5.0 (X11; Linux x86_64) AppleWebKit/537.36 (KHTML, like Gecko) Cypress/15.8.1 Chrome/138.0.7204.251 Electron/37.6.0 Safari/537.36"
[2026-06-26T16:02:53.453Z]  "GET /examples/youtube-upload.js" "Mozilla/5.0 (X11; Linux x86_64) AppleWebKit/537.36 (KHTML, like Gecko) Cypress/15.8.1 Chrome/138.0.7204.251 Electron/37.6.0 Safari/537.36"
[2026-06-26T16:02:53.459Z]  "GET /examples/pipeline.js" "Mozilla/5.0 (X11; Linux x86_64) AppleWebKit/537.36 (KHTML, like Gecko) Cypress/15.8.1 Chrome/138.0.7204.251 Electron/37.6.0 Safari/537.36"
[2026-06-26T16:02:54.313Z]  "GET /examples/index.html" "Mozilla/5.0 (X11; Linux x86_64) AppleWebKit/537.36 (KHTML, like Gecko) Cypress/15.8.1 Chrome/138.0.7204.251 Electron/37.6.0 Safari/537.36"
[2026-06-26T16:02:54.353Z]  "GET /examples/styles.css" "Mozilla/5.0 (X11; Linux x86_64) AppleWebKit/537.36 (KHTML, like Gecko) Cypress/15.8.1 Chrome/138.0.7204.251 Electron/37.6.0 Safari/537.36"
[2026-06-26T16:02:54.358Z]  "GET /dist/audio-recorder-visualization.umd.js" "Mozilla/5.0 (X11; Linux x86_64) AppleWebKit/537.36 (KHTML, like Gecko) Cypress/15.8.1 Chrome/138.0.7204.251 Electron/37.6.0 Safari/537.36"
[2026-06-26T16:02:54.359Z]  "GET /examples/app-core.js" "Mozilla/5.0 (X11; Linux x86_64) AppleWebKit/537.36 (KHTML, like Gecko) Cypress/15.8.1 Chrome/138.0.7204.251 Electron/37.6.0 Safari/537.36"
[2026-06-26T16:02:54.361Z]  "GET /examples/app-features.js" "Mozilla/5.0 (X11; Linux x86_64) AppleWebKit/537.36 (KHTML, like Gecko) Cypress/15.8.1 Chrome/138.0.7204.251 Electron/37.6.0 Safari/537.36"
[2026-06-26T16:02:54.362Z]  "GET /examples/app-interactions.js" "Mozilla/5.0 (X11; Linux x86_64) AppleWebKit/537.36 (KHTML, like Gecko) Cypress/15.8.1 Chrome/138.0.7204.251 Electron/37.6.0 Safari/537.36"
[2026-06-26T16:02:54.366Z]  "GET /examples/youtube-upload.js" "Mozilla/5.0 (X11; Linux x86_64) AppleWebKit/537.36 (KHTML, like Gecko) Cypress/15.8.1 Chrome/138.0.7204.251 Electron/37.6.0 Safari/537.36"
[2026-06-26T16:02:54.394Z]  "GET /examples/pipeline.js" "Mozilla/5.0 (X11; Linux x86_64) AppleWebKit/537.36 (KHTML, like Gecko) Cypress/15.8.1 Chrome/138.0.7204.251 Electron/37.6.0 Safari/537.36"
[2026-06-26T16:02:55.160Z]  "GET /examples/index.html" "Mozilla/5.0 (X11; Linux x86_64) AppleWebKit/537.36 (KHTML, like Gecko) Cypress/15.8.1 Chrome/138.0.7204.251 Electron/37.6.0 Safari/537.36"
[2026-06-26T16:02:55.231Z]  "GET /examples/styles.css" "Mozilla/5.0 (X11; Linux x86_64) AppleWebKit/537.36 (KHTML, like Gecko) Cypress/15.8.1 Chrome/138.0.7204.251 Electron/37.6.0 Safari/537.36"
[2026-06-26T16:02:55.235Z]  "GET /dist/audio-recorder-visualization.umd.js" "Mozilla/5.0 (X11; Linux x86_64) AppleWebKit/537.36 (KHTML, like Gecko) Cypress/15.8.1 Chrome/138.0.7204.251 Electron/37.6.0 Safari/537.36"
[2026-06-26T16:02:55.235Z]  "GET /examples/app-core.js" "Mozilla/5.0 (X11; Linux x86_64) AppleWebKit/537.36 (KHTML, like Gecko) Cypress/15.8.1 Chrome/138.0.7204.251 Electron/37.6.0 Safari/537.36"
[2026-06-26T16:02:55.240Z]  "GET /examples/app-features.js" "Mozilla/5.0 (X11; Linux x86_64) AppleWebKit/537.36 (KHTML, like Gecko) Cypress/15.8.1 Chrome/138.0.7204.251 Electron/37.6.0 Safari/537.36"
[2026-06-26T16:02:55.250Z]  "GET /examples/app-interactions.js" "Mozilla/5.0 (X11; Linux x86_64) AppleWebKit/537.36 (KHTML, like Gecko) Cypress/15.8.1 Chrome/138.0.7204.251 Electron/37.6.0 Safari/537.36"
[2026-06-26T16:02:55.253Z]  "GET /examples/youtube-upload.js" "Mozilla/5.0 (X11; Linux x86_64) AppleWebKit/537.36 (KHTML, like Gecko) Cypress/15.8.1 Chrome/138.0.7204.251 Electron/37.6.0 Safari/537.36"
[2026-06-26T16:02:55.302Z]  "GET /examples/pipeline.js" "Mozilla/5.0 (X11; Linux x86_64) AppleWebKit/537.36 (KHTML, like Gecko) Cypress/15.8.1 Chrome/138.0.7204.251 Electron/37.6.0 Safari/537.36"
[2026-06-26T16:02:56.284Z]  "GET /examples/index.html" "Mozilla/5.0 (X11; Linux x86_64) AppleWebKit/537.36 (KHTML, like Gecko) Cypress/15.8.1 Chrome/138.0.7204.251 Electron/37.6.0 Safari/537.36"
[2026-06-26T16:02:56.347Z]  "GET /examples/styles.css" "Mozilla/5.0 (X11; Linux x86_64) AppleWebKit/537.36 (KHTML, like Gecko) Cypress/15.8.1 Chrome/138.0.7204.251 Electron/37.6.0 Safari/537.36"
[2026-06-26T16:02:56.361Z]  "GET /dist/audio-recorder-visualization.umd.js" "Mozilla/5.0 (X11; Linux x86_64) AppleWebKit/537.36 (KHTML, like Gecko) Cypress/15.8.1 Chrome/138.0.7204.251 Electron/37.6.0 Safari/537.36"
[2026-06-26T16:02:56.361Z]  "GET /examples/app-core.js" "Mozilla/5.0 (X11; Linux x86_64) AppleWebKit/537.36 (KHTML, like Gecko) Cypress/15.8.1 Chrome/138.0.7204.251 Electron/37.6.0 Safari/537.36"
[2026-06-26T16:02:56.363Z]  "GET /examples/app-features.js" "Mozilla/5.0 (X11; Linux x86_64) AppleWebKit/537.36 (KHTML, like Gecko) Cypress/15.8.1 Chrome/138.0.7204.251 Electron/37.6.0 Safari/537.36"
[2026-06-26T16:02:56.364Z]  "GET /examples/app-interactions.js" "Mozilla/5.0 (X11; Linux x86_64) AppleWebKit/537.36 (KHTML, like Gecko) Cypress/15.8.1 Chrome/138.0.7204.251 Electron/37.6.0 Safari/537.36"
[2026-06-26T16:02:56.365Z]  "GET /examples/youtube-upload.js" "Mozilla/5.0 (X11; Linux x86_64) AppleWebKit/537.36 (KHTML, like Gecko) Cypress/15.8.1 Chrome/138.0.7204.251 Electron/37.6.0 Safari/537.36"
[2026-06-26T16:02:56.427Z]  "GET /examples/pipeline.js" "Mozilla/5.0 (X11; Linux x86_64) AppleWebKit/537.36 (KHTML, like Gecko) Cypress/15.8.1 Chrome/138.0.7204.251 Electron/37.6.0 Safari/537.36"
[2026-06-26T16:02:57.257Z]  "GET /examples/index.html" "Mozilla/5.0 (X11; Linux x86_64) AppleWebKit/537.36 (KHTML, like Gecko) Cypress/15.8.1 Chrome/138.0.7204.251 Electron/37.6.0 Safari/537.36"
[2026-06-26T16:02:57.316Z]  "GET /examples/styles.css" "Mozilla/5.0 (X11; Linux x86_64) AppleWebKit/537.36 (KHTML, like Gecko) Cypress/15.8.1 Chrome/138.0.7204.251 Electron/37.6.0 Safari/537.36"
[2026-06-26T16:02:57.321Z]  "GET /dist/audio-recorder-visualization.umd.js" "Mozilla/5.0 (X11; Linux x86_64) AppleWebKit/537.36 (KHTML, like Gecko) Cypress/15.8.1 Chrome/138.0.7204.251 Electron/37.6.0 Safari/537.36"
[2026-06-26T16:02:57.323Z]  "GET /examples/app-core.js" "Mozilla/5.0 (X11; Linux x86_64) AppleWebKit/537.36 (KHTML, like Gecko) Cypress/15.8.1 Chrome/138.0.7204.251 Electron/37.6.0 Safari/537.36"
[2026-06-26T16:02:57.325Z]  "GET /examples/app-features.js" "Mozilla/5.0 (X11; Linux x86_64) AppleWebKit/537.36 (KHTML, like Gecko) Cypress/15.8.1 Chrome/138.0.7204.251 Electron/37.6.0 Safari/537.36"
[2026-06-26T16:02:57.327Z]  "GET /examples/app-interactions.js" "Mozilla/5.0 (X11; Linux x86_64) AppleWebKit/537.36 (KHTML, like Gecko) Cypress/15.8.1 Chrome/138.0.7204.251 Electron/37.6.0 Safari/537.36"
[2026-06-26T16:02:57.333Z]  "GET /examples/youtube-upload.js" "Mozilla/5.0 (X11; Linux x86_64) AppleWebKit/537.36 (KHTML, like Gecko) Cypress/15.8.1 Chrome/138.0.7204.251 Electron/37.6.0 Safari/537.36"
[2026-06-26T16:02:57.368Z]  "GET /examples/pipeline.js" "Mozilla/5.0 (X11; Linux x86_64) AppleWebKit/537.36 (KHTML, like Gecko) Cypress/15.8.1 Chrome/138.0.7204.251 Electron/37.6.0 Safari/537.36"
[2026-06-26T16:02:59.758Z]  "GET /examples/index.html" "Mozilla/5.0 (X11; Linux x86_64) AppleWebKit/537.36 (KHTML, like Gecko) Cypress/15.8.1 Chrome/138.0.7204.251 Electron/37.6.0 Safari/537.36"
[2026-06-26T16:02:59.831Z]  "GET /examples/styles.css" "Mozilla/5.0 (X11; Linux x86_64) AppleWebKit/537.36 (KHTML, like Gecko) Cypress/15.8.1 Chrome/138.0.7204.251 Electron/37.6.0 Safari/537.36"
[2026-06-26T16:02:59.841Z]  "GET /dist/audio-recorder-visualization.umd.js" "Mozilla/5.0 (X11; Linux x86_64) AppleWebKit/537.36 (KHTML, like Gecko) Cypress/15.8.1 Chrome/138.0.7204.251 Electron/37.6.0 Safari/537.36"
[2026-06-26T16:02:59.865Z]  "GET /examples/app-core.js" "Mozilla/5.0 (X11; Linux x86_64) AppleWebKit/537.36 (KHTML, like Gecko) Cypress/15.8.1 Chrome/138.0.7204.251 Electron/37.6.0 Safari/537.36"
[2026-06-26T16:02:59.870Z]  "GET /examples/app-features.js" "Mozilla/5.0 (X11; Linux x86_64) AppleWebKit/537.36 (KHTML, like Gecko) Cypress/15.8.1 Chrome/138.0.7204.251 Electron/37.6.0 Safari/537.36"
[2026-06-26T16:02:59.873Z]  "GET /examples/app-interactions.js" "Mozilla/5.0 (X11; Linux x86_64) AppleWebKit/537.36 (KHTML, like Gecko) Cypress/15.8.1 Chrome/138.0.7204.251 Electron/37.6.0 Safari/537.36"
[2026-06-26T16:02:59.874Z]  "GET /examples/youtube-upload.js" "Mozilla/5.0 (X11; Linux x86_64) AppleWebKit/537.36 (KHTML, like Gecko) Cypress/15.8.1 Chrome/138.0.7204.251 Electron/37.6.0 Safari/537.36"
[2026-06-26T16:02:59.918Z]  "GET /examples/pipeline.js" "Mozilla/5.0 (X11; Linux x86_64) AppleWebKit/537.36 (KHTML, like Gecko) Cypress/15.8.1 Chrome/138.0.7204.251 Electron/37.6.0 Safari/537.36"
[2026-06-26T16:03:00.817Z]  "GET /examples/index.html" "Mozilla/5.0 (X11; Linux x86_64) AppleWebKit/537.36 (KHTML, like Gecko) Cypress/15.8.1 Chrome/138.0.7204.251 Electron/37.6.0 Safari/537.36"
[2026-06-26T16:03:00.891Z]  "GET /examples/styles.css" "Mozilla/5.0 (X11; Linux x86_64) AppleWebKit/537.36 (KHTML, like Gecko) Cypress/15.8.1 Chrome/138.0.7204.251 Electron/37.6.0 Safari/537.36"
[2026-06-26T16:03:00.899Z]  "GET /dist/audio-recorder-visualization.umd.js" "Mozilla/5.0 (X11; Linux x86_64) AppleWebKit/537.36 (KHTML, like Gecko) Cypress/15.8.1 Chrome/138.0.7204.251 Electron/37.6.0 Safari/537.36"
[2026-06-26T16:03:00.905Z]  "GET /examples/app-core.js" "Mozilla/5.0 (X11; Linux x86_64) AppleWebKit/537.36 (KHTML, like Gecko) Cypress/15.8.1 Chrome/138.0.7204.251 Electron/37.6.0 Safari/537.36"
[2026-06-26T16:03:00.906Z]  "GET /examples/app-features.js" "Mozilla/5.0 (X11; Linux x86_64) AppleWebKit/537.36 (KHTML, like Gecko) Cypress/15.8.1 Chrome/138.0.7204.251 Electron/37.6.0 Safari/537.36"
[2026-06-26T16:03:00.909Z]  "GET /examples/app-interactions.js" "Mozilla/5.0 (X11; Linux x86_64) AppleWebKit/537.36 (KHTML, like Gecko) Cypress/15.8.1 Chrome/138.0.7204.251 Electron/37.6.0 Safari/537.36"
[2026-06-26T16:03:00.910Z]  "GET /examples/youtube-upload.js" "Mozilla/5.0 (X11; Linux x86_64) AppleWebKit/537.36 (KHTML, like Gecko) Cypress/15.8.1 Chrome/138.0.7204.251 Electron/37.6.0 Safari/537.36"
[2026-06-26T16:03:00.968Z]  "GET /examples/pipeline.js" "Mozilla/5.0 (X11; Linux x86_64) AppleWebKit/537.36 (KHTML, like Gecko) Cypress/15.8.1 Chrome/138.0.7204.251 Electron/37.6.0 Safari/537.36"
[2026-06-26T16:03:02.909Z]  "GET /examples/index.html" "Mozilla/5.0 (X11; Linux x86_64) AppleWebKit/537.36 (KHTML, like Gecko) Cypress/15.8.1 Chrome/138.0.7204.251 Electron/37.6.0 Safari/537.36"
[2026-06-26T16:03:03.031Z]  "GET /examples/styles.css" "Mozilla/5.0 (X11; Linux x86_64) AppleWebKit/537.36 (KHTML, like Gecko) Cypress/15.8.1 Chrome/138.0.7204.251 Electron/37.6.0 Safari/537.36"
[2026-06-26T16:03:03.042Z]  "GET /dist/audio-recorder-visualization.umd.js" "Mozilla/5.0 (X11; Linux x86_64) AppleWebKit/537.36 (KHTML, like Gecko) Cypress/15.8.1 Chrome/138.0.7204.251 Electron/37.6.0 Safari/537.36"
[2026-06-26T16:03:03.047Z]  "GET /examples/app-core.js" "Mozilla/5.0 (X11; Linux x86_64) AppleWebKit/537.36 (KHTML, like Gecko) Cypress/15.8.1 Chrome/138.0.7204.251 Electron/37.6.0 Safari/537.36"
[2026-06-26T16:03:03.047Z]  "GET /examples/app-features.js" "Mozilla/5.0 (X11; Linux x86_64) AppleWebKit/537.36 (KHTML, like Gecko) Cypress/15.8.1 Chrome/138.0.7204.251 Electron/37.6.0 Safari/537.36"
[2026-06-26T16:03:03.047Z]  "GET /examples/app-interactions.js" "Mozilla/5.0 (X11; Linux x86_64) AppleWebKit/537.36 (KHTML, like Gecko) Cypress/15.8.1 Chrome/138.0.7204.251 Electron/37.6.0 Safari/537.36"
[2026-06-26T16:03:03.053Z]  "GET /examples/youtube-upload.js" "Mozilla/5.0 (X11; Linux x86_64) AppleWebKit/537.36 (KHTML, like Gecko) Cypress/15.8.1 Chrome/138.0.7204.251 Electron/37.6.0 Safari/537.36"
[2026-06-26T16:03:03.161Z]  "GET /examples/pipeline.js" "Mozilla/5.0 (X11; Linux x86_64) AppleWebKit/537.36 (KHTML, like Gecko) Cypress/15.8.1 Chrome/138.0.7204.251 Electron/37.6.0 Safari/537.36"
[2026-06-26T16:03:04.328Z]  "GET /examples/index.html" "Mozilla/5.0 (X11; Linux x86_64) AppleWebKit/537.36 (KHTML, like Gecko) Cypress/15.8.1 Chrome/138.0.7204.251 Electron/37.6.0 Safari/537.36"
[2026-06-26T16:03:04.423Z]  "GET /examples/styles.css" "Mozilla/5.0 (X11; Linux x86_64) AppleWebKit/537.36 (KHTML, like Gecko) Cypress/15.8.1 Chrome/138.0.7204.251 Electron/37.6.0 Safari/537.36"
[2026-06-26T16:03:04.427Z]  "GET /dist/audio-recorder-visualization.umd.js" "Mozilla/5.0 (X11; Linux x86_64) AppleWebKit/537.36 (KHTML, like Gecko) Cypress/15.8.1 Chrome/138.0.7204.251 Electron/37.6.0 Safari/537.36"
[2026-06-26T16:03:04.431Z]  "GET /examples/app-core.js" "Mozilla/5.0 (X11; Linux x86_64) AppleWebKit/537.36 (KHTML, like Gecko) Cypress/15.8.1 Chrome/138.0.7204.251 Electron/37.6.0 Safari/537.36"
[2026-06-26T16:03:04.432Z]  "GET /examples/app-features.js" "Mozilla/5.0 (X11; Linux x86_64) AppleWebKit/537.36 (KHTML, like Gecko) Cypress/15.8.1 Chrome/138.0.7204.251 Electron/37.6.0 Safari/537.36"
[2026-06-26T16:03:04.438Z]  "GET /examples/app-interactions.js" "Mozilla/5.0 (X11; Linux x86_64) AppleWebKit/537.36 (KHTML, like Gecko) Cypress/15.8.1 Chrome/138.0.7204.251 Electron/37.6.0 Safari/537.36"
[2026-06-26T16:03:04.439Z]  "GET /examples/youtube-upload.js" "Mozilla/5.0 (X11; Linux x86_64) AppleWebKit/537.36 (KHTML, like Gecko) Cypress/15.8.1 Chrome/138.0.7204.251 Electron/37.6.0 Safari/537.36"
[2026-06-26T16:03:04.513Z]  "GET /examples/pipeline.js" "Mozilla/5.0 (X11; Linux x86_64) AppleWebKit/537.36 (KHTML, like Gecko) Cypress/15.8.1 Chrome/138.0.7204.251 Electron/37.6.0 Safari/537.36"
[2026-06-26T16:03:05.595Z]  "GET /examples/index.html" "Mozilla/5.0 (X11; Linux x86_64) AppleWebKit/537.36 (KHTML, like Gecko) Cypress/15.8.1 Chrome/138.0.7204.251 Electron/37.6.0 Safari/537.36"
[2026-06-26T16:03:05.656Z]  "GET /examples/styles.css" "Mozilla/5.0 (X11; Linux x86_64) AppleWebKit/537.36 (KHTML, like Gecko) Cypress/15.8.1 Chrome/138.0.7204.251 Electron/37.6.0 Safari/537.36"
[2026-06-26T16:03:05.657Z]  "GET /dist/audio-recorder-visualization.umd.js" "Mozilla/5.0 (X11; Linux x86_64) AppleWebKit/537.36 (KHTML, like Gecko) Cypress/15.8.1 Chrome/138.0.7204.251 Electron/37.6.0 Safari/537.36"
[2026-06-26T16:03:05.659Z]  "GET /examples/app-core.js" "Mozilla/5.0 (X11; Linux x86_64) AppleWebKit/537.36 (KHTML, like Gecko) Cypress/15.8.1 Chrome/138.0.7204.251 Electron/37.6.0 Safari/537.36"
[2026-06-26T16:03:05.660Z]  "GET /examples/app-features.js" "Mozilla/5.0 (X11; Linux x86_64) AppleWebKit/537.36 (KHTML, like Gecko) Cypress/15.8.1 Chrome/138.0.7204.251 Electron/37.6.0 Safari/537.36"
[2026-06-26T16:03:05.661Z]  "GET /examples/app-interactions.js" "Mozilla/5.0 (X11; Linux x86_64) AppleWebKit/537.36 (KHTML, like Gecko) Cypress/15.8.1 Chrome/138.0.7204.251 Electron/37.6.0 Safari/537.36"
[2026-06-26T16:03:05.663Z]  "GET /examples/youtube-upload.js" "Mozilla/5.0 (X11; Linux x86_64) AppleWebKit/537.36 (KHTML, like Gecko) Cypress/15.8.1 Chrome/138.0.7204.251 Electron/37.6.0 Safari/537.36"
[2026-06-26T16:03:05.706Z]  "GET /examples/pipeline.js" "Mozilla/5.0 (X11; Linux x86_64) AppleWebKit/537.36 (KHTML, like Gecko) Cypress/15.8.1 Chrome/138.0.7204.251 Electron/37.6.0 Safari/537.36"
[2026-06-26T16:03:06.569Z]  "GET /examples/index.html" "Mozilla/5.0 (X11; Linux x86_64) AppleWebKit/537.36 (KHTML, like Gecko) Cypress/15.8.1 Chrome/138.0.7204.251 Electron/37.6.0 Safari/537.36"
[2026-06-26T16:03:06.634Z]  "GET /examples/styles.css" "Mozilla/5.0 (X11; Linux x86_64) AppleWebKit/537.36 (KHTML, like Gecko) Cypress/15.8.1 Chrome/138.0.7204.251 Electron/37.6.0 Safari/537.36"
[2026-06-26T16:03:06.644Z]  "GET /dist/audio-recorder-visualization.umd.js" "Mozilla/5.0 (X11; Linux x86_64) AppleWebKit/537.36 (KHTML, like Gecko) Cypress/15.8.1 Chrome/138.0.7204.251 Electron/37.6.0 Safari/537.36"
[2026-06-26T16:03:06.646Z]  "GET /examples/app-core.js" "Mozilla/5.0 (X11; Linux x86_64) AppleWebKit/537.36 (KHTML, like Gecko) Cypress/15.8.1 Chrome/138.0.7204.251 Electron/37.6.0 Safari/537.36"
[2026-06-26T16:03:06.648Z]  "GET /examples/app-features.js" "Mozilla/5.0 (X11; Linux x86_64) AppleWebKit/537.36 (KHTML, like Gecko) Cypress/15.8.1 Chrome/138.0.7204.251 Electron/37.6.0 Safari/537.36"
[2026-06-26T16:03:06.650Z]  "GET /examples/app-interactions.js" "Mozilla/5.0 (X11; Linux x86_64) AppleWebKit/537.36 (KHTML, like Gecko) Cypress/15.8.1 Chrome/138.0.7204.251 Electron/37.6.0 Safari/537.36"
[2026-06-26T16:03:06.658Z]  "GET /examples/youtube-upload.js" "Mozilla/5.0 (X11; Linux x86_64) AppleWebKit/537.36 (KHTML, like Gecko) Cypress/15.8.1 Chrome/138.0.7204.251 Electron/37.6.0 Safari/537.36"
[2026-06-26T16:03:06.695Z]  "GET /examples/pipeline.js" "Mozilla/5.0 (X11; Linux x86_64) AppleWebKit/537.36 (KHTML, like Gecko) Cypress/15.8.1 Chrome/138.0.7204.251 Electron/37.6.0 Safari/537.36"
[2026-06-26T16:03:08.507Z]  "GET /examples/index.html" "Mozilla/5.0 (X11; Linux x86_64) AppleWebKit/537.36 (KHTML, like Gecko) Cypress/15.8.1 Chrome/138.0.7204.251 Electron/37.6.0 Safari/537.36"
[2026-06-26T16:03:08.608Z]  "GET /examples/styles.css" "Mozilla/5.0 (X11; Linux x86_64) AppleWebKit/537.36 (KHTML, like Gecko) Cypress/15.8.1 Chrome/138.0.7204.251 Electron/37.6.0 Safari/537.36"
[2026-06-26T16:03:08.611Z]  "GET /dist/audio-recorder-visualization.umd.js" "Mozilla/5.0 (X11; Linux x86_64) AppleWebKit/537.36 (KHTML, like Gecko) Cypress/15.8.1 Chrome/138.0.7204.251 Electron/37.6.0 Safari/537.36"
[2026-06-26T16:03:08.615Z]  "GET /examples/app-core.js" "Mozilla/5.0 (X11; Linux x86_64) AppleWebKit/537.36 (KHTML, like Gecko) Cypress/15.8.1 Chrome/138.0.7204.251 Electron/37.6.0 Safari/537.36"
[2026-06-26T16:03:08.625Z]  "GET /examples/app-features.js" "Mozilla/5.0 (X11; Linux x86_64) AppleWebKit/537.36 (KHTML, like Gecko) Cypress/15.8.1 Chrome/138.0.7204.251 Electron/37.6.0 Safari/537.36"
[2026-06-26T16:03:08.626Z]  "GET /examples/app-interactions.js" "Mozilla/5.0 (X11; Linux x86_64) AppleWebKit/537.36 (KHTML, like Gecko) Cypress/15.8.1 Chrome/138.0.7204.251 Electron/37.6.0 Safari/537.36"
[2026-06-26T16:03:08.628Z]  "GET /examples/youtube-upload.js" "Mozilla/5.0 (X11; Linux x86_64) AppleWebKit/537.36 (KHTML, like Gecko) Cypress/15.8.1 Chrome/138.0.7204.251 Electron/37.6.0 Safari/537.36"
[2026-06-26T16:03:08.659Z]  "GET /examples/pipeline.js" "Mozilla/5.0 (X11; Linux x86_64) AppleWebKit/537.36 (KHTML, like Gecko) Cypress/15.8.1 Chrome/138.0.7204.251 Electron/37.6.0 Safari/537.36"
[2026-06-26T16:03:09.996Z]  "GET /examples/index.html" "Mozilla/5.0 (X11; Linux x86_64) AppleWebKit/537.36 (KHTML, like Gecko) Cypress/15.8.1 Chrome/138.0.7204.251 Electron/37.6.0 Safari/537.36"
[2026-06-26T16:03:10.059Z]  "GET /examples/styles.css" "Mozilla/5.0 (X11; Linux x86_64) AppleWebKit/537.36 (KHTML, like Gecko) Cypress/15.8.1 Chrome/138.0.7204.251 Electron/37.6.0 Safari/537.36"
[2026-06-26T16:03:10.065Z]  "GET /dist/audio-recorder-visualization.umd.js" "Mozilla/5.0 (X11; Linux x86_64) AppleWebKit/537.36 (KHTML, like Gecko) Cypress/15.8.1 Chrome/138.0.7204.251 Electron/37.6.0 Safari/537.36"
[2026-06-26T16:03:10.070Z]  "GET /examples/app-core.js" "Mozilla/5.0 (X11; Linux x86_64) AppleWebKit/537.36 (KHTML, like Gecko) Cypress/15.8.1 Chrome/138.0.7204.251 Electron/37.6.0 Safari/537.36"
[2026-06-26T16:03:10.071Z]  "GET /examples/app-features.js" "Mozilla/5.0 (X11; Linux x86_64) AppleWebKit/537.36 (KHTML, like Gecko) Cypress/15.8.1 Chrome/138.0.7204.251 Electron/37.6.0 Safari/537.36"
[2026-06-26T16:03:10.072Z]  "GET /examples/app-interactions.js" "Mozilla/5.0 (X11; Linux x86_64) AppleWebKit/537.36 (KHTML, like Gecko) Cypress/15.8.1 Chrome/138.0.7204.251 Electron/37.6.0 Safari/537.36"
[2026-06-26T16:03:10.083Z]  "GET /examples/youtube-upload.js" "Mozilla/5.0 (X11; Linux x86_64) AppleWebKit/537.36 (KHTML, like Gecko) Cypress/15.8.1 Chrome/138.0.7204.251 Electron/37.6.0 Safari/537.36"
[2026-06-26T16:03:10.113Z]  "GET /examples/pipeline.js" "Mozilla/5.0 (X11; Linux x86_64) AppleWebKit/537.36 (KHTML, like Gecko) Cypress/15.8.1 Chrome/138.0.7204.251 Electron/37.6.0 Safari/537.36"
[2026-06-26T16:03:11.660Z]  "GET /examples/index.html" "Mozilla/5.0 (X11; Linux x86_64) AppleWebKit/537.36 (KHTML, like Gecko) Cypress/15.8.1 Chrome/138.0.7204.251 Electron/37.6.0 Safari/537.36"
[2026-06-26T16:03:11.720Z]  "GET /examples/styles.css" "Mozilla/5.0 (X11; Linux x86_64) AppleWebKit/537.36 (KHTML, like Gecko) Cypress/15.8.1 Chrome/138.0.7204.251 Electron/37.6.0 Safari/537.36"
[2026-06-26T16:03:11.727Z]  "GET /dist/audio-recorder-visualization.umd.js" "Mozilla/5.0 (X11; Linux x86_64) AppleWebKit/537.36 (KHTML, like Gecko) Cypress/15.8.1 Chrome/138.0.7204.251 Electron/37.6.0 Safari/537.36"
[2026-06-26T16:03:11.727Z]  "GET /examples/app-core.js" "Mozilla/5.0 (X11; Linux x86_64) AppleWebKit/537.36 (KHTML, like Gecko) Cypress/15.8.1 Chrome/138.0.7204.251 Electron/37.6.0 Safari/537.36"
[2026-06-26T16:03:11.729Z]  "GET /examples/app-features.js" "Mozilla/5.0 (X11; Linux x86_64) AppleWebKit/537.36 (KHTML, like Gecko) Cypress/15.8.1 Chrome/138.0.7204.251 Electron/37.6.0 Safari/537.36"
[2026-06-26T16:03:11.729Z]  "GET /examples/app-interactions.js" "Mozilla/5.0 (X11; Linux x86_64) AppleWebKit/537.36 (KHTML, like Gecko) Cypress/15.8.1 Chrome/138.0.7204.251 Electron/37.6.0 Safari/537.36"
[2026-06-26T16:03:11.731Z]  "GET /examples/youtube-upload.js" "Mozilla/5.0 (X11; Linux x86_64) AppleWebKit/537.36 (KHTML, like Gecko) Cypress/15.8.1 Chrome/138.0.7204.251 Electron/37.6.0 Safari/537.36"
[2026-06-26T16:03:11.770Z]  "GET /examples/pipeline.js" "Mozilla/5.0 (X11; Linux x86_64) AppleWebKit/537.36 (KHTML, like Gecko) Cypress/15.8.1 Chrome/138.0.7204.251 Electron/37.6.0 Safari/537.36"
[2026-06-26T16:03:12.900Z]  "GET /examples/index.html" "Mozilla/5.0 (X11; Linux x86_64) AppleWebKit/537.36 (KHTML, like Gecko) Cypress/15.8.1 Chrome/138.0.7204.251 Electron/37.6.0 Safari/537.36"
[2026-06-26T16:03:12.957Z]  "GET /examples/styles.css" "Mozilla/5.0 (X11; Linux x86_64) AppleWebKit/537.36 (KHTML, like Gecko) Cypress/15.8.1 Chrome/138.0.7204.251 Electron/37.6.0 Safari/537.36"
[2026-06-26T16:03:12.962Z]  "GET /dist/audio-recorder-visualization.umd.js" "Mozilla/5.0 (X11; Linux x86_64) AppleWebKit/537.36 (KHTML, like Gecko) Cypress/15.8.1 Chrome/138.0.7204.251 Electron/37.6.0 Safari/537.36"
[2026-06-26T16:03:12.964Z]  "GET /examples/app-core.js" "Mozilla/5.0 (X11; Linux x86_64) AppleWebKit/537.36 (KHTML, like Gecko) Cypress/15.8.1 Chrome/138.0.7204.251 Electron/37.6.0 Safari/537.36"
[2026-06-26T16:03:12.965Z]  "GET /examples/app-features.js" "Mozilla/5.0 (X11; Linux x86_64) AppleWebKit/537.36 (KHTML, like Gecko) Cypress/15.8.1 Chrome/138.0.7204.251 Electron/37.6.0 Safari/537.36"
[2026-06-26T16:03:12.966Z]  "GET /examples/app-interactions.js" "Mozilla/5.0 (X11; Linux x86_64) AppleWebKit/537.36 (KHTML, like Gecko) Cypress/15.8.1 Chrome/138.0.7204.251 Electron/37.6.0 Safari/537.36"
[2026-06-26T16:03:12.989Z]  "GET /examples/youtube-upload.js" "Mozilla/5.0 (X11; Linux x86_64) AppleWebKit/537.36 (KHTML, like Gecko) Cypress/15.8.1 Chrome/138.0.7204.251 Electron/37.6.0 Safari/537.36"
[2026-06-26T16:03:13.003Z]  "GET /examples/pipeline.js" "Mozilla/5.0 (X11; Linux x86_64) AppleWebKit/537.36 (KHTML, like Gecko) Cypress/15.8.1 Chrome/138.0.7204.251 Electron/37.6.0 Safari/537.36"
[2026-06-26T16:03:13.914Z]  "GET /examples/index.html" "Mozilla/5.0 (X11; Linux x86_64) AppleWebKit/537.36 (KHTML, like Gecko) Cypress/15.8.1 Chrome/138.0.7204.251 Electron/37.6.0 Safari/537.36"
[2026-06-26T16:03:13.964Z]  "GET /examples/styles.css" "Mozilla/5.0 (X11; Linux x86_64) AppleWebKit/537.36 (KHTML, like Gecko) Cypress/15.8.1 Chrome/138.0.7204.251 Electron/37.6.0 Safari/537.36"
[2026-06-26T16:03:13.967Z]  "GET /dist/audio-recorder-visualization.umd.js" "Mozilla/5.0 (X11; Linux x86_64) AppleWebKit/537.36 (KHTML, like Gecko) Cypress/15.8.1 Chrome/138.0.7204.251 Electron/37.6.0 Safari/537.36"
[2026-06-26T16:03:13.969Z]  "GET /examples/app-core.js" "Mozilla/5.0 (X11; Linux x86_64) AppleWebKit/537.36 (KHTML, like Gecko) Cypress/15.8.1 Chrome/138.0.7204.251 Electron/37.6.0 Safari/537.36"
[2026-06-26T16:03:13.972Z]  "GET /examples/app-features.js" "Mozilla/5.0 (X11; Linux x86_64) AppleWebKit/537.36 (KHTML, like Gecko) Cypress/15.8.1 Chrome/138.0.7204.251 Electron/37.6.0 Safari/537.36"
[2026-06-26T16:03:13.972Z]  "GET /examples/app-interactions.js" "Mozilla/5.0 (X11; Linux x86_64) AppleWebKit/537.36 (KHTML, like Gecko) Cypress/15.8.1 Chrome/138.0.7204.251 Electron/37.6.0 Safari/537.36"
[2026-06-26T16:03:13.974Z]  "GET /examples/youtube-upload.js" "Mozilla/5.0 (X11; Linux x86_64) AppleWebKit/537.36 (KHTML, like Gecko) Cypress/15.8.1 Chrome/138.0.7204.251 Electron/37.6.0 Safari/537.36"
[2026-06-26T16:03:14.024Z]  "GET /examples/pipeline.js" "Mozilla/5.0 (X11; Linux x86_64) AppleWebKit/537.36 (KHTML, like Gecko) Cypress/15.8.1 Chrome/138.0.7204.251 Electron/37.6.0 Safari/537.36"
[2026-06-26T16:03:14.181Z]  "GET /examples/index.html" "Mozilla/5.0 (X11; Linux x86_64) AppleWebKit/537.36 (KHTML, like Gecko) Cypress/15.8.1 Chrome/138.0.7204.251 Electron/37.6.0 Safari/537.36"
[2026-06-26T16:03:14.274Z]  "GET /examples/styles.css" "Mozilla/5.0 (X11; Linux x86_64) AppleWebKit/537.36 (KHTML, like Gecko) Cypress/15.8.1 Chrome/138.0.7204.251 Electron/37.6.0 Safari/537.36"
[2026-06-26T16:03:14.284Z]  "GET /dist/audio-recorder-visualization.umd.js" "Mozilla/5.0 (X11; Linux x86_64) AppleWebKit/537.36 (KHTML, like Gecko) Cypress/15.8.1 Chrome/138.0.7204.251 Electron/37.6.0 Safari/537.36"
[2026-06-26T16:03:14.284Z]  "GET /examples/app-core.js" "Mozilla/5.0 (X11; Linux x86_64) AppleWebKit/537.36 (KHTML, like Gecko) Cypress/15.8.1 Chrome/138.0.7204.251 Electron/37.6.0 Safari/537.36"
[2026-06-26T16:03:14.292Z]  "GET /examples/app-features.js" "Mozilla/5.0 (X11; Linux x86_64) AppleWebKit/537.36 (KHTML, like Gecko) Cypress/15.8.1 Chrome/138.0.7204.251 Electron/37.6.0 Safari/537.36"
[2026-06-26T16:03:14.293Z]  "GET /examples/app-interactions.js" "Mozilla/5.0 (X11; Linux x86_64) AppleWebKit/537.36 (KHTML, like Gecko) Cypress/15.8.1 Chrome/138.0.7204.251 Electron/37.6.0 Safari/537.36"
[2026-06-26T16:03:14.296Z]  "GET /examples/youtube-upload.js" "Mozilla/5.0 (X11; Linux x86_64) AppleWebKit/537.36 (KHTML, like Gecko) Cypress/15.8.1 Chrome/138.0.7204.251 Electron/37.6.0 Safari/537.36"
[2026-06-26T16:03:14.351Z]  "GET /examples/pipeline.js" "Mozilla/5.0 (X11; Linux x86_64) AppleWebKit/537.36 (KHTML, like Gecko) Cypress/15.8.1 Chrome/138.0.7204.251 Electron/37.6.0 Safari/537.36"
[2026-06-26T16:03:16.965Z]  "GET /examples/index.html" "Mozilla/5.0 (X11; Linux x86_64) AppleWebKit/537.36 (KHTML, like Gecko) Cypress/15.8.1 Chrome/138.0.7204.251 Electron/37.6.0 Safari/537.36"
[2026-06-26T16:03:17.035Z]  "GET /examples/styles.css" "Mozilla/5.0 (X11; Linux x86_64) AppleWebKit/537.36 (KHTML, like Gecko) Cypress/15.8.1 Chrome/138.0.7204.251 Electron/37.6.0 Safari/537.36"
[2026-06-26T16:03:17.041Z]  "GET /dist/audio-recorder-visualization.umd.js" "Mozilla/5.0 (X11; Linux x86_64) AppleWebKit/537.36 (KHTML, like Gecko) Cypress/15.8.1 Chrome/138.0.7204.251 Electron/37.6.0 Safari/537.36"
[2026-06-26T16:03:17.043Z]  "GET /examples/app-core.js" "Mozilla/5.0 (X11; Linux x86_64) AppleWebKit/537.36 (KHTML, like Gecko) Cypress/15.8.1 Chrome/138.0.7204.251 Electron/37.6.0 Safari/537.36"
[2026-06-26T16:03:17.044Z]  "GET /examples/app-features.js" "Mozilla/5.0 (X11; Linux x86_64) AppleWebKit/537.36 (KHTML, like Gecko) Cypress/15.8.1 Chrome/138.0.7204.251 Electron/37.6.0 Safari/537.36"
[2026-06-26T16:03:17.045Z]  "GET /examples/app-interactions.js" "Mozilla/5.0 (X11; Linux x86_64) AppleWebKit/537.36 (KHTML, like Gecko) Cypress/15.8.1 Chrome/138.0.7204.251 Electron/37.6.0 Safari/537.36"
[2026-06-26T16:03:17.046Z]  "GET /examples/youtube-upload.js" "Mozilla/5.0 (X11; Linux x86_64) AppleWebKit/537.36 (KHTML, like Gecko) Cypress/15.8.1 Chrome/138.0.7204.251 Electron/37.6.0 Safari/537.36"
[2026-06-26T16:03:17.080Z]  "GET /examples/pipeline.js" "Mozilla/5.0 (X11; Linux x86_64) AppleWebKit/537.36 (KHTML, like Gecko) Cypress/15.8.1 Chrome/138.0.7204.251 Electron/37.6.0 Safari/537.36"
[2026-06-26T16:03:18.211Z]  "GET /examples/index.html" "Mozilla/5.0 (X11; Linux x86_64) AppleWebKit/537.36 (KHTML, like Gecko) Cypress/15.8.1 Chrome/138.0.7204.251 Electron/37.6.0 Safari/537.36"
[2026-06-26T16:03:18.259Z]  "GET /examples/styles.css" "Mozilla/5.0 (X11; Linux x86_64) AppleWebKit/537.36 (KHTML, like Gecko) Cypress/15.8.1 Chrome/138.0.7204.251 Electron/37.6.0 Safari/537.36"
[2026-06-26T16:03:18.260Z]  "GET /dist/audio-recorder-visualization.umd.js" "Mozilla/5.0 (X11; Linux x86_64) AppleWebKit/537.36 (KHTML, like Gecko) Cypress/15.8.1 Chrome/138.0.7204.251 Electron/37.6.0 Safari/537.36"
[2026-06-26T16:03:18.266Z]  "GET /examples/app-core.js" "Mozilla/5.0 (X11; Linux x86_64) AppleWebKit/537.36 (KHTML, like Gecko) Cypress/15.8.1 Chrome/138.0.7204.251 Electron/37.6.0 Safari/537.36"
[2026-06-26T16:03:18.266Z]  "GET /examples/app-features.js" "Mozilla/5.0 (X11; Linux x86_64) AppleWebKit/537.36 (KHTML, like Gecko) Cypress/15.8.1 Chrome/138.0.7204.251 Electron/37.6.0 Safari/537.36"
[2026-06-26T16:03:18.272Z]  "GET /examples/app-interactions.js" "Mozilla/5.0 (X11; Linux x86_64) AppleWebKit/537.36 (KHTML, like Gecko) Cypress/15.8.1 Chrome/138.0.7204.251 Electron/37.6.0 Safari/537.36"
[2026-06-26T16:03:18.272Z]  "GET /examples/youtube-upload.js" "Mozilla/5.0 (X11; Linux x86_64) AppleWebKit/537.36 (KHTML, like Gecko) Cypress/15.8.1 Chrome/138.0.7204.251 Electron/37.6.0 Safari/537.36"
[2026-06-26T16:03:18.320Z]  "GET /examples/pipeline.js" "Mozilla/5.0 (X11; Linux x86_64) AppleWebKit/537.36 (KHTML, like Gecko) Cypress/15.8.1 Chrome/138.0.7204.251 Electron/37.6.0 Safari/537.36"
[2026-06-26T16:03:19.133Z]  "GET /examples/index.html" "Mozilla/5.0 (X11; Linux x86_64) AppleWebKit/537.36 (KHTML, like Gecko) Cypress/15.8.1 Chrome/138.0.7204.251 Electron/37.6.0 Safari/537.36"
[2026-06-26T16:03:19.180Z]  "GET /examples/styles.css" "Mozilla/5.0 (X11; Linux x86_64) AppleWebKit/537.36 (KHTML, like Gecko) Cypress/15.8.1 Chrome/138.0.7204.251 Electron/37.6.0 Safari/537.36"
[2026-06-26T16:03:19.181Z]  "GET /dist/audio-recorder-visualization.umd.js" "Mozilla/5.0 (X11; Linux x86_64) AppleWebKit/537.36 (KHTML, like Gecko) Cypress/15.8.1 Chrome/138.0.7204.251 Electron/37.6.0 Safari/537.36"
[2026-06-26T16:03:19.182Z]  "GET /examples/app-core.js" "Mozilla/5.0 (X11; Linux x86_64) AppleWebKit/537.36 (KHTML, like Gecko) Cypress/15.8.1 Chrome/138.0.7204.251 Electron/37.6.0 Safari/537.36"
[2026-06-26T16:03:19.183Z]  "GET /examples/app-features.js" "Mozilla/5.0 (X11; Linux x86_64) AppleWebKit/537.36 (KHTML, like Gecko) Cypress/15.8.1 Chrome/138.0.7204.251 Electron/37.6.0 Safari/537.36"
[2026-06-26T16:03:19.186Z]  "GET /examples/app-interactions.js" "Mozilla/5.0 (X11; Linux x86_64) AppleWebKit/537.36 (KHTML, like Gecko) Cypress/15.8.1 Chrome/138.0.7204.251 Electron/37.6.0 Safari/537.36"
[2026-06-26T16:03:19.187Z]  "GET /examples/youtube-upload.js" "Mozilla/5.0 (X11; Linux x86_64) AppleWebKit/537.36 (KHTML, like Gecko) Cypress/15.8.1 Chrome/138.0.7204.251 Electron/37.6.0 Safari/537.36"
[2026-06-26T16:03:19.210Z]  "GET /examples/pipeline.js" "Mozilla/5.0 (X11; Linux x86_64) AppleWebKit/537.36 (KHTML, like Gecko) Cypress/15.8.1 Chrome/138.0.7204.251 Electron/37.6.0 Safari/537.36"
[2026-06-26T16:03:19.322Z]  "GET /examples/index.html" "Mozilla/5.0 (X11; Linux x86_64) AppleWebKit/537.36 (KHTML, like Gecko) Cypress/15.8.1 Chrome/138.0.7204.251 Electron/37.6.0 Safari/537.36"
[2026-06-26T16:03:19.402Z]  "GET /examples/styles.css" "Mozilla/5.0 (X11; Linux x86_64) AppleWebKit/537.36 (KHTML, like Gecko) Cypress/15.8.1 Chrome/138.0.7204.251 Electron/37.6.0 Safari/537.36"
[2026-06-26T16:03:19.404Z]  "GET /dist/audio-recorder-visualization.umd.js" "Mozilla/5.0 (X11; Linux x86_64) AppleWebKit/537.36 (KHTML, like Gecko) Cypress/15.8.1 Chrome/138.0.7204.251 Electron/37.6.0 Safari/537.36"
[2026-06-26T16:03:19.405Z]  "GET /examples/app-core.js" "Mozilla/5.0 (X11; Linux x86_64) AppleWebKit/537.36 (KHTML, like Gecko) Cypress/15.8.1 Chrome/138.0.7204.251 Electron/37.6.0 Safari/537.36"
[2026-06-26T16:03:19.409Z]  "GET /examples/app-features.js" "Mozilla/5.0 (X11; Linux x86_64) AppleWebKit/537.36 (KHTML, like Gecko) Cypress/15.8.1 Chrome/138.0.7204.251 Electron/37.6.0 Safari/537.36"
[2026-06-26T16:03:19.409Z]  "GET /examples/app-interactions.js" "Mozilla/5.0 (X11; Linux x86_64) AppleWebKit/537.36 (KHTML, like Gecko) Cypress/15.8.1 Chrome/138.0.7204.251 Electron/37.6.0 Safari/537.36"
[2026-06-26T16:03:19.410Z]  "GET /examples/youtube-upload.js" "Mozilla/5.0 (X11; Linux x86_64) AppleWebKit/537.36 (KHTML, like Gecko) Cypress/15.8.1 Chrome/138.0.7204.251 Electron/37.6.0 Safari/537.36"
[2026-06-26T16:03:19.462Z]  "GET /examples/pipeline.js" "Mozilla/5.0 (X11; Linux x86_64) AppleWebKit/537.36 (KHTML, like Gecko) Cypress/15.8.1 Chrome/138.0.7204.251 Electron/37.6.0 Safari/537.36"
[2026-06-26T16:03:24.877Z]  "GET /examples/index.html" "Mozilla/5.0 (X11; Linux x86_64) AppleWebKit/537.36 (KHTML, like Gecko) Cypress/15.8.1 Chrome/138.0.7204.251 Electron/37.6.0 Safari/537.36"
[2026-06-26T16:03:24.923Z]  "GET /examples/styles.css" "Mozilla/5.0 (X11; Linux x86_64) AppleWebKit/537.36 (KHTML, like Gecko) Cypress/15.8.1 Chrome/138.0.7204.251 Electron/37.6.0 Safari/537.36"
[2026-06-26T16:03:24.927Z]  "GET /dist/audio-recorder-visualization.umd.js" "Mozilla/5.0 (X11; Linux x86_64) AppleWebKit/537.36 (KHTML, like Gecko) Cypress/15.8.1 Chrome/138.0.7204.251 Electron/37.6.0 Safari/537.36"
[2026-06-26T16:03:24.930Z]  "GET /examples/app-core.js" "Mozilla/5.0 (X11; Linux x86_64) AppleWebKit/537.36 (KHTML, like Gecko) Cypress/15.8.1 Chrome/138.0.7204.251 Electron/37.6.0 Safari/537.36"
[2026-06-26T16:03:24.931Z]  "GET /examples/app-features.js" "Mozilla/5.0 (X11; Linux x86_64) AppleWebKit/537.36 (KHTML, like Gecko) Cypress/15.8.1 Chrome/138.0.7204.251 Electron/37.6.0 Safari/537.36"
[2026-06-26T16:03:24.932Z]  "GET /examples/app-interactions.js" "Mozilla/5.0 (X11; Linux x86_64) AppleWebKit/537.36 (KHTML, like Gecko) Cypress/15.8.1 Chrome/138.0.7204.251 Electron/37.6.0 Safari/537.36"
[2026-06-26T16:03:24.933Z]  "GET /examples/youtube-upload.js" "Mozilla/5.0 (X11; Linux x86_64) AppleWebKit/537.36 (KHTML, like Gecko) Cypress/15.8.1 Chrome/138.0.7204.251 Electron/37.6.0 Safari/537.36"
[2026-06-26T16:03:24.969Z]  "GET /examples/pipeline.js" "Mozilla/5.0 (X11; Linux x86_64) AppleWebKit/537.36 (KHTML, like Gecko) Cypress/15.8.1 Chrome/138.0.7204.251 Electron/37.6.0 Safari/537.36"
[2026-06-26T16:03:25.874Z]  "GET /examples/index.html" "Mozilla/5.0 (X11; Linux x86_64) AppleWebKit/537.36 (KHTML, like Gecko) Cypress/15.8.1 Chrome/138.0.7204.251 Electron/37.6.0 Safari/537.36"
[2026-06-26T16:03:25.908Z]  "GET /examples/styles.css" "Mozilla/5.0 (X11; Linux x86_64) AppleWebKit/537.36 (KHTML, like Gecko) Cypress/15.8.1 Chrome/138.0.7204.251 Electron/37.6.0 Safari/537.36"
[2026-06-26T16:03:25.910Z]  "GET /dist/audio-recorder-visualization.umd.js" "Mozilla/5.0 (X11; Linux x86_64) AppleWebKit/537.36 (KHTML, like Gecko) Cypress/15.8.1 Chrome/138.0.7204.251 Electron/37.6.0 Safari/537.36"
[2026-06-26T16:03:25.911Z]  "GET /examples/app-core.js" "Mozilla/5.0 (X11; Linux x86_64) AppleWebKit/537.36 (KHTML, like Gecko) Cypress/15.8.1 Chrome/138.0.7204.251 Electron/37.6.0 Safari/537.36"
[2026-06-26T16:03:25.912Z]  "GET /examples/app-features.js" "Mozilla/5.0 (X11; Linux x86_64) AppleWebKit/537.36 (KHTML, like Gecko) Cypress/15.8.1 Chrome/138.0.7204.251 Electron/37.6.0 Safari/537.36"
[2026-06-26T16:03:25.913Z]  "GET /examples/app-interactions.js" "Mozilla/5.0 (X11; Linux x86_64) AppleWebKit/537.36 (KHTML, like Gecko) Cypress/15.8.1 Chrome/138.0.7204.251 Electron/37.6.0 Safari/537.36"
[2026-06-26T16:03:25.917Z]  "GET /examples/youtube-upload.js" "Mozilla/5.0 (X11; Linux x86_64) AppleWebKit/537.36 (KHTML, like Gecko) Cypress/15.8.1 Chrome/138.0.7204.251 Electron/37.6.0 Safari/537.36"
[2026-06-26T16:03:25.949Z]  "GET /examples/pipeline.js" "Mozilla/5.0 (X11; Linux x86_64) AppleWebKit/537.36 (KHTML, like Gecko) Cypress/15.8.1 Chrome/138.0.7204.251 Electron/37.6.0 Safari/537.36"
[2026-06-26T16:03:26.768Z]  "GET /examples/index.html" "Mozilla/5.0 (X11; Linux x86_64) AppleWebKit/537.36 (KHTML, like Gecko) Cypress/15.8.1 Chrome/138.0.7204.251 Electron/37.6.0 Safari/537.36"
[2026-06-26T16:03:26.804Z]  "GET /examples/styles.css" "Mozilla/5.0 (X11; Linux x86_64) AppleWebKit/537.36 (KHTML, like Gecko) Cypress/15.8.1 Chrome/138.0.7204.251 Electron/37.6.0 Safari/537.36"
[2026-06-26T16:03:26.807Z]  "GET /dist/audio-recorder-visualization.umd.js" "Mozilla/5.0 (X11; Linux x86_64) AppleWebKit/537.36 (KHTML, like Gecko) Cypress/15.8.1 Chrome/138.0.7204.251 Electron/37.6.0 Safari/537.36"
[2026-06-26T16:03:26.808Z]  "GET /examples/app-core.js" "Mozilla/5.0 (X11; Linux x86_64) AppleWebKit/537.36 (KHTML, like Gecko) Cypress/15.8.1 Chrome/138.0.7204.251 Electron/37.6.0 Safari/537.36"
[2026-06-26T16:03:26.810Z]  "GET /examples/app-features.js" "Mozilla/5.0 (X11; Linux x86_64) AppleWebKit/537.36 (KHTML, like Gecko) Cypress/15.8.1 Chrome/138.0.7204.251 Electron/37.6.0 Safari/537.36"
[2026-06-26T16:03:26.811Z]  "GET /examples/app-interactions.js" "Mozilla/5.0 (X11; Linux x86_64) AppleWebKit/537.36 (KHTML, like Gecko) Cypress/15.8.1 Chrome/138.0.7204.251 Electron/37.6.0 Safari/537.36"
[2026-06-26T16:03:26.814Z]  "GET /examples/youtube-upload.js" "Mozilla/5.0 (X11; Linux x86_64) AppleWebKit/537.36 (KHTML, like Gecko) Cypress/15.8.1 Chrome/138.0.7204.251 Electron/37.6.0 Safari/537.36"
[2026-06-26T16:03:26.843Z]  "GET /examples/pipeline.js" "Mozilla/5.0 (X11; Linux x86_64) AppleWebKit/537.36 (KHTML, like Gecko) Cypress/15.8.1 Chrome/138.0.7204.251 Electron/37.6.0 Safari/537.36"
[2026-06-26T16:03:26.945Z]  "GET /examples/index.html" "Mozilla/5.0 (X11; Linux x86_64) AppleWebKit/537.36 (KHTML, like Gecko) Cypress/15.8.1 Chrome/138.0.7204.251 Electron/37.6.0 Safari/537.36"
[2026-06-26T16:03:27.038Z]  "GET /examples/styles.css" "Mozilla/5.0 (X11; Linux x86_64) AppleWebKit/537.36 (KHTML, like Gecko) Cypress/15.8.1 Chrome/138.0.7204.251 Electron/37.6.0 Safari/537.36"
[2026-06-26T16:03:27.040Z]  "GET /dist/audio-recorder-visualization.umd.js" "Mozilla/5.0 (X11; Linux x86_64) AppleWebKit/537.36 (KHTML, like Gecko) Cypress/15.8.1 Chrome/138.0.7204.251 Electron/37.6.0 Safari/537.36"
[2026-06-26T16:03:27.041Z]  "GET /examples/app-core.js" "Mozilla/5.0 (X11; Linux x86_64) AppleWebKit/537.36 (KHTML, like Gecko) Cypress/15.8.1 Chrome/138.0.7204.251 Electron/37.6.0 Safari/537.36"
[2026-06-26T16:03:27.042Z]  "GET /examples/app-features.js" "Mozilla/5.0 (X11; Linux x86_64) AppleWebKit/537.36 (KHTML, like Gecko) Cypress/15.8.1 Chrome/138.0.7204.251 Electron/37.6.0 Safari/537.36"
[2026-06-26T16:03:27.043Z]  "GET /examples/app-interactions.js" "Mozilla/5.0 (X11; Linux x86_64) AppleWebKit/537.36 (KHTML, like Gecko) Cypress/15.8.1 Chrome/138.0.7204.251 Electron/37.6.0 Safari/537.36"
[2026-06-26T16:03:27.044Z]  "GET /examples/youtube-upload.js" "Mozilla/5.0 (X11; Linux x86_64) AppleWebKit/537.36 (KHTML, like Gecko) Cypress/15.8.1 Chrome/138.0.7204.251 Electron/37.6.0 Safari/537.36"
[2026-06-26T16:03:27.074Z]  "GET /examples/pipeline.js" "Mozilla/5.0 (X11; Linux x86_64) AppleWebKit/537.36 (KHTML, like Gecko) Cypress/15.8.1 Chrome/138.0.7204.251 Electron/37.6.0 Safari/537.36"
[2026-06-26T16:03:28.157Z]  "GET /examples/index.html" "Mozilla/5.0 (X11; Linux x86_64) AppleWebKit/537.36 (KHTML, like Gecko) Cypress/15.8.1 Chrome/138.0.7204.251 Electron/37.6.0 Safari/537.36"
[2026-06-26T16:03:28.192Z]  "GET /examples/styles.css" "Mozilla/5.0 (X11; Linux x86_64) AppleWebKit/537.36 (KHTML, like Gecko) Cypress/15.8.1 Chrome/138.0.7204.251 Electron/37.6.0 Safari/537.36"
[2026-06-26T16:03:28.196Z]  "GET /dist/audio-recorder-visualization.umd.js" "Mozilla/5.0 (X11; Linux x86_64) AppleWebKit/537.36 (KHTML, like Gecko) Cypress/15.8.1 Chrome/138.0.7204.251 Electron/37.6.0 Safari/537.36"
[2026-06-26T16:03:28.202Z]  "GET /examples/app-core.js" "Mozilla/5.0 (X11; Linux x86_64) AppleWebKit/537.36 (KHTML, like Gecko) Cypress/15.8.1 Chrome/138.0.7204.251 Electron/37.6.0 Safari/537.36"
[2026-06-26T16:03:28.207Z]  "GET /examples/app-features.js" "Mozilla/5.0 (X11; Linux x86_64) AppleWebKit/537.36 (KHTML, like Gecko) Cypress/15.8.1 Chrome/138.0.7204.251 Electron/37.6.0 Safari/537.36"
[2026-06-26T16:03:28.208Z]  "GET /examples/app-interactions.js" "Mozilla/5.0 (X11; Linux x86_64) AppleWebKit/537.36 (KHTML, like Gecko) Cypress/15.8.1 Chrome/138.0.7204.251 Electron/37.6.0 Safari/537.36"
[2026-06-26T16:03:28.208Z]  "GET /examples/youtube-upload.js" "Mozilla/5.0 (X11; Linux x86_64) AppleWebKit/537.36 (KHTML, like Gecko) Cypress/15.8.1 Chrome/138.0.7204.251 Electron/37.6.0 Safari/537.36"
[2026-06-26T16:03:28.245Z]  "GET /examples/pipeline.js" "Mozilla/5.0 (X11; Linux x86_64) AppleWebKit/537.36 (KHTML, like Gecko) Cypress/15.8.1 Chrome/138.0.7204.251 Electron/37.6.0 Safari/537.36"
[2026-06-26T16:03:29.544Z]  "GET /examples/index.html" "Mozilla/5.0 (X11; Linux x86_64) AppleWebKit/537.36 (KHTML, like Gecko) Cypress/15.8.1 Chrome/138.0.7204.251 Electron/37.6.0 Safari/537.36"
[2026-06-26T16:03:29.602Z]  "GET /examples/styles.css" "Mozilla/5.0 (X11; Linux x86_64) AppleWebKit/537.36 (KHTML, like Gecko) Cypress/15.8.1 Chrome/138.0.7204.251 Electron/37.6.0 Safari/537.36"
[2026-06-26T16:03:29.609Z]  "GET /dist/audio-recorder-visualization.umd.js" "Mozilla/5.0 (X11; Linux x86_64) AppleWebKit/537.36 (KHTML, like Gecko) Cypress/15.8.1 Chrome/138.0.7204.251 Electron/37.6.0 Safari/537.36"
[2026-06-26T16:03:29.611Z]  "GET /examples/app-core.js" "Mozilla/5.0 (X11; Linux x86_64) AppleWebKit/537.36 (KHTML, like Gecko) Cypress/15.8.1 Chrome/138.0.7204.251 Electron/37.6.0 Safari/537.36"
[2026-06-26T16:03:29.612Z]  "GET /examples/app-features.js" "Mozilla/5.0 (X11; Linux x86_64) AppleWebKit/537.36 (KHTML, like Gecko) Cypress/15.8.1 Chrome/138.0.7204.251 Electron/37.6.0 Safari/537.36"
[2026-06-26T16:03:29.613Z]  "GET /examples/app-interactions.js" "Mozilla/5.0 (X11; Linux x86_64) AppleWebKit/537.36 (KHTML, like Gecko) Cypress/15.8.1 Chrome/138.0.7204.251 Electron/37.6.0 Safari/537.36"
[2026-06-26T16:03:29.615Z]  "GET /examples/youtube-upload.js" "Mozilla/5.0 (X11; Linux x86_64) AppleWebKit/537.36 (KHTML, like Gecko) Cypress/15.8.1 Chrome/138.0.7204.251 Electron/37.6.0 Safari/537.36"
[2026-06-26T16:03:29.677Z]  "GET /examples/pipeline.js" "Mozilla/5.0 (X11; Linux x86_64) AppleWebKit/537.36 (KHTML, like Gecko) Cypress/15.8.1 Chrome/138.0.7204.251 Electron/37.6.0 Safari/537.36"
[2026-06-26T16:03:30.529Z]  "GET /examples/index.html" "Mozilla/5.0 (X11; Linux x86_64) AppleWebKit/537.36 (KHTML, like Gecko) Cypress/15.8.1 Chrome/138.0.7204.251 Electron/37.6.0 Safari/537.36"
[2026-06-26T16:03:30.563Z]  "GET /examples/styles.css" "Mozilla/5.0 (X11; Linux x86_64) AppleWebKit/537.36 (KHTML, like Gecko) Cypress/15.8.1 Chrome/138.0.7204.251 Electron/37.6.0 Safari/537.36"
[2026-06-26T16:03:30.569Z]  "GET /dist/audio-recorder-visualization.umd.js" "Mozilla/5.0 (X11; Linux x86_64) AppleWebKit/537.36 (KHTML, like Gecko) Cypress/15.8.1 Chrome/138.0.7204.251 Electron/37.6.0 Safari/537.36"
[2026-06-26T16:03:30.571Z]  "GET /examples/app-core.js" "Mozilla/5.0 (X11; Linux x86_64) AppleWebKit/537.36 (KHTML, like Gecko) Cypress/15.8.1 Chrome/138.0.7204.251 Electron/37.6.0 Safari/537.36"
[2026-06-26T16:03:30.578Z]  "GET /examples/app-features.js" "Mozilla/5.0 (X11; Linux x86_64) AppleWebKit/537.36 (KHTML, like Gecko) Cypress/15.8.1 Chrome/138.0.7204.251 Electron/37.6.0 Safari/537.36"
[2026-06-26T16:03:30.580Z]  "GET /examples/app-interactions.js" "Mozilla/5.0 (X11; Linux x86_64) AppleWebKit/537.36 (KHTML, like Gecko) Cypress/15.8.1 Chrome/138.0.7204.251 Electron/37.6.0 Safari/537.36"
[2026-06-26T16:03:30.581Z]  "GET /examples/youtube-upload.js" "Mozilla/5.0 (X11; Linux x86_64) AppleWebKit/537.36 (KHTML, like Gecko) Cypress/15.8.1 Chrome/138.0.7204.251 Electron/37.6.0 Safari/537.36"
[2026-06-26T16:03:30.623Z]  "GET /examples/pipeline.js" "Mozilla/5.0 (X11; Linux x86_64) AppleWebKit/537.36 (KHTML, like Gecko) Cypress/15.8.1 Chrome/138.0.7204.251 Electron/37.6.0 Safari/537.36"
[2026-06-26T16:03:30.727Z]  "GET /examples/index.html" "Mozilla/5.0 (X11; Linux x86_64) AppleWebKit/537.36 (KHTML, like Gecko) Cypress/15.8.1 Chrome/138.0.7204.251 Electron/37.6.0 Safari/537.36"
[2026-06-26T16:03:30.808Z]  "GET /examples/styles.css" "Mozilla/5.0 (X11; Linux x86_64) AppleWebKit/537.36 (KHTML, like Gecko) Cypress/15.8.1 Chrome/138.0.7204.251 Electron/37.6.0 Safari/537.36"
[2026-06-26T16:03:30.815Z]  "GET /dist/audio-recorder-visualization.umd.js" "Mozilla/5.0 (X11; Linux x86_64) AppleWebKit/537.36 (KHTML, like Gecko) Cypress/15.8.1 Chrome/138.0.7204.251 Electron/37.6.0 Safari/537.36"
[2026-06-26T16:03:30.816Z]  "GET /examples/app-core.js" "Mozilla/5.0 (X11; Linux x86_64) AppleWebKit/537.36 (KHTML, like Gecko) Cypress/15.8.1 Chrome/138.0.7204.251 Electron/37.6.0 Safari/537.36"
[2026-06-26T16:03:30.835Z]  "GET /examples/app-features.js" "Mozilla/5.0 (X11; Linux x86_64) AppleWebKit/537.36 (KHTML, like Gecko) Cypress/15.8.1 Chrome/138.0.7204.251 Electron/37.6.0 Safari/537.36"
[2026-06-26T16:03:30.836Z]  "GET /examples/app-interactions.js" "Mozilla/5.0 (X11; Linux x86_64) AppleWebKit/537.36 (KHTML, like Gecko) Cypress/15.8.1 Chrome/138.0.7204.251 Electron/37.6.0 Safari/537.36"
[2026-06-26T16:03:30.838Z]  "GET /examples/youtube-upload.js" "Mozilla/5.0 (X11; Linux x86_64) AppleWebKit/537.36 (KHTML, like Gecko) Cypress/15.8.1 Chrome/138.0.7204.251 Electron/37.6.0 Safari/537.36"
[2026-06-26T16:03:30.855Z]  "GET /examples/pipeline.js" "Mozilla/5.0 (X11; Linux x86_64) AppleWebKit/537.36 (KHTML, like Gecko) Cypress/15.8.1 Chrome/138.0.7204.251 Electron/37.6.0 Safari/537.36"
[2026-06-26T16:03:32.388Z]  "GET /examples/index.html" "Mozilla/5.0 (X11; Linux x86_64) AppleWebKit/537.36 (KHTML, like Gecko) Cypress/15.8.1 Chrome/138.0.7204.251 Electron/37.6.0 Safari/537.36"
[2026-06-26T16:03:32.464Z]  "GET /examples/styles.css" "Mozilla/5.0 (X11; Linux x86_64) AppleWebKit/537.36 (KHTML, like Gecko) Cypress/15.8.1 Chrome/138.0.7204.251 Electron/37.6.0 Safari/537.36"
[2026-06-26T16:03:32.472Z]  "GET /dist/audio-recorder-visualization.umd.js" "Mozilla/5.0 (X11; Linux x86_64) AppleWebKit/537.36 (KHTML, like Gecko) Cypress/15.8.1 Chrome/138.0.7204.251 Electron/37.6.0 Safari/537.36"
[2026-06-26T16:03:32.475Z]  "GET /examples/app-core.js" "Mozilla/5.0 (X11; Linux x86_64) AppleWebKit/537.36 (KHTML, like Gecko) Cypress/15.8.1 Chrome/138.0.7204.251 Electron/37.6.0 Safari/537.36"
[2026-06-26T16:03:32.477Z]  "GET /examples/app-features.js" "Mozilla/5.0 (X11; Linux x86_64) AppleWebKit/537.36 (KHTML, like Gecko) Cypress/15.8.1 Chrome/138.0.7204.251 Electron/37.6.0 Safari/537.36"
[2026-06-26T16:03:32.480Z]  "GET /examples/app-interactions.js" "Mozilla/5.0 (X11; Linux x86_64) AppleWebKit/537.36 (KHTML, like Gecko) Cypress/15.8.1 Chrome/138.0.7204.251 Electron/37.6.0 Safari/537.36"
[2026-06-26T16:03:32.480Z]  "GET /examples/youtube-upload.js" "Mozilla/5.0 (X11; Linux x86_64) AppleWebKit/537.36 (KHTML, like Gecko) Cypress/15.8.1 Chrome/138.0.7204.251 Electron/37.6.0 Safari/537.36"
[2026-06-26T16:03:32.532Z]  "GET /examples/pipeline.js" "Mozilla/5.0 (X11; Linux x86_64) AppleWebKit/537.36 (KHTML, like Gecko) Cypress/15.8.1 Chrome/138.0.7204.251 Electron/37.6.0 Safari/537.36"
[2026-06-26T16:03:33.610Z]  "GET /examples/index.html" "Mozilla/5.0 (X11; Linux x86_64) AppleWebKit/537.36 (KHTML, like Gecko) Cypress/15.8.1 Chrome/138.0.7204.251 Electron/37.6.0 Safari/537.36"
[2026-06-26T16:03:33.659Z]  "GET /examples/styles.css" "Mozilla/5.0 (X11; Linux x86_64) AppleWebKit/537.36 (KHTML, like Gecko) Cypress/15.8.1 Chrome/138.0.7204.251 Electron/37.6.0 Safari/537.36"
[2026-06-26T16:03:33.663Z]  "GET /dist/audio-recorder-visualization.umd.js" "Mozilla/5.0 (X11; Linux x86_64) AppleWebKit/537.36 (KHTML, like Gecko) Cypress/15.8.1 Chrome/138.0.7204.251 Electron/37.6.0 Safari/537.36"
[2026-06-26T16:03:33.664Z]  "GET /examples/app-core.js" "Mozilla/5.0 (X11; Linux x86_64) AppleWebKit/537.36 (KHTML, like Gecko) Cypress/15.8.1 Chrome/138.0.7204.251 Electron/37.6.0 Safari/537.36"
[2026-06-26T16:03:33.665Z]  "GET /examples/app-features.js" "Mozilla/5.0 (X11; Linux x86_64) AppleWebKit/537.36 (KHTML, like Gecko) Cypress/15.8.1 Chrome/138.0.7204.251 Electron/37.6.0 Safari/537.36"
[2026-06-26T16:03:33.669Z]  "GET /examples/app-interactions.js" "Mozilla/5.0 (X11; Linux x86_64) AppleWebKit/537.36 (KHTML, like Gecko) Cypress/15.8.1 Chrome/138.0.7204.251 Electron/37.6.0 Safari/537.36"
[2026-06-26T16:03:33.669Z]  "GET /examples/youtube-upload.js" "Mozilla/5.0 (X11; Linux x86_64) AppleWebKit/537.36 (KHTML, like Gecko) Cypress/15.8.1 Chrome/138.0.7204.251 Electron/37.6.0 Safari/537.36"
[2026-06-26T16:03:33.707Z]  "GET /examples/pipeline.js" "Mozilla/5.0 (X11; Linux x86_64) AppleWebKit/537.36 (KHTML, like Gecko) Cypress/15.8.1 Chrome/138.0.7204.251 Electron/37.6.0 Safari/537.36"
[2026-06-26T16:03:34.641Z]  "GET /examples/index.html" "Mozilla/5.0 (X11; Linux x86_64) AppleWebKit/537.36 (KHTML, like Gecko) Cypress/15.8.1 Chrome/138.0.7204.251 Electron/37.6.0 Safari/537.36"
[2026-06-26T16:03:34.689Z]  "GET /examples/styles.css" "Mozilla/5.0 (X11; Linux x86_64) AppleWebKit/537.36 (KHTML, like Gecko) Cypress/15.8.1 Chrome/138.0.7204.251 Electron/37.6.0 Safari/537.36"
[2026-06-26T16:03:34.695Z]  "GET /dist/audio-recorder-visualization.umd.js" "Mozilla/5.0 (X11; Linux x86_64) AppleWebKit/537.36 (KHTML, like Gecko) Cypress/15.8.1 Chrome/138.0.7204.251 Electron/37.6.0 Safari/537.36"
[2026-06-26T16:03:34.695Z]  "GET /examples/app-core.js" "Mozilla/5.0 (X11; Linux x86_64) AppleWebKit/537.36 (KHTML, like Gecko) Cypress/15.8.1 Chrome/138.0.7204.251 Electron/37.6.0 Safari/537.36"
[2026-06-26T16:03:34.696Z]  "GET /examples/app-features.js" "Mozilla/5.0 (X11; Linux x86_64) AppleWebKit/537.36 (KHTML, like Gecko) Cypress/15.8.1 Chrome/138.0.7204.251 Electron/37.6.0 Safari/537.36"
[2026-06-26T16:03:34.697Z]  "GET /examples/app-interactions.js" "Mozilla/5.0 (X11; Linux x86_64) AppleWebKit/537.36 (KHTML, like Gecko) Cypress/15.8.1 Chrome/138.0.7204.251 Electron/37.6.0 Safari/537.36"
[2026-06-26T16:03:34.699Z]  "GET /examples/youtube-upload.js" "Mozilla/5.0 (X11; Linux x86_64) AppleWebKit/537.36 (KHTML, like Gecko) Cypress/15.8.1 Chrome/138.0.7204.251 Electron/37.6.0 Safari/537.36"
[2026-06-26T16:03:34.745Z]  "GET /examples/pipeline.js" "Mozilla/5.0 (X11; Linux x86_64) AppleWebKit/537.36 (KHTML, like Gecko) Cypress/15.8.1 Chrome/138.0.7204.251 Electron/37.6.0 Safari/537.36"
[2026-06-26T16:03:37.555Z]  "GET /examples/index.html" "Mozilla/5.0 (X11; Linux x86_64) AppleWebKit/537.36 (KHTML, like Gecko) Cypress/15.8.1 Chrome/138.0.7204.251 Electron/37.6.0 Safari/537.36"
[2026-06-26T16:03:37.598Z]  "GET /examples/styles.css" "Mozilla/5.0 (X11; Linux x86_64) AppleWebKit/537.36 (KHTML, like Gecko) Cypress/15.8.1 Chrome/138.0.7204.251 Electron/37.6.0 Safari/537.36"
[2026-06-26T16:03:37.600Z]  "GET /dist/audio-recorder-visualization.umd.js" "Mozilla/5.0 (X11; Linux x86_64) AppleWebKit/537.36 (KHTML, like Gecko) Cypress/15.8.1 Chrome/138.0.7204.251 Electron/37.6.0 Safari/537.36"
[2026-06-26T16:03:37.601Z]  "GET /examples/app-core.js" "Mozilla/5.0 (X11; Linux x86_64) AppleWebKit/537.36 (KHTML, like Gecko) Cypress/15.8.1 Chrome/138.0.7204.251 Electron/37.6.0 Safari/537.36"
[2026-06-26T16:03:37.602Z]  "GET /examples/app-features.js" "Mozilla/5.0 (X11; Linux x86_64) AppleWebKit/537.36 (KHTML, like Gecko) Cypress/15.8.1 Chrome/138.0.7204.251 Electron/37.6.0 Safari/537.36"
[2026-06-26T16:03:37.604Z]  "GET /examples/app-interactions.js" "Mozilla/5.0 (X11; Linux x86_64) AppleWebKit/537.36 (KHTML, like Gecko) Cypress/15.8.1 Chrome/138.0.7204.251 Electron/37.6.0 Safari/537.36"
[2026-06-26T16:03:37.608Z]  "GET /examples/youtube-upload.js" "Mozilla/5.0 (X11; Linux x86_64) AppleWebKit/537.36 (KHTML, like Gecko) Cypress/15.8.1 Chrome/138.0.7204.251 Electron/37.6.0 Safari/537.36"
[2026-06-26T16:03:37.649Z]  "GET /examples/pipeline.js" "Mozilla/5.0 (X11; Linux x86_64) AppleWebKit/537.36 (KHTML, like Gecko) Cypress/15.8.1 Chrome/138.0.7204.251 Electron/37.6.0 Safari/537.36"
[2026-06-26T16:03:38.447Z]  "GET /examples/index.html" "Mozilla/5.0 (X11; Linux x86_64) AppleWebKit/537.36 (KHTML, like Gecko) Cypress/15.8.1 Chrome/138.0.7204.251 Electron/37.6.0 Safari/537.36"
[2026-06-26T16:03:38.482Z]  "GET /examples/styles.css" "Mozilla/5.0 (X11; Linux x86_64) AppleWebKit/537.36 (KHTML, like Gecko) Cypress/15.8.1 Chrome/138.0.7204.251 Electron/37.6.0 Safari/537.36"
[2026-06-26T16:03:38.484Z]  "GET /dist/audio-recorder-visualization.umd.js" "Mozilla/5.0 (X11; Linux x86_64) AppleWebKit/537.36 (KHTML, like Gecko) Cypress/15.8.1 Chrome/138.0.7204.251 Electron/37.6.0 Safari/537.36"
[2026-06-26T16:03:38.485Z]  "GET /examples/app-core.js" "Mozilla/5.0 (X11; Linux x86_64) AppleWebKit/537.36 (KHTML, like Gecko) Cypress/15.8.1 Chrome/138.0.7204.251 Electron/37.6.0 Safari/537.36"
[2026-06-26T16:03:38.486Z]  "GET /examples/app-features.js" "Mozilla/5.0 (X11; Linux x86_64) AppleWebKit/537.36 (KHTML, like Gecko) Cypress/15.8.1 Chrome/138.0.7204.251 Electron/37.6.0 Safari/537.36"
[2026-06-26T16:03:38.489Z]  "GET /examples/app-interactions.js" "Mozilla/5.0 (X11; Linux x86_64) AppleWebKit/537.36 (KHTML, like Gecko) Cypress/15.8.1 Chrome/138.0.7204.251 Electron/37.6.0 Safari/537.36"
[2026-06-26T16:03:38.490Z]  "GET /examples/youtube-upload.js" "Mozilla/5.0 (X11; Linux x86_64) AppleWebKit/537.36 (KHTML, like Gecko) Cypress/15.8.1 Chrome/138.0.7204.251 Electron/37.6.0 Safari/537.36"
[2026-06-26T16:03:38.519Z]  "GET /examples/pipeline.js" "Mozilla/5.0 (X11; Linux x86_64) AppleWebKit/537.36 (KHTML, like Gecko) Cypress/15.8.1 Chrome/138.0.7204.251 Electron/37.6.0 Safari/537.36"
[2026-06-26T16:03:38.627Z]  "GET /examples/index.html" "Mozilla/5.0 (X11; Linux x86_64) AppleWebKit/537.36 (KHTML, like Gecko) Cypress/15.8.1 Chrome/138.0.7204.251 Electron/37.6.0 Safari/537.36"
[2026-06-26T16:03:38.695Z]  "GET /examples/styles.css" "Mozilla/5.0 (X11; Linux x86_64) AppleWebKit/537.36 (KHTML, like Gecko) Cypress/15.8.1 Chrome/138.0.7204.251 Electron/37.6.0 Safari/537.36"
[2026-06-26T16:03:38.698Z]  "GET /dist/audio-recorder-visualization.umd.js" "Mozilla/5.0 (X11; Linux x86_64) AppleWebKit/537.36 (KHTML, like Gecko) Cypress/15.8.1 Chrome/138.0.7204.251 Electron/37.6.0 Safari/537.36"
[2026-06-26T16:03:38.699Z]  "GET /examples/app-core.js" "Mozilla/5.0 (X11; Linux x86_64) AppleWebKit/537.36 (KHTML, like Gecko) Cypress/15.8.1 Chrome/138.0.7204.251 Electron/37.6.0 Safari/537.36"
[2026-06-26T16:03:38.700Z]  "GET /examples/app-features.js" "Mozilla/5.0 (X11; Linux x86_64) AppleWebKit/537.36 (KHTML, like Gecko) Cypress/15.8.1 Chrome/138.0.7204.251 Electron/37.6.0 Safari/537.36"
[2026-06-26T16:03:38.702Z]  "GET /examples/app-interactions.js" "Mozilla/5.0 (X11; Linux x86_64) AppleWebKit/537.36 (KHTML, like Gecko) Cypress/15.8.1 Chrome/138.0.7204.251 Electron/37.6.0 Safari/537.36"
[2026-06-26T16:03:38.704Z]  "GET /examples/youtube-upload.js" "Mozilla/5.0 (X11; Linux x86_64) AppleWebKit/537.36 (KHTML, like Gecko) Cypress/15.8.1 Chrome/138.0.7204.251 Electron/37.6.0 Safari/537.36"
[2026-06-26T16:03:38.746Z]  "GET /examples/pipeline.js" "Mozilla/5.0 (X11; Linux x86_64) AppleWebKit/537.36 (KHTML, like Gecko) Cypress/15.8.1 Chrome/138.0.7204.251 Electron/37.6.0 Safari/537.36"
[2026-06-26T16:03:42.132Z]  "GET /examples/index.html" "Mozilla/5.0 (X11; Linux x86_64) AppleWebKit/537.36 (KHTML, like Gecko) Cypress/15.8.1 Chrome/138.0.7204.251 Electron/37.6.0 Safari/537.36"
[2026-06-26T16:03:42.169Z]  "GET /examples/styles.css" "Mozilla/5.0 (X11; Linux x86_64) AppleWebKit/537.36 (KHTML, like Gecko) Cypress/15.8.1 Chrome/138.0.7204.251 Electron/37.6.0 Safari/537.36"
[2026-06-26T16:03:42.171Z]  "GET /dist/audio-recorder-visualization.umd.js" "Mozilla/5.0 (X11; Linux x86_64) AppleWebKit/537.36 (KHTML, like Gecko) Cypress/15.8.1 Chrome/138.0.7204.251 Electron/37.6.0 Safari/537.36"
[2026-06-26T16:03:42.172Z]  "GET /examples/app-core.js" "Mozilla/5.0 (X11; Linux x86_64) AppleWebKit/537.36 (KHTML, like Gecko) Cypress/15.8.1 Chrome/138.0.7204.251 Electron/37.6.0 Safari/537.36"
[2026-06-26T16:03:42.173Z]  "GET /examples/app-features.js" "Mozilla/5.0 (X11; Linux x86_64) AppleWebKit/537.36 (KHTML, like Gecko) Cypress/15.8.1 Chrome/138.0.7204.251 Electron/37.6.0 Safari/537.36"
[2026-06-26T16:03:42.174Z]  "GET /examples/app-interactions.js" "Mozilla/5.0 (X11; Linux x86_64) AppleWebKit/537.36 (KHTML, like Gecko) Cypress/15.8.1 Chrome/138.0.7204.251 Electron/37.6.0 Safari/537.36"
[2026-06-26T16:03:42.175Z]  "GET /examples/youtube-upload.js" "Mozilla/5.0 (X11; Linux x86_64) AppleWebKit/537.36 (KHTML, like Gecko) Cypress/15.8.1 Chrome/138.0.7204.251 Electron/37.6.0 Safari/537.36"
[2026-06-26T16:03:42.203Z]  "GET /examples/pipeline.js" "Mozilla/5.0 (X11; Linux x86_64) AppleWebKit/537.36 (KHTML, like Gecko) Cypress/15.8.1 Chrome/138.0.7204.251 Electron/37.6.0 Safari/537.36"
[2026-06-26T16:03:43.175Z]  "GET /examples/index.html" "Mozilla/5.0 (X11; Linux x86_64) AppleWebKit/537.36 (KHTML, like Gecko) Cypress/15.8.1 Chrome/138.0.7204.251 Electron/37.6.0 Safari/537.36"
[2026-06-26T16:03:43.215Z]  "GET /examples/styles.css" "Mozilla/5.0 (X11; Linux x86_64) AppleWebKit/537.36 (KHTML, like Gecko) Cypress/15.8.1 Chrome/138.0.7204.251 Electron/37.6.0 Safari/537.36"
[2026-06-26T16:03:43.216Z]  "GET /dist/audio-recorder-visualization.umd.js" "Mozilla/5.0 (X11; Linux x86_64) AppleWebKit/537.36 (KHTML, like Gecko) Cypress/15.8.1 Chrome/138.0.7204.251 Electron/37.6.0 Safari/537.36"
[2026-06-26T16:03:43.218Z]  "GET /examples/app-core.js" "Mozilla/5.0 (X11; Linux x86_64) AppleWebKit/537.36 (KHTML, like Gecko) Cypress/15.8.1 Chrome/138.0.7204.251 Electron/37.6.0 Safari/537.36"
[2026-06-26T16:03:43.226Z]  "GET /examples/app-features.js" "Mozilla/5.0 (X11; Linux x86_64) AppleWebKit/537.36 (KHTML, like Gecko) Cypress/15.8.1 Chrome/138.0.7204.251 Electron/37.6.0 Safari/537.36"
[2026-06-26T16:03:43.227Z]  "GET /examples/app-interactions.js" "Mozilla/5.0 (X11; Linux x86_64) AppleWebKit/537.36 (KHTML, like Gecko) Cypress/15.8.1 Chrome/138.0.7204.251 Electron/37.6.0 Safari/537.36"
[2026-06-26T16:03:43.228Z]  "GET /examples/youtube-upload.js" "Mozilla/5.0 (X11; Linux x86_64) AppleWebKit/537.36 (KHTML, like Gecko) Cypress/15.8.1 Chrome/138.0.7204.251 Electron/37.6.0 Safari/537.36"
[2026-06-26T16:03:43.257Z]  "GET /examples/pipeline.js" "Mozilla/5.0 (X11; Linux x86_64) AppleWebKit/537.36 (KHTML, like Gecko) Cypress/15.8.1 Chrome/138.0.7204.251 Electron/37.6.0 Safari/537.36"
[2026-06-26T16:03:44.088Z]  "GET /examples/index.html" "Mozilla/5.0 (X11; Linux x86_64) AppleWebKit/537.36 (KHTML, like Gecko) Cypress/15.8.1 Chrome/138.0.7204.251 Electron/37.6.0 Safari/537.36"
[2026-06-26T16:03:44.135Z]  "GET /examples/styles.css" "Mozilla/5.0 (X11; Linux x86_64) AppleWebKit/537.36 (KHTML, like Gecko) Cypress/15.8.1 Chrome/138.0.7204.251 Electron/37.6.0 Safari/537.36"
[2026-06-26T16:03:44.138Z]  "GET /dist/audio-recorder-visualization.umd.js" "Mozilla/5.0 (X11; Linux x86_64) AppleWebKit/537.36 (KHTML, like Gecko) Cypress/15.8.1 Chrome/138.0.7204.251 Electron/37.6.0 Safari/537.36"
[2026-06-26T16:03:44.143Z]  "GET /examples/app-core.js" "Mozilla/5.0 (X11; Linux x86_64) AppleWebKit/537.36 (KHTML, like Gecko) Cypress/15.8.1 Chrome/138.0.7204.251 Electron/37.6.0 Safari/537.36"
[2026-06-26T16:03:44.153Z]  "GET /examples/app-features.js" "Mozilla/5.0 (X11; Linux x86_64) AppleWebKit/537.36 (KHTML, like Gecko) Cypress/15.8.1 Chrome/138.0.7204.251 Electron/37.6.0 Safari/537.36"
[2026-06-26T16:03:44.160Z]  "GET /examples/app-interactions.js" "Mozilla/5.0 (X11; Linux x86_64) AppleWebKit/537.36 (KHTML, like Gecko) Cypress/15.8.1 Chrome/138.0.7204.251 Electron/37.6.0 Safari/537.36"
[2026-06-26T16:03:44.164Z]  "GET /examples/youtube-upload.js" "Mozilla/5.0 (X11; Linux x86_64) AppleWebKit/537.36 (KHTML, like Gecko) Cypress/15.8.1 Chrome/138.0.7204.251 Electron/37.6.0 Safari/537.36"
[2026-06-26T16:03:44.173Z]  "GET /examples/pipeline.js" "Mozilla/5.0 (X11; Linux x86_64) AppleWebKit/537.36 (KHTML, like Gecko) Cypress/15.8.1 Chrome/138.0.7204.251 Electron/37.6.0 Safari/537.36"
http-server stopped.
